#obj Created by Jmol 16.1.39  2023-09-15 17:39

mtllib 962.mol.mtl

g O1_Atom
usemtl kff0d0d
# Number of vertices: 642
v 0 0 0.3495
v 0.3126023032544706 0 0.1563011516272353
v 0.09659941272118568 0.29730246124430587 0.1563011516272353
v -0.25290058998537923 0.18374300417987915 0.1563011516272353
v -0.2529005545559723 -0.1837430529442722 0.1563011516272353
v 0.0965994700471675 -0.2973024426179616 0.1563011516272353
v 0.25290057227067697 0.1837430285620765 -0.1563011516272353
v -0.09659944138417709 0.29730245193113514 -0.1563011516272353
v -0.3126023032544691 -3.0138052704951844e-8 -0.1563011516272353
v -0.09659938405819327 -0.29730247055747394 -0.1563011516272353
v 0.25290060770007916 -0.18374297979767998 -0.1563011516272353
v 0 0 -0.3495
v 0.1837430236856372 0 0.29730245751903794
v 0.24052273630148374 0.1747500039611279 0.18374302554827135
v 0.05677971017762687 0.17475000218965756 0.29730245751903794
v -0.0918715278431618 0.2827514331248039 0.18374302554827135
v -0.14865123708947145 0.10800142806884722 0.29730245751903794
v -0.29730245636786534 -2.866299136874972e-8 0.18374302554827135
v -0.14865121626458858 -0.1080014567318383 0.29730245751903794
v -0.09187147332291168 -0.2827514508395047 0.1837430255482713
v 0.05677974387299355 -0.17474999124136711 0.29730245751903794
v 0.24052275780575175 -0.1747499841554869 0.18374301623510145
v 0.332394251403912 0.10800144273866397 0
v 0.20543093749818184 0.282751445475736 0
v -1.6847683685670515e-8 0.34949999999999953 0
v -0.20543096475830627 0.2827514256700955 0
v -0.3323942618163519 0.10800141069246492 0
v -0.3323942409914691 -0.10800147478486208 0
v -0.20543091023805538 -0.28275146528137396 0
v 5.0543051068415246e-8 -0.3494999999999963 0
v 0.2054309920184288 -0.2827514058644523 0
v 0.3323942618163519 -0.10800141069246486 0
v 0.2973024621237208 2.8662991945801876e-8 -0.18374301623510145
v 0.09187150058303716 0.28275144198215557 -0.18374302554827135
v -0.24052275314916666 0.17474998077228035 -0.18374302554827135
v -0.24052271945379852 -0.17475002714997395 -0.18374302554827138
v 0.09187155510328567 -0.28275142426744954 -0.18374302554827135
v 0.1486512266770307 0.10800144240034323 -0.29730245751903794
v 0.1486512475019108 -0.10800141373735012 -0.29730245751903794
v -0.0567797270253105 0.17474999671551314 -0.29730245751903794
v -0.18374302368563633 -1.7714702912783974e-8 -0.29730245751903794
v -0.05677969332994264 -0.1747500076638004 -0.29730245751903794
v 0.09550665185497877 0 0.3361974560454792
v 0.12645028471816225 0.09187151325139939 0.3126023041303337
v 0.029513174996178615 0.09083222473435874 0.3361974560454791
v 0.2875054499951959 0.09083222586675882 0.17674946383836646
v 0.22304970995145343 0.09187151397446766 0.2529005769281907
v 0.2579922730618478 0 0.23577581945649334
v 0.07972398733124772 0.2453652355237516 0.23577581945649334
v 0.1563011459068395 0.18374302701761822 0.2529005769281906
v 0.1752306408618212 0.24536523701617843 0.17674946383836646
v -0.048299720150775265 0.148651224299577 0.3126023041303337
v -0.07726650875630398 0.05613739549676417 0.3361974560454791
v 0.0024574780965854882 0.30150263321280424 0.17674946383836646
v -0.01844886033745561 0.2405227385126765 0.2529005769281907
v -0.20872014502048383 0.15164403721296538 0.23577581945649334
v -0.12645030076566635 0.20543093638899868 0.2529005769281906
v -0.17920697092590038 0.2424762640020946 0.17674946383836646
v -0.15630114987550836 -1.506902621544949e-8 0.3126023041303337
v -0.07726649793186668 -0.05613741039532334 0.3361974560454792
v -0.28598664518516165 0.09550662704015062 0.17674946383836646
v -0.23445173134041705 0.05677969585044641 0.2529005769281906
v -0.20872011578041394 -0.15164407745846734 0.23577581945649334
v -0.23445172039212822 -0.056779741057525264 0.2529005769281907
v -0.28598662676952896 -0.0955066821842122 0.17674946383836646
v -0.04829969148778376 -0.14865123361274626 0.3126023041303337
v 0.02951319251048523 -0.09083221904361444 0.3361974560454791
v -0.1792069241715234 -0.24247629855685246 0.17674946383836643
v -0.12645026115438576 -0.20543096077119424 0.2529005769281906
v 0.0797240346426725 -0.2453652201513348 0.23577581945649334
v -0.018448813959761255 -0.24052274206998897 0.2529005769281906
v 0.0024575362324479864 -0.3015026327389468 0.17674946383836643
v 0.12645030066139445 -0.09187150620849407 0.31260229975101844
v 0.17523067979527204 -0.2453652141816284 0.17674945693860125
v 0.15630117450881736 -0.1837430103577109 0.25290057135532606
v 0.22304972066014142 -0.09187150331622161 0.25290057135532606
v 0.28750545782365505 -0.09083221451401495 0.1767494569386012
v 0.3352587771885213 0.05613740316231318 0.08124281066192442
v 0.30120028557006534 0.1486512327596048 0.09659942531692871
v 0.2382333059026355 0.24247628270503482 -0.08124281066192442
v 0.2827514355729161 0.2054309511282443 0
v 0.3042267830156753 0.15164405762074518 -0.08124281066192442
v 0.23445172124752828 0.24052274618528371 0.09659942531692871
v 0.15699049112285055 0.30150263914725 0.08124281066192442
v 0.05021080361406436 0.3361974582238547 0.08124281066192442
v -0.04829972943807172 0.33239424959624103 0.09659942531692871
v -0.15699052019078166 0.3015026240117629 -0.08124281066192442
v -0.10800145876176317 0.3323942461976909 0
v -0.05021083602693069 0.3361974533830192 -0.08124281066192443
v -0.15630117031597152 0.29730244732645034 0.09659942531692871
v -0.238233329279823 0.24247625973691136 0.08124281066192442
v -0.30422679763570887 0.15164402829017742 0.08124281066192443
v -0.3310511564672756 0.05677968677369138 0.09659942531692871
v -0.33525877177630115 -0.056137435484681 -0.08124281066192442
v -0.34949999999999837 -3.3695367337454895e-8 0
v -0.33525878260073844 0.05613737083994487 -0.08124281066192443
v -0.3310511455189868 -0.05677975060711136 0.09659942531692871
v -0.3042267683956389 -0.15164408695131165 0.08124281066192442
v -0.23823328252544573 -0.24247630567315612 0.08124281066192443
v -0.15630111298998756 -0.29730247746450117 0.0965994253169287
v -0.05021077120119749 -0.3361974630646871 -0.08124281066192442
v -0.10800139466936491 -0.33239426702257074 0
v -0.15699046205491782 -0.30150265428273443 -0.08124281066192442
v -0.04829966534567397 -0.33239425890940866 0.0965994253169287
v 0.050210868439796504 -0.33619744854218053 0.08124281066192442
v 0.1569905492587113 -0.3015026088762729 0.08124281066192442
v 0.2344517585587756 -0.24052271222194585 0.09659941932587683
v 0.3042268046532753 -0.15164401452495985 -0.08124281007702555
v 0.2827514652813739 -0.20543091023805546 0
v 0.23823335265700826 -0.24247623676878563 -0.08124281066192442
v 0.30120030104574924 -0.14865120485595507 0.09659942000251817
v 0.33525878018707966 -0.056137386101062114 0.08124281007702555
v 0.33105115026713033 0.05677973311590389 -0.09659941932587683
v 0.28598663563772747 0.09550666839819742 -0.1767494569386012
v 0.34949999999999953 1.68476836904398e-8 0
v 0.28598665405335755 -0.09550661325413409 -0.1767494569386012
v 0.3310511580601584 -0.05677968652788678 -0.09659942000251816
v 0.04829969739187308 0.3323942542528264 -0.09659942531692871
v -0.0024575071645167776 0.3015026329758769 -0.17674946383836646
v 0.10800142671556456 0.33239425661013233 0
v 0.17920694754871272 0.24247628127947463 -0.17674946383836646
v 0.15630114165298029 0.29730246239547714 -0.09659942531692871
v -0.30120029990156005 0.14865120372082227 -0.09659942531692871
v -0.28750545875234823 0.0908321981482985 -0.17674946383836646
v -0.2827514553785552 0.2054309238681189 0
v -0.17523066451753366 0.24536522012215498 -0.17674946383836646
v -0.23445174443637493 0.24052272358174362 -0.09659942531692871
v -0.23445169805867935 -0.2405227687888216 -0.09659942531692871
v -0.175230617206107 -0.2453652539101997 -0.17674946383836646
v -0.2827514157672742 -0.2054309783883678 0
v -0.28750544123804084 -0.09083225358521835 -0.17674946383836646
v -0.3012002712385678 -0.148651261798386 -0.09659942531692871
v 0.15630119897896133 -0.29730243225742076 -0.09659942531692871
v 0.17920699430308643 -0.24247624672471227 -0.17674946383836646
v 0.10800149080796076 -0.33239423578524635 0
v -0.0024574490286540774 -0.30150263344972883 -0.17674946383836646
v 0.048299761484269975 -0.3323942449396526 -0.09659942531692871
v 0.0772665033440857 0.05613740294604401 -0.3361974560454792
v 0.15630115863413874 1.5069027075321743e-8 -0.3126022997510184
v 0.07726651416852155 -0.056137388047483784 -0.3361974560454792
v 0.2344517282650242 0.056779733371097214 -0.252900571355326
v 0.20872013040044984 0.15164405733571704 -0.23577581945649334
v 0.20872015964051593 -0.15164401709021222 -0.23577581945649334
v 0.23445173921331153 -0.056779688164016816 -0.25290057135532606
v -0.029513183753332076 0.09083222188898703 -0.3361974560454791
v 0.04829970581927973 0.14865122895616228 -0.3126023041303337
v 0.018448837148608496 0.24052274029133383 -0.2529005769281906
v -0.07972401098696053 0.24536522783754436 -0.23577581945649334
v 0.12645028096002667 0.20543094858009742 -0.2529005769281907
v -0.09550665185497832 -9.207816056734933e-9 -0.3361974560454792
v -0.12645029357551327 0.09187150106030087 -0.3126023041303337
v -0.22304971880880406 0.09187149247019856 -0.2529005769281906
v -0.2579922730618466 -2.487308840037186e-8 -0.23577581945649334
v -0.15630116362154203 0.18374301194859158 -0.2529005769281906
v -0.029513166239024852 -0.09083222757972967 -0.3361974560454791
v -0.12645027586081 -0.09187152544249712 -0.3126023041303337
v -0.1563011281921354 -0.18374304208664324 -0.2529005769281906
v -0.0797239636755341 -0.24536524320995662 -0.23577581945649334
v -0.2230497010941007 -0.09187153547873594 -0.2529005769281906
v 0.048299734482270394 -0.14865121964299027 -0.3126023041303337
v 0.12645032057130492 -0.20543092419789802 -0.2529005769281906
v 0.018448883526302622 -0.24052273673401695 -0.2529005769281906
v 0.04821430862360798 0 0.3461583892439232
v 0.06333221973527582 0.04601355289644691 0.34062007118378773
v 0.01489903896839545 0.04585453296971579 0.3461583892439232
v 0.1570299536130589 0.046508351641966206 0.3087536508218611
v 0.11212656309608843 0.046410971363905144 0.3277558627779489
v 0.14097269434176884 0 0.31980767572092794
v 0.04356295312402927 0.1340730012533896 0.31980767572092794
v 0.07878846670142979 0.09229692264382387 0.3277558627779489
v 0.09275698997849292 0.13497249317658017 0.3087536508218612
v 0.3029504215377479 0.04585453356757112 0.16813284581366392
v 0.27633682203298704 0.0460135534453511 0.20897598830497496
v 0.2880513814183894 0 0.19793092649446556
v 0.23467546758427257 0.13497249436482867 0.22104320998175744
v 0.2579184784239832 0.09229692358244801 0.21704742888288972
v 0.26656273103647077 0.1340730027959159 0.18198623668746067
v 0.22299977555138256 0 0.2691121515354388
v 0.24300923018890166 0.04641097175629884 0.24686592665581336
v 0.20593172814261893 0.046508351982312464 0.27853069227660315
v 0.08901276154671049 0.27395314675847565 0.19793092649446556
v 0.1291542544350951 0.24859297028128863 0.208975988304975
v 0.13722707109457985 0.27395314766835915 0.16813284581366394
v 0.10786846789335555 0.18148084497890216 0.27853069227660315
v 0.11923343067508219 0.2167737374909999 0.24686592665581336
v 0.06891071220829753 0.2120853923279776 0.2691121515354388
v 0.20988340874670336 0.2120853940968113 0.18198623668746067
v 0.16748077524374175 0.2167737381213005 0.21704742888288972
v 0.20088517093406633 0.1814808458756781 0.22104320998175742
v 0.14327915667983648 0.13966266699749763 0.28655832339728143
v 0.17710278029426882 0.0931084448574832 0.28655832339728143
v 0.19222916263579265 0.13966266744089856 0.2563055566226275
v -0.024190760001522323 0.07445148915434886 0.34062007118378773
v -0.039006197234323275 0.028339656549958226 0.3461583892439232
v 0.004292847087540199 0.16371623184050876 0.3087536508218611
v -0.00949044789118476 0.12098047699322 0.3277558627779489
v -0.1140493118562843 0.08286166191361233 0.31980767572092794
v -0.06343261853250519 0.10345359984452934 0.3277558627779489
v -0.09970298791624312 0.1299259300707357 0.3087536508218611
v 0.05000656409946013 0.30229280458781227 0.16813284581366392
v 0.04163127365421913 0.277030906878432 0.208975988304975
v -0.05584777285541874 0.26489842503882544 0.22104320998175744
v -0.008078408170221051 0.27381636718202623 0.21704742888288972
v -0.045138600385409226 0.2949470569637572 0.18198623668746067
v 0.030954515336090477 0.2454572920829086 0.24686592665581336
v 0.01940432435502574 0.21022458385317624 0.27853069227660315
v -0.23303847587940754 0.16931233592637376 0.19793092649446561
v -0.1965151124743301 0.19965244020837897 0.208975988304975
v -0.21813943749075035 0.21516687005628377 0.16813284581366394
v -0.13926535658265057 0.15866966917411582 0.27853069227660315
v -0.16931892618260558 0.18038449349302704 0.24686592665581336
v -0.18041061827251667 0.13107596541889463 0.2691121515354388
v -0.1368476661519502 0.26514896930800974 0.18198623668746067
v -0.15440967914642714 0.22627044570872337 0.21704742888288972
v -0.11052161884676627 0.24713381211086996 0.22104320998175742
v -0.08855140209669943 0.1794247097766852 0.28655832339728143
v -0.03382363194693685 0.19720684372926106 0.28655832339728143
v -0.07342502059857432 0.22597893263413735 0.2563055566226275
v -0.07828292985543732 -7.547273474533762e-9 0.34062007118378773
v -0.039006191769858235 -0.028339664071148803 0.3461583892439232
v -0.15437682851934734 0.05467383213640909 0.3087536508218611
v -0.1179919817651452 0.028359066518768915 0.3277558627779489
v -0.1140492958788622 -0.08286168390464632 0.31980767572092794
v -0.11799197629693606 -0.028359089270031165 0.3277558627779489
v -0.1543768179771135 -0.05467386190341208 0.3087536508218611
v -0.27204466893182505 0.1409726720480689 0.16813284581366394
v -0.2506072829735206 0.12520094261861095 0.208975988304975
v -0.2691912853082898 0.028743716444322567 0.22104320998175742
v -0.2629112086555972 0.07693087792674644 0.21704742888288972
v -0.29445991696818996 0.048214281654113705 0.18198623668746067
v -0.22387828987653197 0.10528995953236028 0.24686592665581336
v -0.1939391975858558 0.0834175706890974 0.27853069227660315
v -0.23303844323252845 -0.16931238086094605 0.19793092649446561
v -0.25060725883221835 -0.1252009909408087 0.20897598830497496
v -0.272044641749411 -0.140972724503832 0.16813284581366394
v -0.19393918150124165 -0.08341760808453223 0.27853069227660315
v -0.22387826957447424 -0.1052900027006629 0.24686592665581336
v -0.18041059299839138 -0.1310760002057423 0.2691121515354388
v -0.2944599076714867 -0.04821433843199593 0.18198623668746067
v -0.2629111938217485 -0.07693092862139314 0.21704742888288972
v -0.26919127976590945 -0.02874376834989713 0.22104320998175744
v -0.19800692643152268 -0.02877211109530535 0.28655832339728143
v -0.1980069319793694 0.02877207291552728 0.28655832339728143
v -0.2376083156044092 -2.290786689868468e-8 0.25630555662262755
v -0.024190745645754914 -0.07445149381881982 0.34062007118378773
v 0.014899047810085197 -0.045854530096876074 0.3461583892439232
v -0.0997029628638696 -0.12992594929550466 0.3087536508218611
v -0.06343259858453805 -0.10345361207563121 0.3277558627779489
v 0.04356297897604004 -0.13407299285356045 0.31980767572092794
v -0.009490424563678932 -0.12098047882316983 0.3277558627779489
v 0.004292878655371705 -0.16371623101275717 0.3087536508218611
v -0.2181393960021813 -0.21516691211801647 0.16813284581366392
v -0.19651507397726023 -0.1996524781005006 0.20897598830497496
v -0.11052157119432024 -0.24713383342168974 0.22104320998175742
v -0.15440963551686324 -0.2262704754820575 0.2170474288828897
v -0.1368476150258136 -0.2651489956950285 0.18198623668746064
v -0.1693188914007897 -0.1803845261411692 0.2468659266558133
v -0.13926532598789668 -0.1586696960273166 0.27853069227660315
v 0.08901281437046797 -0.273953129594993 0.19793092649446556
v 0.04163132707143248 -0.27703089885106746 0.20897598830497496
v 0.0500066223876829 -0.3022927949455203 0.16813284581366392
v 0.019404364890616657 -0.21022458011162254 0.27853069227660315
v 0.030954562665266562 -0.2454572861142416 0.2468659266558133
v 0.06891075310268938 -0.2120853790405816 0.2691121515354388
v -0.045138543513594746 -0.29494706566739537 0.18198623668746064
v -0.008078355372835631 -0.2738163687397032 0.21704742888288964
v -0.055847721777593715 -0.26489843580741124 0.22104320998175742
v -0.03382359392143097 -0.19720685025114412 0.2865583233972814
v -0.08855136749995095 -0.1794247268511999 0.28655832339728143
v -0.0734249770252216 -0.22597894679197605 0.2563055566226275
v 0.06333222838506708 -0.04601354985194458 0.3406200699867879
v 0.09275701479045405 -0.13497248360799444 0.30875364755068585
v 0.07878848359497047 -0.09229691620142014 0.3277558605311476
v 0.11212657113837293 -0.046410967801138306 0.3277558605311476
v 0.15702996114787154 -0.04650834791781785 0.30875364755068585
v 0.1372271192970303 -0.27395312595545934 0.16813284185033808
v 0.12915429801819725 -0.24859295072131507 0.20897598463722208
v 0.200885196168482 -0.18148082729728615 0.2210432023018194
v 0.16748080933143975 -0.21677371813179414 0.2170474225440223
v 0.20988343865790993 -0.21208537196524788 0.1819862279830366
v 0.11923346866354621 -0.21677372065299624 0.24686592309331776
v 0.1078684993599587 -0.18148083088438943 0.27853068927380725
v 0.27633682577062063 -0.04601354765632821 0.20897598463722203
v 0.30295042462462207 -0.04585452770545518 0.16813284185033806
v 0.2059317334294171 -0.046508346556433086 0.27853068927380725
v 0.24300923486307416 -0.046410966231563856 0.24686592309331776
v 0.26656274508318667 -0.13407298668345632 0.18198622798303654
v 0.25791848774324305 -0.09229691244692435 0.21704742254402226
v 0.23467548373848754 -0.13497247885500127 0.22104320230181945
v 0.1771027936379218 -0.09310843580272267 0.2865583180925201
v 0.14327917912147592 -0.13966265485899249 0.2865583180925201
v 0.19222918185032076 -0.13966265308538908 0.2563055500341469
v 0.327057576373275 0.028339660424733848 0.11991853644808277
v 0.31547828742071005 0.07445149359112221 0.130693057459633
v 0.3207461864104186 0.12992594174068994 0.04890177467094461
v 0.3215216807513419 0.1034536080529735 0.0898410250812729
v 0.33704908039916226 0.08286167320372602 0.04101354064157273
v 0.29739800808539985 0.12098048186416464 0.13808836951297157
v 0.27423783384540695 0.16371623697072432 0.14191847744365282
v 0.24793749882356966 0.21516689172189618 -0.11991853644808277
v 0.2747980253835934 0.19965246014871998 -0.08231154476646468
v 0.2812527686130091 0.16931235856743296 -0.11991853644808279
v 0.24713381406814258 0.24713382598125394 0
v 0.2631872173072128 0.22627046264441072 -0.041041642033065276
v 0.22397355937932803 0.2651489848801927 -0.04101354064157273
v 0.32138330094338635 0.13107598315013622 -0.04101354064157273
v 0.296525313836904 0.18038451117863555 -0.041041642033065276
v 0.31140677790922805 0.1586696841623904 0
v 0.16829571961360443 0.2770309107150177 0.130693057459633
v 0.1280189562973145 0.302292807464379 0.11991853644808277
v 0.24044753704601454 0.21022458868691088 0.14191847744365282
v 0.2069603047472527 0.24545729662035576 0.13808836951297157
v 0.18296001665894934 0.29494706607830334 0.04101354064157273
v 0.19774588092570913 0.27381637421684873 0.0898410250812729
v 0.2226829257944768 0.2648984352419691 0.04890177467094462
v 0.2714319347280294 0.19720685203516514 0.0979000118497401
v 0.29590693842242044 0.17942472158331646 0.04895000590622231
v 0.26208331465757534 0.22597894393035634 0.04895000590622231
v 0.0741137181887995 0.31980767875768873 0.11991853644808277
v 0.026680561583646706 0.32304445880626753 0.130693057459633
v -0.024450904358702043 0.3451970737275647 0.04890177467094461
v 0.000965422313954393 0.3377542126637384 0.08984102508127291
v 0.025347746180985162 0.34615839040471974 0.04101354064157273
v -0.023158249379068463 0.32022733751343885 0.13808836951297157
v -0.07095925484464177 0.3114067756359334 0.14191847744365282
v -0.12801898544142606 0.30229279512204354 -0.11991853644808277
v -0.10496352581250316 0.3230444518130071 -0.08231154476646468
v -0.07411374902152368 0.3198076716123683 -0.11991853644808277
v -0.15866969917378618 0.3114067702605391 0
v -0.13386668744217836 0.32022733114537216 -0.041041642033065276
v -0.18296004509485614 0.2949470484390888 -0.04101354064157272
v -0.02534777955418715 0.34615838796093673 -0.041013540641572734
v -0.07992451658237058 0.33775420836505365 -0.04104164203306528
v -0.05467386383584743 0.3451970721388859 0
v -0.21146582488341734 0.24566599202622436 0.130693057459633
v -0.2479375195678531 0.2151668678181896 0.11991853644808277
v -0.12563310107737755 0.2936421626295461 0.14191847744365282
v -0.1694895206107714 0.27268141595712003 0.1380883695129716
v -0.22397358494239555 0.2651489632868542 0.04101354064157273
v -0.19930801970926618 0.2726814139099269 0.08984102508127291
v -0.18312058588967647 0.29364215885573 0.04890177467094461
v -0.1036777933443775 0.3190873749415061 0.09790001184974013
v -0.07920279091133146 0.33686950712944724 0.048950005906222324
v -0.13393056130446698 0.3190873730977946 0.04895000590622231
v -0.2812527849364473 0.16931233145179456 0.11991853644808279
v -0.2989887954801874 0.12520093813210711 0.130693057459633
v -0.3358576745662162 0.08341755731862296 0.04890177467094462
v -0.32092501701863735 0.1052899504413095 0.0898410250812729
v -0.32138331358044747 0.1310759521655051 0.04101354064157273
v -0.3117105916228775 0.07693087335631046 0.13808836951297157
v -0.31809305995066955 0.028743711856597666 0.14191847744365282
v -0.32705757364104093 -0.028339691956422313 -0.11991853644808277
v -0.33966904421533206 -3.274756282417586e-8 -0.0823115447664647
v -0.327057579105506 0.028339628893045143 -0.11991853644808279
v -0.34519706950332624 -0.05467388047610794 0
v -0.34592137028828174 -0.02835911135961681 -0.041041642033065276
v -0.3370490724104496 -0.08286170569869723 -0.04101354064157272
v -0.33704908838787173 0.08286164070875407 -0.041013540641572734
v -0.34592137575649096 0.0283590446589145 -0.04104164203306528
v -0.3451970800455601 0.054673813915065095 0
v -0.2989887713388852 -0.12520099578324811 0.13069305745963303
v -0.28125275228956825 -0.16931238568306983 0.11991853644808277
v -0.3180930544082892 -0.028743773191432648 0.14191847744365282
v -0.3117105767890289 -0.07693093346047437 0.13808836951297157
v -0.3213832883063222 -0.13107601413476622 0.04101354064157273
v -0.32092499671657954 -0.10529001232220216 0.0898410250812729
v -0.33585765848160204 -0.08341762207883724 0.04890177467094461
v -0.33550832728833974 -3.234642728101001e-8 0.09790001184974013
v -0.34485694939969286 0.028772058885635443 0.04895000590622233
v -0.3448569438518462 -0.02877212538109465 0.048950005906222324
v -0.2479374780792839 -0.21516691562560084 0.11991853644808279
v -0.21146577751399512 -0.24566603280114774 0.13069305745963297
v -0.18312052926947034 -0.2936421941651118 0.04890177467094461
v -0.19930796713071927 -0.27268145234057667 0.0898410250812729
v -0.2239735338162584 -0.26514900647352874 0.041013540641572734
v -0.1694894680322247 -0.2726814486381545 0.13808836951297157
v -0.1256330444571718 -0.29364218685416726 0.1419184774436528
v -0.07411368735607454 -0.3198076859030062 -0.11991853644808277
v -0.10496346352293617 -0.3230444720521116 -0.08231154476646468
v -0.12801892715320162 -0.30229281980671174 -0.11991853644808277
v -0.05467379727480398 -0.34519708268111654 0
v -0.07992445145646271 -0.33775422377612574 -0.041041642033065276
v -0.02534771280778291 -0.3461583928484996 -0.04101354064157273
v -0.18295998822304066 -0.2949470837175151 -0.04101354064157273
v -0.13386662569580918 -0.32022735695759635 -0.041041642033065276
v -0.15866963912820076 -0.31140680085529043 0
v 0.026680623873212492 -0.32304445366170464 0.13069305745963297
v 0.07411377985424712 -0.319807664467045 0.11991853644808277
v -0.07095919479905703 -0.31140678931832055 0.1419184774436528
v -0.02315818763270023 -0.32022734197881614 0.13808836951297157
v 0.025347812927388875 -0.34615838551715045 0.04101354064157273
v 0.0009654874398615079 -0.3377542124775789 0.0898410250812729
v -0.024450837797658873 -0.3451970784421918 0.0489017746709446
v -0.10367773181781575 -0.3190873949326952 0.0979000118497401
v -0.13393049977790503 -0.319087398922335 0.04895000590622231
v -0.0792027259560121 -0.3368695224013559 0.04895000590622231
v 0.12801901458553636 -0.30229278277970517 0.11991853644808277
v 0.16829576828229564 -0.2770308829826193 0.1306930535726446
v 0.22268297166744205 -0.26489839726435876 0.04890177150299545
v 0.19774592853155593 -0.27381634092081103 0.08984102177697523
v 0.1829600735307613 -0.29494703079987167 0.04101354064157273
v 0.206960343214256 -0.24545726786863958 0.13808836296770358
v 0.24044756615614418 -0.21022456088658983 0.14191846930412946
v 0.28125279692556415 -0.1693123118951352 -0.11991853594116227
v 0.27479805892355164 -0.1996524142436414 -0.08231154413892174
v 0.24793754031213425 -0.21516684391448102 -0.11991853644808277
v 0.3114067970309472 -0.15866964663389932 0
v 0.29652533971220496 -0.1803844687127028 -0.04104164172882628
v 0.3213833165558831 -0.1310759449851156 -0.041013540273914094
v 0.2239736105054609 -0.2651489416935133 -0.04101354064157272
v 0.26318725541409294 -0.22627041833497236 -0.04104164195196873
v 0.24713385576402988 -0.24713378428536162 0
v 0.3154782924841059 -0.07445147909780313 0.13069305349352847
v 0.32705757730979323 -0.028339651761741115 0.11991853594116225
v 0.27423785227650826 -0.16371621264598715 0.14191846988895393
v 0.2973980192495474 -0.12098046178538793 0.13808836306018016
v 0.337049086574524 -0.08286164826672851 0.041013540273914094
v 0.32152168907598755 -0.10345358501358971 0.08984102181943368
v 0.3207461991774033 -0.12992591125503652 0.048901771929019594
v 0.2714319603275667 -0.19720681985018956 0.0979000057063794
v 0.26208334823135876 -0.22597890566579923 0.04895000279804037
v 0.29590696037732167 -0.1794246861524992 0.04895000305752089
v 0.29898878234134224 0.12520097356610024 -0.13069305357264457
v 0.27204465439228753 0.14097270483292157 -0.16813284185033808
v 0.3358576652286295 0.08341759677096117 -0.048901771502995434
v 0.32092500550857495 0.10528998834357524 -0.08984102177697524
v 0.29445991421320505 0.04821433133476121 -0.18198622798303654
v 0.31171058359273285 0.0769309176415934 -0.1380883629677036
v 0.31809305884707245 0.028743764257413918 -0.14191846930412946
v 0.3396690443674052 8.642844293797613e-9 0.08231154413892174
v 0.34519707872778155 -0.05467382223519551 0
v 0.34592137446330856 -0.028359060873345138 0.04104164172882629
v 0.3459213723388617 0.028359086464217625 0.04104164195196873
v 0.34519707345666545 0.05467385551571711 0
v 0.2720446815746978 -0.14097265237715598 -0.16813284185033806
v 0.29898880312825105 -0.1252009240080664 -0.13069305349352844
v 0.31809306333521303 -0.02874371170183495 -0.14191846988895393
v 0.3117105962697777 -0.07693086611042077 -0.13808836306018016
v 0.29445992350990696 -0.04821427455687768 -0.18198622798303654
v 0.3209250203622357 -0.10528994303321973 -0.08984102181943368
v 0.3358576750182144 -0.0834175571061729 -0.04890177192901959
v 0.3355083290809489 2.3607632202539247e-8 -0.09790000570637937
v 0.3448569457483457 0.02877210793797302 -0.04895000279804037
v 0.3448569491097949 -0.028772067206806362 -0.04895000305752089
v -0.026680592728429754 0.3230444562339876 -0.130693057459633
v -0.05000659324357179 0.3022927997666677 -0.16813284581366392
v 0.02445087107818058 0.3451970760848799 -0.04890177467094462
v -0.0009654548769079627 0.33775421257066024 -0.0898410250812729
v 0.045138571949502174 0.2949470613155777 -0.18198623668746067
v 0.023158218505884436 0.320227339746129 -0.13808836951297157
v 0.07095922482184973 0.3114067824771284 -0.14191847744365282
v 0.10496349466772023 0.3230444619325608 0.08231154476646468
v 0.15866966915099426 0.3114067855579162 0
v 0.1338666565689945 0.32022734405148573 0.04104164203306528
v 0.07992448401941706 0.33775421607059125 0.04104164203306528
v 0.054673830555325965 0.34519707741000283 0
v 0.21813941674646684 0.2151668910871511 -0.16813284581366392
v 0.21146580119870723 0.24566601241368718 -0.130693057459633
v 0.12563307276727526 0.29364217474185805 -0.14191847744365282
v 0.16948949432149882 0.2726814322976385 -0.13808836951297157
v 0.13684764058888255 0.26514898250152036 -0.18198623668746067
v 0.19930799341999372 0.272681433125253 -0.08984102508127291
v 0.18312055757957432 0.29364217651042224 -0.04890177467094461
v 0.10367776258109711 0.3190873849371021 -0.0979000118497401
v 0.07920275843367217 0.3368695147654031 -0.048950005906222324
v 0.13393053054118664 0.3190873860100663 -0.04895000590622233
v -0.31547829459859245 0.07445146317579494 -0.130693057459633
v -0.3029504259585916 0.04585450436005811 -0.16813284581366392
v -0.320746198936604 0.12992591081748314 -0.04890177467094462
v -0.32152169072532416 0.10345357705500129 -0.0898410250812729
v -0.2665627439624754 0.13407297709654725 -0.18198623668746067
v -0.2973980197491517 0.12098045319196063 -0.13808836951297157
v -0.27423784962932196 0.16371621053139732 -0.14191847744365282
v -0.2747980446321271 0.1996524336553846 0.0823115447664647
v -0.24713383789436474 0.2471338021550306 0
v -0.26318723912199365 0.2262704372704756 0.04104164203306528
v -0.29652533122781066 0.18038448259056783 0.041041642033065276
v -0.31140679320660364 0.15866965413959777 0
v -0.13722709750645887 0.27395313443826763 -0.16813284581366392
v -0.16829574632221106 0.2770308944895913 -0.130693057459633
v -0.2404475573138095 0.21022456550531307 -0.14191847744365282
v -0.20696032841184048 0.24545727666726883 -0.13808836951297157
v -0.2098834291938991 0.21208537386190746 -0.18198623668746067
v -0.19774590732440153 0.27381635515212616 -0.0898410250812729
v -0.22268295133338875 0.2648984137730609 -0.04890177467094462
v -0.27143195374078155 0.19720682586635527 -0.0979000118497401
v -0.2959069557207936 0.17942469305486652 -0.048950005906222324
v -0.2620833364442509 0.22597891866284867 -0.04895000590622231
v -0.16829569290499607 -0.2770309269404416 -0.130693057459633
v -0.13722704468269942 -0.2739531608984483 -0.16813284581366394
v -0.2226829002555627 -0.26489845671087486 -0.04890177467094462
v -0.19774585452701482 -0.27381639328156887 -0.08984102508127291
v -0.20988338829950554 -0.2120854143317133 -0.18198623668746067
v -0.20696028108266287 -0.24545731657344047 -0.1380883695129716
v -0.24044751677821727 -0.21022461186850672 -0.14191847744365288
v -0.27479800613505706 -0.19965248664205365 0.08231154476646471
v -0.31140676261184946 -0.1586697141851816 0
v -0.2965252964459945 -0.18038453976670166 0.041041642033065276
v -0.2631871954924293 -0.22627048801834385 0.041041642033065276
v -0.24713379024191806 -0.24713384980747502 0
v -0.3029504171169015 -0.04585456277508373 -0.16813284581366394
v -0.3154782802428247 -0.07445152400644886 -0.130693057459633
v -0.27423781806148934 -0.16371626341004994 -0.14191847744365288
v -0.29739799642164516 -0.12098051053636763 -0.1380883695129716
v -0.26656271811046356 -0.13407302849528338 -0.18198623668746067
v -0.3215216707773566 -0.10345363905094483 -0.0898410250812729
v -0.32074617388423016 -0.12992597266389555 -0.04890177467094461
v -0.27143191571527464 -0.19720687820397326 -0.0979000118497401
v -0.2620832928708974 -0.22597896919786192 -0.04895000590622233
v -0.2959069211240445 -0.17942475011176487 -0.048950005906222324
v 0.21146584856812553 -0.24566597163875922 -0.130693057459633
v 0.21813945823503186 -0.2151668490254144 -0.16813284581366392
v 0.183120614199777 -0.293642141201035 -0.04890177467094461
v 0.19930804599853688 -0.2726813946945981 -0.08984102508127291
v 0.13684769171501668 -0.2651489561144966 -0.18198623668746067
v 0.16948954690004242 -0.27268139961659893 -0.13808836951297157
v 0.1256331293874787 -0.29364215051723147 -0.14191847744365282
v 0.10496355695728515 -0.3230444416934503 0.08231154476646468
v 0.05467389711636837 -0.3451970668677658 0
v 0.07992454914532336 -0.3377542006595129 0.04104164203306528
v 0.13386671831536104 -0.32022731823925565 0.04104164203306528
v 0.15866972919657663 -0.3114067549631591 0
v -0.05000653495534791 -0.3022928094089541 -0.16813284581366394
v -0.026680530438863335 -0.3230444613785445 -0.130693057459633
v 0.07095928486743325 -0.31140676879473544 -0.14191847744365282
v 0.02315828025225235 -0.32022733528074576 -0.13808836951297157
v 0.045138628821315946 -0.29494705261193405 -0.18198623668746067
v -0.0009653897510007496 -0.3377542127568134 -0.0898410250812729
v 0.024450937639223316 -0.34519707137024636 -0.04890177467094461
v 0.10367782410765694 -0.31908736494590706 -0.0979000118497401
v 0.13393059206774607 -0.31908736018552 -0.04895000590622231
v 0.07920282338899005 -0.3368694994934882 -0.048950005906222324
v 0.03900619450209094 0.02833966031055364 -0.3461583892439232
v 0.07828293506375213 7.547273983647262e-9 -0.3406200699867879
v 0.03900619996655526 -0.02833965278936253 -0.3461583892439232
v 0.15437682715502302 0.054673854461661994 -0.30875364755068585
v 0.11799198344324409 0.02835908550387543 -0.3277558605311476
v 0.1140493038675738 0.0828616729091297 -0.31980767572092794
v 0.11404931984499377 -0.08286165091809414 -0.31980767572092794
v 0.1179919889114525 -0.028359062752611776 -0.3277558605311476
v 0.15437683769725538 -0.054673824694657217 -0.30875364755068585
v 0.2506072705239773 0.12520097366005417 -0.20897598463722203
v 0.2330384595559691 0.16931235839366066 -0.19793092649446561
v 0.26919128648968715 0.028743764440033397 -0.2210432023018194
v 0.26291120223281683 0.07693091776062154 -0.21704742254402226
v 0.18041060563545486 0.13107598281231905 -0.2691121515354388
v 0.22387828025963133 0.10528998833352624 -0.24686592309331776
v 0.19393919063140716 0.08341759688394583 -0.2785306892738073
v 0.23303849220284387 -0.1693123134590852 -0.19793092649446561
v 0.25060729466527626 -0.12520092533785412 -0.20897598463722208
v 0.19393920671601914 -0.08341755948850922 -0.2785306892738073
v 0.22387830056168628 -0.10528994516522154 -0.24686592309331776
v 0.18041063090957685 -0.1310759480254689 -0.2691121515354388
v 0.2629112170666634 -0.07693086706597321 -0.21704742254402226
v 0.26919129203206665 -0.028743712534457497 -0.2210432023018194
v 0.19800694022628 -0.028772068994294502 -0.2865583180925201
v 0.19800693467843405 0.028772107174074194 -0.2865583180925201
v 0.2376083227113329 2.290786759619664e-8 -0.25630555003414685
v -0.0148990433892404 0.04585453153329615 -0.3461583892439232
v 0.024190752823638726 0.07445149148658468 -0.34062007118378773
v -0.004292862871455989 0.16371623142663372 -0.3087536508218611
v 0.009490436227431879 0.12098047790819547 -0.3277558627779489
v -0.04356296605003488 0.13407299705347567 -0.31980767572092794
v 0.06343260855852192 0.10345360596008073 -0.3277558627779489
v 0.09970297539005685 0.12992593968312074 -0.3087536508218611
v -0.04163130036282602 0.277030902864751 -0.20897598830497496
v -0.08901278795858969 0.2739531381767356 -0.19793092649446556
v 0.05584774731650648 0.26489843042311956 -0.22104320998175742
v 0.008078381771528354 0.27381636796086595 -0.21704742888288972
v -0.0689107326554938 0.2120853856842806 -0.2691121515354388
v -0.0309545390006787 0.24545728909857623 -0.24686592665581336
v -0.019404344622821312 0.21022458198240032 -0.27853069227660315
v 0.19651509322579608 0.1996524591544407 -0.20897598830497496
v 0.13926534128527426 0.15866968260071693 -0.27853069227660315
v 0.16931890879169845 0.18038450981709894 -0.24686592665581336
v 0.15440965733164588 0.2262704605953915 -0.21704742888288972
v 0.11052159502054376 0.247133822766281 -0.22104320998175744
v 0.08855138479832558 0.17942471831394333 -0.28655832339728143
v 0.03382361293418406 0.19720684699020352 -0.28655832339728143
v 0.0734249988118983 0.22597893971305774 -0.2563055566226275
v -0.04821430862360775 -4.648351465434479e-9 -0.3461583892439232
v -0.06333222417145169 0.04601354679057429 -0.34062007118378773
v -0.15702995809693798 0.04650833650267569 -0.3087536508218611
v -0.11212656757057925 0.046410960553759796 -0.3277558627779489
v -0.14097269434176818 -1.3591206615559496e-8 -0.31980767572092794
v -0.07878847559979485 0.0922969150478111 -0.3277558627779489
v -0.09275700299121849 0.13497248423385896 -0.3087536508218611
v -0.27633682646916197 0.04601352680366073 -0.20897598830497496
v -0.28805138141838804 -2.777109325344503e-8 -0.19793092649446556
v -0.23467548059699758 0.1349724717397177 -0.22104320998175742
v -0.25791848732234746 0.09229689871647372 -0.21704742888288972
v -0.2229997755513815 -2.149945447871195e-8 -0.2691121515354388
v -0.24300923466339192 0.046410948327728484 -0.24686592665581336
v -0.20593173262649783 0.046508332128391755 -0.27853069227660315
v -0.12915427840199423 0.2485929578294991 -0.20897598830497496
v -0.10786848538996086 0.18148083457928 -0.27853069227660315
v -0.11923345157428256 0.21677372599567915 -0.24686592665581336
v -0.16748079614294192 0.21677372197444336 -0.21704742888288972
v -0.2008851884306713 0.18148082650829636 -0.22104320998175742
v -0.14327917014474245 0.13966265318392387 -0.28655832339728143
v -0.17710278927087242 0.09310842778296713 -0.28655832339728143
v -0.19222917610069845 0.1396626489080446 -0.2563055566226275
v -0.014899034547550346 -0.045854534406135024 -0.3461583892439232
v -0.06333221529909934 -0.04601355900231912 -0.34062007118378773
v -0.09275697696576643 -0.13497250211930015 -0.3087536508218612
v -0.07878845780306397 -0.09229693023983586 -0.3277558627779489
v -0.04356294019802321 -0.13407300545330234 -0.31980767572092794
v -0.11212655862159651 -0.04641098217405009 -0.3277558627779489
v -0.15702994912917836 -0.04650836678125631 -0.3087536508218612
v -0.12915423046819471 -0.24859298273307598 -0.208975988304975
v -0.08901273513483038 -0.27395315534021314 -0.19793092649446556
v -0.20088515343745939 -0.18148086524305826 -0.22104320998175744
v -0.16748075434453993 -0.21677375426815576 -0.21704742888288972
v -0.06891069176110055 -0.21208539897167267 -0.2691121515354388
v -0.11923340977588065 -0.21677374898631865 -0.24686592665581336
v -0.10786845039674912 -0.18148085537852268 -0.27853069227660315
v -0.27633681759680956 -0.04601358008704108 -0.208975988304975
v -0.20593172365873813 -0.04650837183623276 -0.27853069227660315
v -0.2430092257144091 -0.046410995184868784 -0.24686592665581336
v -0.2579184695256165 -0.09229694844842147 -0.21704742888288972
v -0.23467545457154534 -0.13497251698993848 -0.22104320998175744
v -0.1771027713176635 -0.0931084619319985 -0.28655832339728143
v -0.1432791432149291 -0.13966268081107017 -0.28655832339728143
v -0.19222914917088504 -0.13966268597375134 -0.25630555662262755
v 0.02419076717940572 -0.07445148682211233 -0.34062007118378773
v 0.09970300044242851 -0.12992592045834933 -0.3087536508218611
v 0.06343262850648791 -0.10345359372897696 -0.3277558627779489
v 0.00949045955493759 -0.12098047607824339 -0.3277558627779489
v -0.004292831303624315 -0.16371623225438228 -0.3087536508218611
v 0.19651513172286236 -0.1996524212623153 -0.20897598830497496
v 0.11052164267298784 -0.24713380145545663 -0.22104320998175742
v 0.15440970096120699 -0.22627043082205314 -0.21704742888288972
v 0.1693189435735112 -0.18038447716895342 -0.24686592665581336
v 0.13926537188002563 -0.15866965574751318 -0.27853069227660315
v -0.04163124694561174 -0.27703091089211046 -0.208975988304975
v -0.019404304087229922 -0.2102245857239502 -0.27853069227660315
v -0.030954491671501896 -0.2454572950672387 -0.24686592665581336
v 0.008078434568913759 -0.27381636640318396 -0.21704742888288972
v 0.05584779839433057 -0.26489841965452887 -0.22104320998175742
v 0.033823650959689394 -0.1972068404683168 -0.28655832339728143
v 0.08855141939507248 -0.17942470123942533 -0.28655832339728143
v 0.07342504238524973 -0.22597892555521487 -0.2563055566226275
# Number of normals: 642
vn 0 0 1
vn .894 0 .447
vn .276 .851 .447
vn -.724 .526 .447
vn -.724 -.526 .447
vn .276 -.851 .447
vn .724 .526 -.447
vn -.276 .851 -.447
vn -.894 0 -.447
vn -.276 -.851 -.447
vn .724 -.526 -.447
vn 0 0 -1
vn .526 0 .851
vn .688 .5 .526
vn .162 .5 .851
vn -.263 .809 .526
vn -.425 .309 .851
vn -.851 0 .526
vn -.425 -.309 .851
vn -.263 -.809 .526
vn .162 -.5 .851
vn .688 -.5 .526
vn .951 .309 0
vn .588 .809 0
vn 0 1 0
vn -.588 .809 0
vn -.951 .309 0
vn -.951 -.309 0
vn -.588 -.809 0
vn 0 -1 0
vn .588 -.809 0
vn .951 -.309 0
vn .851 0 -.526
vn .263 .809 -.526
vn -.688 .5 -.526
vn -.688 -.5 -.526
vn .263 -.809 -.526
vn .425 .309 -.851
vn .425 -.309 -.851
vn -.162 .5 -.851
vn -.526 0 -.851
vn -.162 -.5 -.851
vn .273 0 .962
vn .362 .263 .894
vn .084 .26 .962
vn .823 .26 .506
vn .638 .263 .724
vn .738 0 .675
vn .228 .702 .675
vn .447 .526 .724
vn .501 .702 .506
vn -.138 .425 .894
vn -.221 .161 .962
vn .007 .863 .506
vn -.053 .688 .724
vn -.597 .434 .675
vn -.362 .588 .724
vn -.513 .694 .506
vn -.447 0 .894
vn -.221 -.161 .962
vn -.818 .273 .506
vn -.671 .162 .724
vn -.597 -.434 .675
vn -.671 -.162 .724
vn -.818 -.273 .506
vn -.138 -.425 .894
vn .084 -.26 .962
vn -.513 -.694 .506
vn -.362 -.588 .724
vn .228 -.702 .675
vn -.053 -.688 .724
vn .007 -.863 .506
vn .362 -.263 .894
vn .501 -.702 .506
vn .447 -.526 .724
vn .638 -.263 .724
vn .823 -.26 .506
vn .959 .161 .232
vn .862 .425 .276
vn .682 .694 -.232
vn .809 .588 0
vn .87 .434 -.232
vn .671 .688 .276
vn .449 .863 .232
vn .144 .962 .232
vn -.138 .951 .276
vn -.449 .863 -.232
vn -.309 .951 0
vn -.144 .962 -.232
vn -.447 .851 .276
vn -.682 .694 .232
vn -.87 .434 .232
vn -.947 .162 .276
vn -.959 -.161 -.232
vn -1 0 0
vn -.959 .161 -.232
vn -.947 -.162 .276
vn -.87 -.434 .232
vn -.682 -.694 .232
vn -.447 -.851 .276
vn -.144 -.962 -.232
vn -.309 -.951 0
vn -.449 -.863 -.232
vn -.138 -.951 .276
vn .144 -.962 .232
vn .449 -.863 .232
vn .671 -.688 .276
vn .87 -.434 -.232
vn .809 -.588 0
vn .682 -.694 -.232
vn .862 -.425 .276
vn .959 -.161 .232
vn .947 .162 -.276
vn .818 .273 -.506
vn 1 0 0
vn .818 -.273 -.506
vn .947 -.162 -.276
vn .138 .951 -.276
vn -.007 .863 -.506
vn .309 .951 0
vn .513 .694 -.506
vn .447 .851 -.276
vn -.862 .425 -.276
vn -.823 .26 -.506
vn -.809 .588 0
vn -.501 .702 -.506
vn -.671 .688 -.276
vn -.671 -.688 -.276
vn -.501 -.702 -.506
vn -.809 -.588 0
vn -.823 -.26 -.506
vn -.862 -.425 -.276
vn .447 -.851 -.276
vn .513 -.694 -.506
vn .309 -.951 0
vn -.007 -.863 -.506
vn .138 -.951 -.276
vn .221 .161 -.962
vn .447 0 -.894
vn .221 -.161 -.962
vn .671 .162 -.724
vn .597 .434 -.675
vn .597 -.434 -.675
vn .671 -.162 -.724
vn -.084 .26 -.962
vn .138 .425 -.894
vn .053 .688 -.724
vn -.228 .702 -.675
vn .362 .588 -.724
vn -.273 0 -.962
vn -.362 .263 -.894
vn -.638 .263 -.724
vn -.738 0 -.675
vn -.447 .526 -.724
vn -.084 -.26 -.962
vn -.362 -.263 -.894
vn -.447 -.526 -.724
vn -.228 -.702 -.675
vn -.638 -.263 -.724
vn .138 -.425 -.894
vn .362 -.588 -.724
vn .053 -.688 -.724
vn .138 0 .99
vn .181 .132 .975
vn .043 .131 .99
vn .449 .133 .883
vn .321 .133 .938
vn .403 0 .915
vn .125 .384 .915
vn .225 .264 .938
vn .265 .386 .883
vn .867 .131 .481
vn .791 .132 .598
vn .824 0 .566
vn .671 .386 .632
vn .738 .264 .621
vn .763 .384 .521
vn .638 0 .77
vn .695 .133 .706
vn .589 .133 .797
vn .255 .784 .566
vn .37 .711 .598
vn .393 .784 .481
vn .309 .519 .797
vn .341 .62 .706
vn .197 .607 .77
vn .601 .607 .521
vn .479 .62 .621
vn .575 .519 .632
vn .41 .4 .82
vn .507 .266 .82
vn .55 .4 .733
vn -.069 .213 .975
vn -.112 .081 .99
vn .012 .468 .883
vn -.027 .346 .938
vn -.326 .237 .915
vn -.181 .296 .938
vn -.285 .372 .883
vn .143 .865 .481
vn .119 .793 .598
vn -.16 .758 .632
vn -.023 .783 .621
vn -.129 .844 .521
vn .089 .702 .706
vn .056 .602 .797
vn -.667 .484 .566
vn -.562 .571 .598
vn -.624 .616 .481
vn -.398 .454 .797
vn -.484 .516 .706
vn -.516 .375 .77
vn -.392 .759 .521
vn -.442 .647 .621
vn -.316 .707 .632
vn -.253 .513 .82
vn -.097 .564 .82
vn -.21 .647 .733
vn -.224 0 .975
vn -.112 -.081 .99
vn -.442 .156 .883
vn -.338 .081 .938
vn -.326 -.237 .915
vn -.338 -.081 .938
vn -.442 -.156 .883
vn -.778 .403 .481
vn -.717 .358 .598
vn -.77 .082 .632
vn -.752 .22 .621
vn -.843 .138 .521
vn -.641 .301 .706
vn -.555 .239 .797
vn -.667 -.484 .566
vn -.717 -.358 .598
vn -.778 -.403 .481
vn -.555 -.239 .797
vn -.641 -.301 .706
vn -.516 -.375 .77
vn -.843 -.138 .521
vn -.752 -.22 .621
vn -.77 -.082 .632
vn -.567 -.082 .82
vn -.567 .082 .82
vn -.68 0 .733
vn -.069 -.213 .975
vn .043 -.131 .99
vn -.285 -.372 .883
vn -.181 -.296 .938
vn .125 -.384 .915
vn -.027 -.346 .938
vn .012 -.468 .883
vn -.624 -.616 .481
vn -.562 -.571 .598
vn -.316 -.707 .632
vn -.442 -.647 .621
vn -.392 -.759 .521
vn -.484 -.516 .706
vn -.398 -.454 .797
vn .255 -.784 .566
vn .119 -.793 .598
vn .143 -.865 .481
vn .056 -.602 .797
vn .089 -.702 .706
vn .197 -.607 .77
vn -.129 -.844 .521
vn -.023 -.783 .621
vn -.16 -.758 .632
vn -.097 -.564 .82
vn -.253 -.513 .82
vn -.21 -.647 .733
vn .181 -.132 .975
vn .265 -.386 .883
vn .225 -.264 .938
vn .321 -.133 .938
vn .449 -.133 .883
vn .393 -.784 .481
vn .37 -.711 .598
vn .575 -.519 .632
vn .479 -.62 .621
vn .601 -.607 .521
vn .341 -.62 .706
vn .309 -.519 .797
vn .791 -.132 .598
vn .867 -.131 .481
vn .589 -.133 .797
vn .695 -.133 .706
vn .763 -.384 .521
vn .738 -.264 .621
vn .671 -.386 .632
vn .507 -.266 .82
vn .41 -.4 .82
vn .55 -.4 .733
vn .936 .081 .343
vn .903 .213 .374
vn .918 .372 .14
vn .92 .296 .257
vn .964 .237 .117
vn .851 .346 .395
vn .785 .468 .406
vn .709 .616 -.343
vn .786 .571 -.236
vn .805 .484 -.343
vn .707 .707 0
vn .753 .647 -.117
vn .641 .759 -.117
vn .92 .375 -.117
vn .848 .516 -.117
vn .891 .454 0
vn .482 .793 .374
vn .366 .865 .343
vn .688 .602 .406
vn .592 .702 .395
vn .523 .844 .117
vn .566 .783 .257
vn .637 .758 .14
vn .777 .564 .28
vn .847 .513 .14
vn .75 .647 .14
vn .212 .915 .343
vn .076 .924 .374
vn -.07 .988 .14
vn .003 .966 .257
vn .073 .99 .117
vn -.066 .916 .395
vn -.203 .891 .406
vn -.366 .865 -.343
vn -.3 .924 -.236
vn -.212 .915 -.343
vn -.454 .891 0
vn -.383 .916 -.117
vn -.523 .844 -.117
vn -.073 .99 -.117
vn -.229 .966 -.117
vn -.156 .988 0
vn -.605 .703 .374
vn -.709 .616 .343
vn -.359 .84 .406
vn -.485 .78 .395
vn -.641 .759 .117
vn -.57 .78 .257
vn -.524 .84 .14
vn -.297 .913 .28
vn -.227 .964 .14
vn -.383 .913 .14
vn -.805 .484 .343
vn -.855 .358 .374
vn -.961 .239 .14
vn -.918 .301 .257
vn -.92 .375 .117
vn -.892 .22 .395
vn -.91 .082 .406
vn -.936 -.081 -.343
vn -.972 0 -.236
vn -.936 .081 -.343
vn -.988 -.156 0
vn -.99 -.081 -.117
vn -.964 -.237 -.117
vn -.964 .237 -.117
vn -.99 .081 -.117
vn -.988 .156 0
vn -.855 -.358 .374
vn -.805 -.484 .343
vn -.91 -.082 .406
vn -.892 -.22 .395
vn -.92 -.375 .117
vn -.918 -.301 .257
vn -.961 -.239 .14
vn -.96 0 .28
vn -.987 .082 .14
vn -.987 -.082 .14
vn -.709 -.616 .343
vn -.605 -.703 .374
vn -.524 -.84 .14
vn -.57 -.78 .257
vn -.641 -.759 .117
vn -.485 -.78 .395
vn -.359 -.84 .406
vn -.212 -.915 -.343
vn -.3 -.924 -.236
vn -.366 -.865 -.343
vn -.156 -.988 0
vn -.229 -.966 -.117
vn -.073 -.99 -.117
vn -.523 -.844 -.117
vn -.383 -.916 -.117
vn -.454 -.891 0
vn .076 -.924 .374
vn .212 -.915 .343
vn -.203 -.891 .406
vn -.066 -.916 .395
vn .073 -.99 .117
vn .003 -.966 .257
vn -.07 -.988 .14
vn -.297 -.913 .28
vn -.383 -.913 .14
vn -.227 -.964 .14
vn .366 -.865 .343
vn .482 -.793 .374
vn .637 -.758 .14
vn .566 -.783 .257
vn .523 -.844 .117
vn .592 -.702 .395
vn .688 -.602 .406
vn .805 -.484 -.343
vn .786 -.571 -.236
vn .709 -.616 -.343
vn .891 -.454 0
vn .848 -.516 -.117
vn .92 -.375 -.117
vn .641 -.759 -.117
vn .753 -.647 -.117
vn .707 -.707 0
vn .903 -.213 .374
vn .936 -.081 .343
vn .785 -.468 .406
vn .851 -.346 .395
vn .964 -.237 .117
vn .92 -.296 .257
vn .918 -.372 .14
vn .777 -.564 .28
vn .75 -.647 .14
vn .847 -.513 .14
vn .855 .358 -.374
vn .778 .403 -.481
vn .961 .239 -.14
vn .918 .301 -.257
vn .843 .138 -.521
vn .892 .22 -.395
vn .91 .082 -.406
vn .972 0 .236
vn .988 -.156 0
vn .99 -.081 .117
vn .99 .081 .117
vn .988 .156 0
vn .778 -.403 -.481
vn .855 -.358 -.374
vn .91 -.082 -.406
vn .892 -.22 -.395
vn .843 -.138 -.521
vn .918 -.301 -.257
vn .961 -.239 -.14
vn .96 0 -.28
vn .987 .082 -.14
vn .987 -.082 -.14
vn -.076 .924 -.374
vn -.143 .865 -.481
vn .07 .988 -.14
vn -.003 .966 -.257
vn .129 .844 -.521
vn .066 .916 -.395
vn .203 .891 -.406
vn .3 .924 .236
vn .454 .891 0
vn .383 .916 .117
vn .229 .966 .117
vn .156 .988 0
vn .624 .616 -.481
vn .605 .703 -.374
vn .359 .84 -.406
vn .485 .78 -.395
vn .392 .759 -.521
vn .57 .78 -.257
vn .524 .84 -.14
vn .297 .913 -.28
vn .227 .964 -.14
vn .383 .913 -.14
vn -.903 .213 -.374
vn -.867 .131 -.481
vn -.918 .372 -.14
vn -.92 .296 -.257
vn -.763 .384 -.521
vn -.851 .346 -.395
vn -.785 .468 -.406
vn -.786 .571 .236
vn -.707 .707 0
vn -.753 .647 .117
vn -.848 .516 .117
vn -.891 .454 0
vn -.393 .784 -.481
vn -.482 .793 -.374
vn -.688 .602 -.406
vn -.592 .702 -.395
vn -.601 .607 -.521
vn -.566 .783 -.257
vn -.637 .758 -.14
vn -.777 .564 -.28
vn -.847 .513 -.14
vn -.75 .647 -.14
vn -.482 -.793 -.374
vn -.393 -.784 -.481
vn -.637 -.758 -.14
vn -.566 -.783 -.257
vn -.601 -.607 -.521
vn -.592 -.702 -.395
vn -.688 -.602 -.406
vn -.786 -.571 .236
vn -.891 -.454 0
vn -.848 -.516 .117
vn -.753 -.647 .117
vn -.707 -.707 0
vn -.867 -.131 -.481
vn -.903 -.213 -.374
vn -.785 -.468 -.406
vn -.851 -.346 -.395
vn -.763 -.384 -.521
vn -.92 -.296 -.257
vn -.918 -.372 -.14
vn -.777 -.564 -.28
vn -.75 -.647 -.14
vn -.847 -.513 -.14
vn .605 -.703 -.374
vn .624 -.616 -.481
vn .524 -.84 -.14
vn .57 -.78 -.257
vn .392 -.759 -.521
vn .485 -.78 -.395
vn .359 -.84 -.406
vn .3 -.924 .236
vn .156 -.988 0
vn .229 -.966 .117
vn .383 -.916 .117
vn .454 -.891 0
vn -.143 -.865 -.481
vn -.076 -.924 -.374
vn .203 -.891 -.406
vn .066 -.916 -.395
vn .129 -.844 -.521
vn -.003 -.966 -.257
vn .07 -.988 -.14
vn .297 -.913 -.28
vn .383 -.913 -.14
vn .227 -.964 -.14
vn .112 .081 -.99
vn .224 0 -.975
vn .112 -.081 -.99
vn .442 .156 -.883
vn .338 .081 -.938
vn .326 .237 -.915
vn .326 -.237 -.915
vn .338 -.081 -.938
vn .442 -.156 -.883
vn .717 .358 -.598
vn .667 .484 -.566
vn .77 .082 -.632
vn .752 .22 -.621
vn .516 .375 -.77
vn .641 .301 -.706
vn .555 .239 -.797
vn .667 -.484 -.566
vn .717 -.358 -.598
vn .555 -.239 -.797
vn .641 -.301 -.706
vn .516 -.375 -.77
vn .752 -.22 -.621
vn .77 -.082 -.632
vn .567 -.082 -.82
vn .567 .082 -.82
vn .68 0 -.733
vn -.043 .131 -.99
vn .069 .213 -.975
vn -.012 .468 -.883
vn .027 .346 -.938
vn -.125 .384 -.915
vn .181 .296 -.938
vn .285 .372 -.883
vn -.119 .793 -.598
vn -.255 .784 -.566
vn .16 .758 -.632
vn .023 .783 -.621
vn -.197 .607 -.77
vn -.089 .702 -.706
vn -.056 .602 -.797
vn .562 .571 -.598
vn .398 .454 -.797
vn .484 .516 -.706
vn .442 .647 -.621
vn .316 .707 -.632
vn .253 .513 -.82
vn .097 .564 -.82
vn .21 .647 -.733
vn -.138 0 -.99
vn -.181 .132 -.975
vn -.449 .133 -.883
vn -.321 .133 -.938
vn -.403 0 -.915
vn -.225 .264 -.938
vn -.265 .386 -.883
vn -.791 .132 -.598
vn -.824 0 -.566
vn -.671 .386 -.632
vn -.738 .264 -.621
vn -.638 0 -.77
vn -.695 .133 -.706
vn -.589 .133 -.797
vn -.37 .711 -.598
vn -.309 .519 -.797
vn -.341 .62 -.706
vn -.479 .62 -.621
vn -.575 .519 -.632
vn -.41 .4 -.82
vn -.507 .266 -.82
vn -.55 .4 -.733
vn -.043 -.131 -.99
vn -.181 -.132 -.975
vn -.265 -.386 -.883
vn -.225 -.264 -.938
vn -.125 -.384 -.915
vn -.321 -.133 -.938
vn -.449 -.133 -.883
vn -.37 -.711 -.598
vn -.255 -.784 -.566
vn -.575 -.519 -.632
vn -.479 -.62 -.621
vn -.197 -.607 -.77
vn -.341 -.62 -.706
vn -.309 -.519 -.797
vn -.791 -.132 -.598
vn -.589 -.133 -.797
vn -.695 -.133 -.706
vn -.738 -.264 -.621
vn -.671 -.386 -.632
vn -.507 -.266 -.82
vn -.41 -.4 -.82
vn -.55 -.4 -.733
vn .069 -.213 -.975
vn .285 -.372 -.883
vn .181 -.296 -.938
vn .027 -.346 -.938
vn -.012 -.468 -.883
vn .562 -.571 -.598
vn .316 -.707 -.632
vn .442 -.647 -.621
vn .484 -.516 -.706
vn .398 -.454 -.797
vn -.119 -.793 -.598
vn -.056 -.602 -.797
vn -.089 -.702 -.706
vn .023 -.783 -.621
vn .16 -.758 -.632
vn .097 -.564 -.82
vn .253 -.513 -.82
vn .21 -.647 -.733
# Number of faces: 1280
f 1//1 163//163 165//165
f 43//43 164//164 163//163
f 45//45 165//165 164//164
f 165//165 163//163 164//164
f 13//13 166//166 168//168
f 44//44 167//167 166//166
f 43//43 168//168 167//167
f 168//168 166//166 167//167
f 15//15 169//169 171//171
f 45//45 170//170 169//169
f 44//44 171//171 170//170
f 171//171 169//169 170//170
f 45//45 164//164 170//170
f 43//43 167//167 164//164
f 44//44 170//170 167//167
f 170//170 164//164 167//167
f 2//2 172//172 174//174
f 46//46 173//173 172//172
f 48//48 174//174 173//173
f 174//174 172//172 173//173
f 14//14 175//175 177//177
f 47//47 176//176 175//175
f 46//46 177//177 176//176
f 177//177 175//175 176//176
f 13//13 178//178 180//180
f 48//48 179//179 178//178
f 47//47 180//180 179//179
f 180//180 178//178 179//179
f 48//48 173//173 179//179
f 46//46 176//176 173//173
f 47//47 179//179 176//176
f 179//179 173//173 176//176
f 3//3 181//181 183//183
f 49//49 182//182 181//181
f 51//51 183//183 182//182
f 183//183 181//181 182//182
f 15//15 184//184 186//186
f 50//50 185//185 184//184
f 49//49 186//186 185//185
f 186//186 184//184 185//185
f 14//14 187//187 189//189
f 51//51 188//188 187//187
f 50//50 189//189 188//188
f 189//189 187//187 188//188
f 51//51 182//182 188//188
f 49//49 185//185 182//182
f 50//50 188//188 185//185
f 188//188 182//182 185//185
f 15//15 171//171 184//184
f 44//44 190//190 171//171
f 50//50 184//184 190//190
f 184//184 171//171 190//190
f 13//13 180//180 166//166
f 47//47 191//191 180//180
f 44//44 166//166 191//191
f 166//166 180//180 191//191
f 14//14 189//189 175//175
f 50//50 192//192 189//189
f 47//47 175//175 192//192
f 175//175 189//189 192//192
f 50//50 190//190 192//192
f 44//44 191//191 190//190
f 47//47 192//192 191//191
f 192//192 190//190 191//191
f 1//1 165//165 194//194
f 45//45 193//193 165//165
f 53//53 194//194 193//193
f 194//194 165//165 193//193
f 15//15 195//195 169//169
f 52//52 196//196 195//195
f 45//45 169//169 196//196
f 169//169 195//195 196//196
f 17//17 197//197 199//199
f 53//53 198//198 197//197
f 52//52 199//199 198//198
f 199//199 197//197 198//198
f 53//53 193//193 198//198
f 45//45 196//196 193//193
f 52//52 198//198 196//196
f 198//198 193//193 196//196
f 3//3 200//200 181//181
f 54//54 201//201 200//200
f 49//49 181//181 201//201
f 181//181 200//200 201//201
f 16//16 202//202 204//204
f 55//55 203//203 202//202
f 54//54 204//204 203//203
f 204//204 202//202 203//203
f 15//15 186//186 206//206
f 49//49 205//205 186//186
f 55//55 206//206 205//205
f 206//206 186//186 205//205
f 49//49 201//201 205//205
f 54//54 203//203 201//201
f 55//55 205//205 203//203
f 205//205 201//201 203//203
f 4//4 207//207 209//209
f 56//56 208//208 207//207
f 58//58 209//209 208//208
f 209//209 207//207 208//208
f 17//17 210//210 212//212
f 57//57 211//211 210//210
f 56//56 212//212 211//211
f 212//212 210//210 211//211
f 16//16 213//213 215//215
f 58//58 214//214 213//213
f 57//57 215//215 214//214
f 215//215 213//213 214//214
f 58//58 208//208 214//214
f 56//56 211//211 208//208
f 57//57 214//214 211//211
f 214//214 208//208 211//211
f 17//17 199//199 210//210
f 52//52 216//216 199//199
f 57//57 210//210 216//216
f 210//210 199//199 216//216
f 15//15 206//206 195//195
f 55//55 217//217 206//206
f 52//52 195//195 217//217
f 195//195 206//206 217//217
f 16//16 215//215 202//202
f 57//57 218//218 215//215
f 55//55 202//202 218//218
f 202//202 215//215 218//218
f 57//57 216//216 218//218
f 52//52 217//217 216//216
f 55//55 218//218 217//217
f 218//218 216//216 217//217
f 1//1 194//194 220//220
f 53//53 219//219 194//194
f 60//60 220//220 219//219
f 220//220 194//194 219//219
f 17//17 221//221 197//197
f 59//59 222//222 221//221
f 53//53 197//197 222//222
f 197//197 221//221 222//222
f 19//19 223//223 225//225
f 60//60 224//224 223//223
f 59//59 225//225 224//224
f 225//225 223//223 224//224
f 60//60 219//219 224//224
f 53//53 222//222 219//219
f 59//59 224//224 222//222
f 224//224 219//219 222//222
f 4//4 226//226 207//207
f 61//61 227//227 226//226
f 56//56 207//207 227//227
f 207//207 226//226 227//227
f 18//18 228//228 230//230
f 62//62 229//229 228//228
f 61//61 230//230 229//229
f 230//230 228//228 229//229
f 17//17 212//212 232//232
f 56//56 231//231 212//212
f 62//62 232//232 231//231
f 232//232 212//212 231//231
f 56//56 227//227 231//231
f 61//61 229//229 227//227
f 62//62 231//231 229//229
f 231//231 227//227 229//229
f 5//5 233//233 235//235
f 63//63 234//234 233//233
f 65//65 235//235 234//234
f 235//235 233//233 234//234
f 19//19 236//236 238//238
f 64//64 237//237 236//236
f 63//63 238//238 237//237
f 238//238 236//236 237//237
f 18//18 239//239 241//241
f 65//65 240//240 239//239
f 64//64 241//241 240//240
f 241//241 239//239 240//240
f 65//65 234//234 240//240
f 63//63 237//237 234//234
f 64//64 240//240 237//237
f 240//240 234//234 237//237
f 19//19 225//225 236//236
f 59//59 242//242 225//225
f 64//64 236//236 242//242
f 236//236 225//225 242//242
f 17//17 232//232 221//221
f 62//62 243//243 232//232
f 59//59 221//221 243//243
f 221//221 232//232 243//243
f 18//18 241//241 228//228
f 64//64 244//244 241//241
f 62//62 228//228 244//244
f 228//228 241//241 244//244
f 64//64 242//242 244//244
f 59//59 243//243 242//242
f 62//62 244//244 243//243
f 244//244 242//242 243//243
f 1//1 220//220 246//246
f 60//60 245//245 220//220
f 67//67 246//246 245//245
f 246//246 220//220 245//245
f 19//19 247//247 223//223
f 66//66 248//248 247//247
f 60//60 223//223 248//248
f 223//223 247//247 248//248
f 21//21 249//249 251//251
f 67//67 250//250 249//249
f 66//66 251//251 250//250
f 251//251 249//249 250//250
f 67//67 245//245 250//250
f 60//60 248//248 245//245
f 66//66 250//250 248//248
f 250//250 245//245 248//248
f 5//5 252//252 233//233
f 68//68 253//253 252//252
f 63//63 233//233 253//253
f 233//233 252//252 253//253
f 20//20 254//254 256//256
f 69//69 255//255 254//254
f 68//68 256//256 255//255
f 256//256 254//254 255//255
f 19//19 238//238 258//258
f 63//63 257//257 238//238
f 69//69 258//258 257//257
f 258//258 238//238 257//257
f 63//63 253//253 257//257
f 68//68 255//255 253//253
f 69//69 257//257 255//255
f 257//257 253//253 255//255
f 6//6 259//259 261//261
f 70//70 260//260 259//259
f 72//72 261//261 260//260
f 261//261 259//259 260//260
f 21//21 262//262 264//264
f 71//71 263//263 262//262
f 70//70 264//264 263//263
f 264//264 262//262 263//263
f 20//20 265//265 267//267
f 72//72 266//266 265//265
f 71//71 267//267 266//266
f 267//267 265//265 266//266
f 72//72 260//260 266//266
f 70//70 263//263 260//260
f 71//71 266//266 263//263
f 266//266 260//260 263//263
f 21//21 251//251 262//262
f 66//66 268//268 251//251
f 71//71 262//262 268//268
f 262//262 251//251 268//268
f 19//19 258//258 247//247
f 69//69 269//269 258//258
f 66//66 247//247 269//269
f 247//247 258//258 269//269
f 20//20 267//267 254//254
f 71//71 270//270 267//267
f 69//69 254//254 270//270
f 254//254 267//267 270//270
f 71//71 268//268 270//270
f 66//66 269//269 268//268
f 69//69 270//270 269//269
f 270//270 268//268 269//269
f 1//1 246//246 163//163
f 67//67 271//271 246//246
f 43//43 163//163 271//271
f 163//163 246//246 271//271
f 21//21 272//272 249//249
f 73//73 273//273 272//272
f 67//67 249//249 273//273
f 249//249 272//272 273//273
f 13//13 168//168 275//275
f 43//43 274//274 168//168
f 73//73 275//275 274//274
f 275//275 168//168 274//274
f 43//43 271//271 274//274
f 67//67 273//273 271//271
f 73//73 274//274 273//273
f 274//274 271//271 273//273
f 6//6 276//276 259//259
f 74//74 277//277 276//276
f 70//70 259//259 277//277
f 259//259 276//276 277//277
f 22//22 278//278 280//280
f 75//75 279//279 278//278
f 74//74 280//280 279//279
f 280//280 278//278 279//279
f 21//21 264//264 282//282
f 70//70 281//281 264//264
f 75//75 282//282 281//281
f 282//282 264//264 281//281
f 70//70 277//277 281//281
f 74//74 279//279 277//277
f 75//75 281//281 279//279
f 281//281 277//277 279//279
f 2//2 174//174 284//284
f 48//48 283//283 174//174
f 77//77 284//284 283//283
f 284//284 174//174 283//283
f 13//13 285//285 178//178
f 76//76 286//286 285//285
f 48//48 178//178 286//286
f 178//178 285//285 286//286
f 22//22 287//287 289//289
f 77//77 288//288 287//287
f 76//76 289//289 288//288
f 289//289 287//287 288//288
f 77//77 283//283 288//288
f 48//48 286//286 283//283
f 76//76 288//288 286//286
f 288//288 283//283 286//286
f 13//13 275//275 285//285
f 73//73 290//290 275//275
f 76//76 285//285 290//290
f 285//285 275//275 290//290
f 21//21 282//282 272//272
f 75//75 291//291 282//282
f 73//73 272//272 291//291
f 272//272 282//282 291//291
f 22//22 289//289 278//278
f 76//76 292//292 289//289
f 75//75 278//278 292//292
f 278//278 289//289 292//292
f 76//76 290//290 292//292
f 73//73 291//291 290//290
f 75//75 292//292 291//291
f 292//292 290//290 291//291
f 2//2 293//293 172//172
f 78//78 294//294 293//293
f 46//46 172//172 294//294
f 172//172 293//293 294//294
f 23//23 295//295 297//297
f 79//79 296//296 295//295
f 78//78 297//297 296//296
f 297//297 295//295 296//296
f 14//14 177//177 299//299
f 46//46 298//298 177//177
f 79//79 299//299 298//298
f 299//299 177//177 298//298
f 46//46 294//294 298//298
f 78//78 296//296 294//294
f 79//79 298//298 296//296
f 298//298 294//294 296//296
f 7//7 300//300 302//302
f 80//80 301//301 300//300
f 82//82 302//302 301//301
f 302//302 300//300 301//301
f 24//24 303//303 305//305
f 81//81 304//304 303//303
f 80//80 305//305 304//304
f 305//305 303//303 304//304
f 23//23 306//306 308//308
f 82//82 307//307 306//306
f 81//81 308//308 307//307
f 308//308 306//306 307//307
f 82//82 301//301 307//307
f 80//80 304//304 301//301
f 81//81 307//307 304//304
f 307//307 301//301 304//304
f 3//3 183//183 310//310
f 51//51 309//309 183//183
f 84//84 310//310 309//309
f 310//310 183//183 309//309
f 14//14 311//311 187//187
f 83//83 312//312 311//311
f 51//51 187//187 312//312
f 187//187 311//311 312//312
f 24//24 313//313 315//315
f 84//84 314//314 313//313
f 83//83 315//315 314//314
f 315//315 313//313 314//314
f 84//84 309//309 314//314
f 51//51 312//312 309//309
f 83//83 314//314 312//312
f 314//314 309//309 312//312
f 14//14 299//299 311//311
f 79//79 316//316 299//299
f 83//83 311//311 316//316
f 311//311 299//299 316//316
f 23//23 308//308 295//295
f 81//81 317//317 308//308
f 79//79 295//295 317//317
f 295//295 308//308 317//317
f 24//24 315//315 303//303
f 83//83 318//318 315//315
f 81//81 303//303 318//318
f 303//303 315//315 318//318
f 83//83 316//316 318//318
f 79//79 317//317 316//316
f 81//81 318//318 317//317
f 318//318 316//316 317//317
f 3//3 319//319 200//200
f 85//85 320//320 319//319
f 54//54 200//200 320//320
f 200//200 319//319 320//320
f 25//25 321//321 323//323
f 86//86 322//322 321//321
f 85//85 323//323 322//322
f 323//323 321//321 322//322
f 16//16 204//204 325//325
f 54//54 324//324 204//204
f 86//86 325//325 324//324
f 325//325 204//204 324//324
f 54//54 320//320 324//324
f 85//85 322//322 320//320
f 86//86 324//324 322//322
f 324//324 320//320 322//322
f 8//8 326//326 328//328
f 87//87 327//327 326//326
f 89//89 328//328 327//327
f 328//328 326//326 327//327
f 26//26 329//329 331//331
f 88//88 330//330 329//329
f 87//87 331//331 330//330
f 331//331 329//329 330//330
f 25//25 332//332 334//334
f 89//89 333//333 332//332
f 88//88 334//334 333//333
f 334//334 332//332 333//333
f 89//89 327//327 333//333
f 87//87 330//330 327//327
f 88//88 333//333 330//330
f 333//333 327//327 330//330
f 4//4 209//209 336//336
f 58//58 335//335 209//209
f 91//91 336//336 335//335
f 336//336 209//209 335//335
f 16//16 337//337 213//213
f 90//90 338//338 337//337
f 58//58 213//213 338//338
f 213//213 337//337 338//338
f 26//26 339//339 341//341
f 91//91 340//340 339//339
f 90//90 341//341 340//340
f 341//341 339//339 340//340
f 91//91 335//335 340//340
f 58//58 338//338 335//335
f 90//90 340//340 338//338
f 340//340 335//335 338//338
f 16//16 325//325 337//337
f 86//86 342//342 325//325
f 90//90 337//337 342//342
f 337//337 325//325 342//342
f 25//25 334//334 321//321
f 88//88 343//343 334//334
f 86//86 321//321 343//343
f 321//321 334//334 343//343
f 26//26 341//341 329//329
f 90//90 344//344 341//341
f 88//88 329//329 344//344
f 329//329 341//341 344//344
f 90//90 342//342 344//344
f 86//86 343//343 342//342
f 88//88 344//344 343//343
f 344//344 342//342 343//343
f 4//4 345//345 226//226
f 92//92 346//346 345//345
f 61//61 226//226 346//346
f 226//226 345//345 346//346
f 27//27 347//347 349//349
f 93//93 348//348 347//347
f 92//92 349//349 348//348
f 349//349 347//347 348//348
f 18//18 230//230 351//351
f 61//61 350//350 230//230
f 93//93 351//351 350//350
f 351//351 230//230 350//350
f 61//61 346//346 350//350
f 92//92 348//348 346//346
f 93//93 350//350 348//348
f 350//350 346//346 348//348
f 9//9 352//352 354//354
f 94//94 353//353 352//352
f 96//96 354//354 353//353
f 354//354 352//352 353//353
f 28//28 355//355 357//357
f 95//95 356//356 355//355
f 94//94 357//357 356//356
f 357//357 355//355 356//356
f 27//27 358//358 360//360
f 96//96 359//359 358//358
f 95//95 360//360 359//359
f 360//360 358//358 359//359
f 96//96 353//353 359//359
f 94//94 356//356 353//353
f 95//95 359//359 356//356
f 359//359 353//353 356//356
f 5//5 235//235 362//362
f 65//65 361//361 235//235
f 98//98 362//362 361//361
f 362//362 235//235 361//361
f 18//18 363//363 239//239
f 97//97 364//364 363//363
f 65//65 239//239 364//364
f 239//239 363//363 364//364
f 28//28 365//365 367//367
f 98//98 366//366 365//365
f 97//97 367//367 366//366
f 367//367 365//365 366//366
f 98//98 361//361 366//366
f 65//65 364//364 361//361
f 97//97 366//366 364//364
f 366//366 361//361 364//364
f 18//18 351//351 363//363
f 93//93 368//368 351//351
f 97//97 363//363 368//368
f 363//363 351//351 368//368
f 27//27 360//360 347//347
f 95//95 369//369 360//360
f 93//93 347//347 369//369
f 347//347 360//360 369//369
f 28//28 367//367 355//355
f 97//97 370//370 367//367
f 95//95 355//355 370//370
f 355//355 367//367 370//370
f 97//97 368//368 370//370
f 93//93 369//369 368//368
f 95//95 370//370 369//369
f 370//370 368//368 369//369
f 5//5 371//371 252//252
f 99//99 372//372 371//371
f 68//68 252//252 372//372
f 252//252 371//371 372//372
f 29//29 373//373 375//375
f 100//100 374//374 373//373
f 99//99 375//375 374//374
f 375//375 373//373 374//374
f 20//20 256//256 377//377
f 68//68 376//376 256//256
f 100//100 377//377 376//376
f 377//377 256//256 376//376
f 68//68 372//372 376//376
f 99//99 374//374 372//372
f 100//100 376//376 374//374
f 376//376 372//372 374//374
f 10//10 378//378 380//380
f 101//101 379//379 378//378
f 103//103 380//380 379//379
f 380//380 378//378 379//379
f 30//30 381//381 383//383
f 102//102 382//382 381//381
f 101//101 383//383 382//382
f 383//383 381//381 382//382
f 29//29 384//384 386//386
f 103//103 385//385 384//384
f 102//102 386//386 385//385
f 386//386 384//384 385//385
f 103//103 379//379 385//385
f 101//101 382//382 379//379
f 102//102 385//385 382//382
f 385//385 379//379 382//382
f 6//6 261//261 388//388
f 72//72 387//387 261//261
f 105//105 388//388 387//387
f 388//388 261//261 387//387
f 20//20 389//389 265//265
f 104//104 390//390 389//389
f 72//72 265//265 390//390
f 265//265 389//389 390//390
f 30//30 391//391 393//393
f 105//105 392//392 391//391
f 104//104 393//393 392//392
f 393//393 391//391 392//392
f 105//105 387//387 392//392
f 72//72 390//390 387//387
f 104//104 392//392 390//390
f 392//392 387//387 390//390
f 20//20 377//377 389//389
f 100//100 394//394 377//377
f 104//104 389//389 394//394
f 389//389 377//377 394//394
f 29//29 386//386 373//373
f 102//102 395//395 386//386
f 100//100 373//373 395//395
f 373//373 386//386 395//395
f 30//30 393//393 381//381
f 104//104 396//396 393//393
f 102//102 381//381 396//396
f 381//381 393//393 396//396
f 104//104 394//394 396//396
f 100//100 395//395 394//394
f 102//102 396//396 395//395
f 396//396 394//394 395//395
f 6//6 397//397 276//276
f 106//106 398//398 397//397
f 74//74 276//276 398//398
f 276//276 397//397 398//398
f 31//31 399//399 401//401
f 107//107 400//400 399//399
f 106//106 401//401 400//400
f 401//401 399//399 400//400
f 22//22 280//280 403//403
f 74//74 402//402 280//280
f 107//107 403//403 402//402
f 403//403 280//280 402//402
f 74//74 398//398 402//402
f 106//106 400//400 398//398
f 107//107 402//402 400//400
f 402//402 398//398 400//400
f 11//11 404//404 406//406
f 108//108 405//405 404//404
f 110//110 406//406 405//405
f 406//406 404//404 405//405
f 32//32 407//407 409//409
f 109//109 408//408 407//407
f 108//108 409//409 408//408
f 409//409 407//407 408//408
f 31//31 410//410 412//412
f 110//110 411//411 410//410
f 109//109 412//412 411//411
f 412//412 410//410 411//411
f 110//110 405//405 411//411
f 108//108 408//408 405//405
f 109//109 411//411 408//408
f 411//411 405//405 408//408
f 2//2 284//284 414//414
f 77//77 413//413 284//284
f 112//112 414//414 413//413
f 414//414 284//284 413//413
f 22//22 415//415 287//287
f 111//111 416//416 415//415
f 77//77 287//287 416//416
f 287//287 415//415 416//416
f 32//32 417//417 419//419
f 112//112 418//418 417//417
f 111//111 419//419 418//418
f 419//419 417//417 418//418
f 112//112 413//413 418//418
f 77//77 416//416 413//413
f 111//111 418//418 416//416
f 418//418 413//413 416//416
f 22//22 403//403 415//415
f 107//107 420//420 403//403
f 111//111 415//415 420//420
f 415//415 403//403 420//420
f 31//31 412//412 399//399
f 109//109 421//421 412//412
f 107//107 399//399 421//421
f 399//399 412//412 421//421
f 32//32 419//419 407//407
f 111//111 422//422 419//419
f 109//109 407//407 422//422
f 407//407 419//419 422//422
f 111//111 420//420 422//422
f 107//107 421//421 420//420
f 109//109 422//422 421//421
f 422//422 420//420 421//421
f 7//7 302//302 424//424
f 82//82 423//423 302//302
f 114//114 424//424 423//423
f 424//424 302//302 423//423
f 23//23 425//425 306//306
f 113//113 426//426 425//425
f 82//82 306//306 426//426
f 306//306 425//425 426//426
f 33//33 427//427 429//429
f 114//114 428//428 427//427
f 113//113 429//429 428//428
f 429//429 427//427 428//428
f 114//114 423//423 428//428
f 82//82 426//426 423//423
f 113//113 428//428 426//426
f 428//428 423//423 426//426
f 2//2 414//414 293//293
f 112//112 430//430 414//414
f 78//78 293//293 430//430
f 293//293 414//414 430//430
f 32//32 431//431 417//417
f 115//115 432//432 431//431
f 112//112 417//417 432//432
f 417//417 431//431 432//432
f 23//23 297//297 434//434
f 78//78 433//433 297//297
f 115//115 434//434 433//433
f 434//434 297//297 433//433
f 78//78 430//430 433//433
f 112//112 432//432 430//430
f 115//115 433//433 432//432
f 433//433 430//430 432//432
f 11//11 435//435 404//404
f 116//116 436//436 435//435
f 108//108 404//404 436//436
f 404//404 435//435 436//436
f 33//33 437//437 439//439
f 117//117 438//438 437//437
f 116//116 439//439 438//438
f 439//439 437//437 438//438
f 32//32 409//409 441//441
f 108//108 440//440 409//409
f 117//117 441//441 440//440
f 441//441 409//409 440//440
f 108//108 436//436 440//440
f 116//116 438//438 436//436
f 117//117 440//440 438//438
f 440//440 436//436 438//438
f 33//33 429//429 437//437
f 113//113 442//442 429//429
f 117//117 437//437 442//442
f 437//437 429//429 442//442
f 23//23 434//434 425//425
f 115//115 443//443 434//434
f 113//113 425//425 443//443
f 425//425 434//434 443//443
f 32//32 441//441 431//431
f 117//117 444//444 441//441
f 115//115 431//431 444//444
f 431//431 441//441 444//444
f 117//117 442//442 444//444
f 113//113 443//443 442//442
f 115//115 444//444 443//443
f 444//444 442//442 443//443
f 8//8 328//328 446//446
f 89//89 445//445 328//328
f 119//119 446//446 445//445
f 446//446 328//328 445//445
f 25//25 447//447 332//332
f 118//118 448//448 447//447
f 89//89 332//332 448//448
f 332//332 447//447 448//448
f 34//34 449//449 451//451
f 119//119 450//450 449//449
f 118//118 451//451 450//450
f 451//451 449//449 450//450
f 119//119 445//445 450//450
f 89//89 448//448 445//445
f 118//118 450//450 448//448
f 450//450 445//445 448//448
f 3//3 310//310 319//319
f 84//84 452//452 310//310
f 85//85 319//319 452//452
f 319//319 310//310 452//452
f 24//24 453//453 313//313
f 120//120 454//454 453//453
f 84//84 313//313 454//454
f 313//313 453//453 454//454
f 25//25 323//323 456//456
f 85//85 455//455 323//323
f 120//120 456//456 455//455
f 456//456 323//323 455//455
f 85//85 452//452 455//455
f 84//84 454//454 452//452
f 120//120 455//455 454//454
f 455//455 452//452 454//454
f 7//7 457//457 300//300
f 121//121 458//458 457//457
f 80//80 300//300 458//458
f 300//300 457//457 458//458
f 34//34 459//459 461//461
f 122//122 460//460 459//459
f 121//121 461//461 460//460
f 461//461 459//459 460//460
f 24//24 305//305 463//463
f 80//80 462//462 305//305
f 122//122 463//463 462//462
f 463//463 305//305 462//462
f 80//80 458//458 462//462
f 121//121 460//460 458//458
f 122//122 462//462 460//460
f 462//462 458//458 460//460
f 34//34 451//451 459//459
f 118//118 464//464 451//451
f 122//122 459//459 464//464
f 459//459 451//451 464//464
f 25//25 456//456 447//447
f 120//120 465//465 456//456
f 118//118 447//447 465//465
f 447//447 456//456 465//465
f 24//24 463//463 453//453
f 122//122 466//466 463//463
f 120//120 453//453 466//466
f 453//453 463//463 466//466
f 122//122 464//464 466//466
f 118//118 465//465 464//464
f 120//120 466//466 465//465
f 466//466 464//464 465//465
f 9//9 354//354 468//468
f 96//96 467//467 354//354
f 124//124 468//468 467//467
f 468//468 354//354 467//467
f 27//27 469//469 358//358
f 123//123 470//470 469//469
f 96//96 358//358 470//470
f 358//358 469//469 470//470
f 35//35 471//471 473//473
f 124//124 472//472 471//471
f 123//123 473//473 472//472
f 473//473 471//471 472//472
f 124//124 467//467 472//472
f 96//96 470//470 467//467
f 123//123 472//472 470//470
f 472//472 467//467 470//470
f 4//4 336//336 345//345
f 91//91 474//474 336//336
f 92//92 345//345 474//474
f 345//345 336//336 474//474
f 26//26 475//475 339//339
f 125//125 476//476 475//475
f 91//91 339//339 476//476
f 339//339 475//475 476//476
f 27//27 349//349 478//478
f 92//92 477//477 349//349
f 125//125 478//478 477//477
f 478//478 349//349 477//477
f 92//92 474//474 477//477
f 91//91 476//476 474//474
f 125//125 477//477 476//476
f 477//477 474//474 476//476
f 8//8 479//479 326//326
f 126//126 480//480 479//479
f 87//87 326//326 480//480
f 326//326 479//479 480//480
f 35//35 481//481 483//483
f 127//127 482//482 481//481
f 126//126 483//483 482//482
f 483//483 481//481 482//482
f 26//26 331//331 485//485
f 87//87 484//484 331//331
f 127//127 485//485 484//484
f 485//485 331//331 484//484
f 87//87 480//480 484//484
f 126//126 482//482 480//480
f 127//127 484//484 482//482
f 484//484 480//480 482//482
f 35//35 473//473 481//481
f 123//123 486//486 473//473
f 127//127 481//481 486//486
f 481//481 473//473 486//486
f 27//27 478//478 469//469
f 125//125 487//487 478//478
f 123//123 469//469 487//487
f 469//469 478//478 487//487
f 26//26 485//485 475//475
f 127//127 488//488 485//485
f 125//125 475//475 488//488
f 475//475 485//485 488//488
f 127//127 486//486 488//488
f 123//123 487//487 486//486
f 125//125 488//488 487//487
f 488//488 486//486 487//487
f 10//10 380//380 490//490
f 103//103 489//489 380//380
f 129//129 490//490 489//489
f 490//490 380//380 489//489
f 29//29 491//491 384//384
f 128//128 492//492 491//491
f 103//103 384//384 492//492
f 384//384 491//491 492//492
f 36//36 493//493 495//495
f 129//129 494//494 493//493
f 128//128 495//495 494//494
f 495//495 493//493 494//494
f 129//129 489//489 494//494
f 103//103 492//492 489//489
f 128//128 494//494 492//492
f 494//494 489//489 492//492
f 5//5 362//362 371//371
f 98//98 496//496 362//362
f 99//99 371//371 496//496
f 371//371 362//362 496//496
f 28//28 497//497 365//365
f 130//130 498//498 497//497
f 98//98 365//365 498//498
f 365//365 497//497 498//498
f 29//29 375//375 500//500
f 99//99 499//499 375//375
f 130//130 500//500 499//499
f 500//500 375//375 499//499
f 99//99 496//496 499//499
f 98//98 498//498 496//496
f 130//130 499//499 498//498
f 499//499 496//496 498//498
f 9//9 501//501 352//352
f 131//131 502//502 501//501
f 94//94 352//352 502//502
f 352//352 501//501 502//502
f 36//36 503//503 505//505
f 132//132 504//504 503//503
f 131//131 505//505 504//504
f 505//505 503//503 504//504
f 28//28 357//357 507//507
f 94//94 506//506 357//357
f 132//132 507//507 506//506
f 507//507 357//357 506//506
f 94//94 502//502 506//506
f 131//131 504//504 502//502
f 132//132 506//506 504//504
f 506//506 502//502 504//504
f 36//36 495//495 503//503
f 128//128 508//508 495//495
f 132//132 503//503 508//508
f 503//503 495//495 508//508
f 29//29 500//500 491//491
f 130//130 509//509 500//500
f 128//128 491//491 509//509
f 491//491 500//500 509//509
f 28//28 507//507 497//497
f 132//132 510//510 507//507
f 130//130 497//497 510//510
f 497//497 507//507 510//510
f 132//132 508//508 510//510
f 128//128 509//509 508//508
f 130//130 510//510 509//509
f 510//510 508//508 509//509
f 11//11 406//406 512//512
f 110//110 511//511 406//406
f 134//134 512//512 511//511
f 512//512 406//406 511//511
f 31//31 513//513 410//410
f 133//133 514//514 513//513
f 110//110 410//410 514//514
f 410//410 513//513 514//514
f 37//37 515//515 517//517
f 134//134 516//516 515//515
f 133//133 517//517 516//516
f 517//517 515//515 516//516
f 134//134 511//511 516//516
f 110//110 514//514 511//511
f 133//133 516//516 514//514
f 516//516 511//511 514//514
f 6//6 388//388 397//397
f 105//105 518//518 388//388
f 106//106 397//397 518//518
f 397//397 388//388 518//518
f 30//30 519//519 391//391
f 135//135 520//520 519//519
f 105//105 391//391 520//520
f 391//391 519//519 520//520
f 31//31 401//401 522//522
f 106//106 521//521 401//401
f 135//135 522//522 521//521
f 522//522 401//401 521//521
f 106//106 518//518 521//521
f 105//105 520//520 518//518
f 135//135 521//521 520//520
f 521//521 518//518 520//520
f 10//10 523//523 378//378
f 136//136 524//524 523//523
f 101//101 378//378 524//524
f 378//378 523//523 524//524
f 37//37 525//525 527//527
f 137//137 526//526 525//525
f 136//136 527//527 526//526
f 527//527 525//525 526//526
f 30//30 383//383 529//529
f 101//101 528//528 383//383
f 137//137 529//529 528//528
f 529//529 383//383 528//528
f 101//101 524//524 528//528
f 136//136 526//526 524//524
f 137//137 528//528 526//526
f 528//528 524//524 526//526
f 37//37 517//517 525//525
f 133//133 530//530 517//517
f 137//137 525//525 530//530
f 525//525 517//517 530//530
f 31//31 522//522 513//513
f 135//135 531//531 522//522
f 133//133 513//513 531//531
f 513//513 522//522 531//531
f 30//30 529//529 519//519
f 137//137 532//532 529//529
f 135//135 519//519 532//532
f 519//519 529//529 532//532
f 137//137 530//530 532//532
f 133//133 531//531 530//530
f 135//135 532//532 531//531
f 532//532 530//530 531//531
f 12//12 533//533 535//535
f 138//138 534//534 533//533
f 140//140 535//535 534//534
f 535//535 533//533 534//534
f 38//38 536//536 538//538
f 139//139 537//537 536//536
f 138//138 538//538 537//537
f 538//538 536//536 537//537
f 39//39 539//539 541//541
f 140//140 540//540 539//539
f 139//139 541//541 540//540
f 541//541 539//539 540//540
f 140//140 534//534 540//540
f 138//138 537//537 534//534
f 139//139 540//540 537//537
f 540//540 534//534 537//537
f 7//7 424//424 543//543
f 114//114 542//542 424//424
f 142//142 543//543 542//542
f 543//543 424//424 542//542
f 33//33 544//544 427//427
f 141//141 545//545 544//544
f 114//114 427//427 545//545
f 427//427 544//544 545//545
f 38//38 546//546 548//548
f 142//142 547//547 546//546
f 141//141 548//548 547//547
f 548//548 546//546 547//547
f 142//142 542//542 547//547
f 114//114 545//545 542//542
f 141//141 547//547 545//545
f 547//547 542//542 545//545
f 11//11 549//549 435//435
f 143//143 550//550 549//549
f 116//116 435//435 550//550
f 435//435 549//549 550//550
f 39//39 551//551 553//553
f 144//144 552//552 551//551
f 143//143 553//553 552//552
f 553//553 551//551 552//552
f 33//33 439//439 555//555
f 116//116 554//554 439//439
f 144//144 555//555 554//554
f 555//555 439//439 554//554
f 116//116 550//550 554//554
f 143//143 552//552 550//550
f 144//144 554//554 552//552
f 554//554 550//550 552//552
f 39//39 541//541 551//551
f 139//139 556//556 541//541
f 144//144 551//551 556//556
f 551//551 541//541 556//556
f 38//38 548//548 536//536
f 141//141 557//557 548//548
f 139//139 536//536 557//557
f 536//536 548//548 557//557
f 33//33 555//555 544//544
f 144//144 558//558 555//555
f 141//141 544//544 558//558
f 544//544 555//555 558//558
f 144//144 556//556 558//558
f 139//139 557//557 556//556
f 141//141 558//558 557//557
f 558//558 556//556 557//557
f 12//12 559//559 533//533
f 145//145 560//560 559//559
f 138//138 533//533 560//560
f 533//533 559//559 560//560
f 40//40 561//561 563//563
f 146//146 562//562 561//561
f 145//145 563//563 562//562
f 563//563 561//561 562//562
f 38//38 538//538 565//565
f 138//138 564//564 538//538
f 146//146 565//565 564//564
f 565//565 538//538 564//564
f 138//138 560//560 564//564
f 145//145 562//562 560//560
f 146//146 564//564 562//562
f 564//564 560//560 562//562
f 8//8 446//446 567//567
f 119//119 566//566 446//446
f 148//148 567//567 566//566
f 567//567 446//446 566//566
f 34//34 568//568 449//449
f 147//147 569//569 568//568
f 119//119 449//449 569//569
f 449//449 568//568 569//569
f 40//40 570//570 572//572
f 148//148 571//571 570//570
f 147//147 572//572 571//571
f 572//572 570//570 571//571
f 148//148 566//566 571//571
f 119//119 569//569 566//566
f 147//147 571//571 569//569
f 571//571 566//566 569//569
f 7//7 543//543 457//457
f 142//142 573//573 543//543
f 121//121 457//457 573//573
f 457//457 543//543 573//573
f 38//38 574//574 546//546
f 149//149 575//575 574//574
f 142//142 546//546 575//575
f 546//546 574//574 575//575
f 34//34 461//461 577//577
f 121//121 576//576 461//461
f 149//149 577//577 576//576
f 577//577 461//461 576//576
f 121//121 573//573 576//576
f 142//142 575//575 573//573
f 149//149 576//576 575//575
f 576//576 573//573 575//575
f 38//38 565//565 574//574
f 146//146 578//578 565//565
f 149//149 574//574 578//578
f 574//574 565//565 578//578
f 40//40 572//572 561//561
f 147//147 579//579 572//572
f 146//146 561//561 579//579
f 561//561 572//572 579//579
f 34//34 577//577 568//568
f 149//149 580//580 577//577
f 147//147 568//568 580//580
f 568//568 577//577 580//580
f 149//149 578//578 580//580
f 146//146 579//579 578//578
f 147//147 580//580 579//579
f 580//580 578//578 579//579
f 12//12 581//581 559//559
f 150//150 582//582 581//581
f 145//145 559//559 582//582
f 559//559 581//581 582//582
f 41//41 583//583 585//585
f 151//151 584//584 583//583
f 150//150 585//585 584//584
f 585//585 583//583 584//584
f 40//40 563//563 587//587
f 145//145 586//586 563//563
f 151//151 587//587 586//586
f 587//587 563//563 586//586
f 145//145 582//582 586//586
f 150//150 584//584 582//582
f 151//151 586//586 584//584
f 586//586 582//582 584//584
f 9//9 468//468 589//589
f 124//124 588//588 468//468
f 153//153 589//589 588//588
f 589//589 468//468 588//588
f 35//35 590//590 471//471
f 152//152 591//591 590//590
f 124//124 471//471 591//591
f 471//471 590//590 591//591
f 41//41 592//592 594//594
f 153//153 593//593 592//592
f 152//152 594//594 593//593
f 594//594 592//592 593//593
f 153//153 588//588 593//593
f 124//124 591//591 588//588
f 152//152 593//593 591//591
f 593//593 588//588 591//591
f 8//8 567//567 479//479
f 148//148 595//595 567//567
f 126//126 479//479 595//595
f 479//479 567//567 595//595
f 40//40 596//596 570//570
f 154//154 597//597 596//596
f 148//148 570//570 597//597
f 570//570 596//596 597//597
f 35//35 483//483 599//599
f 126//126 598//598 483//483
f 154//154 599//599 598//598
f 599//599 483//483 598//598
f 126//126 595//595 598//598
f 148//148 597//597 595//595
f 154//154 598//598 597//597
f 598//598 595//595 597//597
f 40//40 587//587 596//596
f 151//151 600//600 587//587
f 154//154 596//596 600//600
f 596//596 587//587 600//600
f 41//41 594//594 583//583
f 152//152 601//601 594//594
f 151//151 583//583 601//601
f 583//583 594//594 601//601
f 35//35 599//599 590//590
f 154//154 602//602 599//599
f 152//152 590//590 602//602
f 590//590 599//599 602//602
f 154//154 600//600 602//602
f 151//151 601//601 600//600
f 152//152 602//602 601//601
f 602//602 600//600 601//601
f 12//12 603//603 581//581
f 155//155 604//604 603//603
f 150//150 581//581 604//604
f 581//581 603//603 604//604
f 42//42 605//605 607//607
f 156//156 606//606 605//605
f 155//155 607//607 606//606
f 607//607 605//605 606//606
f 41//41 585//585 609//609
f 150//150 608//608 585//585
f 156//156 609//609 608//608
f 609//609 585//585 608//608
f 150//150 604//604 608//608
f 155//155 606//606 604//604
f 156//156 608//608 606//606
f 608//608 604//604 606//606
f 10//10 490//490 611//611
f 129//129 610//610 490//490
f 158//158 611//611 610//610
f 611//611 490//490 610//610
f 36//36 612//612 493//493
f 157//157 613//613 612//612
f 129//129 493//493 613//613
f 493//493 612//612 613//613
f 42//42 614//614 616//616
f 158//158 615//615 614//614
f 157//157 616//616 615//615
f 616//616 614//614 615//615
f 158//158 610//610 615//615
f 129//129 613//613 610//610
f 157//157 615//615 613//613
f 615//615 610//610 613//613
f 9//9 589//589 501//501
f 153//153 617//617 589//589
f 131//131 501//501 617//617
f 501//501 589//589 617//617
f 41//41 618//618 592//592
f 159//159 619//619 618//618
f 153//153 592//592 619//619
f 592//592 618//618 619//619
f 36//36 505//505 621//621
f 131//131 620//620 505//505
f 159//159 621//621 620//620
f 621//621 505//505 620//620
f 131//131 617//617 620//620
f 153//153 619//619 617//617
f 159//159 620//620 619//619
f 620//620 617//617 619//619
f 41//41 609//609 618//618
f 156//156 622//622 609//609
f 159//159 618//618 622//622
f 618//618 609//609 622//622
f 42//42 616//616 605//605
f 157//157 623//623 616//616
f 156//156 605//605 623//623
f 605//605 616//616 623//623
f 36//36 621//621 612//612
f 159//159 624//624 621//621
f 157//157 612//612 624//624
f 612//612 621//621 624//624
f 159//159 622//622 624//624
f 156//156 623//623 622//622
f 157//157 624//624 623//623
f 624//624 622//622 623//623
f 12//12 535//535 603//603
f 140//140 625//625 535//535
f 155//155 603//603 625//625
f 603//603 535//535 625//625
f 39//39 626//626 539//539
f 160//160 627//627 626//626
f 140//140 539//539 627//627
f 539//539 626//626 627//627
f 42//42 607//607 629//629
f 155//155 628//628 607//607
f 160//160 629//629 628//628
f 629//629 607//607 628//628
f 155//155 625//625 628//628
f 140//140 627//627 625//625
f 160//160 628//628 627//627
f 628//628 625//625 627//627
f 11//11 512//512 549//549
f 134//134 630//630 512//512
f 143//143 549//549 630//630
f 549//549 512//512 630//630
f 37//37 631//631 515//515
f 161//161 632//632 631//631
f 134//134 515//515 632//632
f 515//515 631//631 632//632
f 39//39 553//553 634//634
f 143//143 633//633 553//553
f 161//161 634//634 633//633
f 634//634 553//553 633//633
f 143//143 630//630 633//633
f 134//134 632//632 630//630
f 161//161 633//633 632//632
f 633//633 630//630 632//632
f 10//10 611//611 523//523
f 158//158 635//635 611//611
f 136//136 523//523 635//635
f 523//523 611//611 635//635
f 42//42 636//636 614//614
f 162//162 637//637 636//636
f 158//158 614//614 637//637
f 614//614 636//636 637//637
f 37//37 527//527 639//639
f 136//136 638//638 527//527
f 162//162 639//639 638//638
f 639//639 527//527 638//638
f 136//136 635//635 638//638
f 158//158 637//637 635//635
f 162//162 638//638 637//637
f 638//638 635//635 637//637
f 42//42 629//629 636//636
f 160//160 640//640 629//629
f 162//162 636//636 640//640
f 636//636 629//629 640//640
f 39//39 634//634 626//626
f 161//161 641//641 634//634
f 160//160 626//626 641//641
f 626//626 634//634 641//641
f 37//37 639//639 631//631
f 162//162 642//642 639//639
f 161//161 631//631 642//642
f 631//631 639//639 642//642
f 162//162 640//640 642//642
f 160//160 641//641 640//640
f 161//161 642//642 641//641
f 642//642 640//640 641//641

g H2_Atom
usemtl kffffff
# Number of vertices: 642
v 0.27740000000000004 0.8929 0.5074000000000001
v 0.5036900793229787 0.8929 0.3675450396614894
v 0.34732747186969953 1.108114657209755 0.3675450396614894
v 0.09432746991044083 1.0259099572460928 0.3675450396614894
v 0.09432749555747927 0.7598900074537887 0.3675450396614894
v 0.3473275133674775 0.6776853562736931 0.3675450396614894
v 0.4604725172660409 1.0259099748961527 0.14125496033851065
v 0.20747250738141118 1.1081146504680321 0.14125496033851065
v 0.051109920677022386 0.8928999781833267 0.14125496033851065
v 0.2074725488791906 0.6776853360485239 0.14125496033851065
v 0.46047254291307593 0.7598900604039684 0.14125496033851065
v 0.27740000000000004 0.8929 0.0014000000000000123
v 0.4104099713661408 0.8929 0.46961465451306617
v 0.4515123098262529 1.019400002867426 0.3874099727144854
v 0.3185023366951062 1.019400001585074 0.46961465451306617
v 0.2108950027344208 1.0975812949372687 0.3874099727144854
v 0.16979266671348708 0.9710812912773057 0.46961465451306617
v 0.06218534632025774 0.8928999792511108 0.3874099727144854
v 0.16979268178843804 0.8147186879738052 0.46961465451306617
v 0.2108950422011541 0.6882186922392141 0.3874099727144854
v 0.31850236108688806 0.7664000063402979 0.46961465451306617
v 0.4515123253930049 0.7664000114697048 0.387409965972763
v 0.5180172978689264 0.9710813018966581 0.2544
v 0.42610966290998575 1.0975813038780007 0.2544
v 0.27739998780410885 1.1458999999999997 0.2544
v 0.12869031735664813 1.0975812895408703 0.2544
v 0.03678269459359937 0.9710812786986942 0.2544
v 0.03678270966855032 0.8147186749053789 0.2544
v 0.12869035682338198 0.688218681784871 0.2544
v 0.27740003658767365 0.6399000000000027 0.2544
v 0.42610970237671675 0.688218724796262 0.2544
v 0.5180173054064008 0.8147187213013058 0.2544
v 0.49261465784635583 0.8929000207488897 0.12139003402723703
v 0.34390497753221294 1.0975813013490283 0.1213900272855146
v 0.10328767797785648 1.0193999860812215 0.1213900272855146
v 0.10328770236963944 0.7663999803463708 0.12139002728551457
v 0.34390501699894505 0.6882187114744929 0.1213900272855146
v 0.385007325749038 0.9710813016517507 0.03918534548693389
v 0.38500734082398697 0.81471871909714 0.03918534548693389
v 0.23629765110900275 1.0193999976223886 0.03918534548693389
v 0.14439002863385986 0.8928999871764812 0.03918534548693389
v 0.23629767550078548 0.7663999944522418 0.03918534548693389
v 0.346536431814906 0.8929 0.4977704045193312
v 0.36893625760713894 0.9594049867027298 0.4806900799570084
v 0.29876432982555995 0.9586526548148577 0.49777040451933113
v 0.48552268626261685 0.9586526556345922 0.3823473944237674
v 0.43886373853424243 0.9594049872261525 0.4374725206375744
v 0.46415835503475683 0.8929 0.42507605814733285
v 0.3351114986975842 1.0705177527539604 0.42507605814733285
v 0.39054503552054476 1.0259099737781328 0.43747252063757436
v 0.4042479317254386 1.0705177538343151 0.3823473944237674
v 0.24243625408255756 1.00050732402802 0.4806900799570084
v 0.2214674485970103 0.933537370702951 0.49777040451933113
v 0.27917894694831513 1.1111551250438898 0.3823473944237674
v 0.26404503100035404 1.067012311426916 0.4374725206375744
v 0.12630930846871988 1.0026737951784843 0.42507605814733285
v 0.18586373077621293 1.0416096621070579 0.43747252063757436
v 0.14767363764162295 1.0684264514807724 0.3823473944237674
v 0.16425496160657052 0.8928999890916635 0.4806900799570084
v 0.221467456432726 0.8522626185121122 0.4977704045193312
v 0.07037676328513337 0.9620364138516684 0.3823473944237674
v 0.10768243768490557 0.9340023263237853 0.43747252063757436
v 0.12630932963535133 0.7831261756881481 0.42507605814733285
v 0.10768244561027629 0.8517976409512049 0.4374725206375744
v 0.07037677661604916 0.8237635462300267 0.3823473944237674
v 0.24243627483144697 0.7852926692302581 0.4806900799570084
v 0.2987643425040137 0.8271473493046224 0.49777040451933113
v 0.1476736714867084 0.71737352350534 0.3823473944237674
v 0.1858637594504733 0.7441903202428837 0.43747252063757436
v 0.3351115329459117 0.715282258373998 0.42507605814733285
v 0.2640450645727623 0.7187876859979765 0.43747252063757436
v 0.27917898903235866 0.6746448752991315 0.3823473944237674
v 0.36893626914830563 0.826395018395568 0.4806900767868603
v 0.40424795990902385 0.7152822626954164 0.38234738942908764
v 0.390545056225267 0.7598900382818288 0.43747251660342634
v 0.4388637462861682 0.8263950204892587 0.43747251660342634
v 0.4855226919295701 0.82714735258356 0.3823473894290876
v 0.5200909030863975 0.933537376251975 0.31321096165226575
v 0.4954362582238242 1.0005073301521603 0.32432748098764796
v 0.4498550111398192 1.0684264650196675 0.19558903834773428
v 0.4820812967094357 1.041609672776669 0.2544
v 0.4976271133132071 1.002673809951498 0.19558903834773428
v 0.4471175550089404 1.0670123169810495 0.32432748098764796
v 0.39104404650667013 1.1111551293397834 0.31321096165226575
v 0.31374716255896506 1.1362704060962383 0.31321096165226575
v 0.2424362473595647 1.133517296560369 0.32432748098764796
v 0.16375593245130832 1.1111551183833364 0.19558903834773428
v 0.1992186865043603 1.1335172941001883 0.2544
v 0.24105281397764391 1.1362704025919996 0.19558903834773425
v 0.1642549468098976 1.108114647134741 0.32432748098764796
v 0.10494497193763888 1.0684264483932435 0.31321096165226575
v 0.05717287610347829 1.002673788719356 0.31321096165226575
v 0.037754956834847725 0.9340023197532015 0.32432748098764796
v 0.03470910083146156 0.8522626003501451 0.19558903834773428
v 0.0244000000000012 0.8928999756082177 0.2544
v 0.03470909299574587 0.9335373528540946 0.19558903834773425
v 0.037754964760218446 0.8517976340383429 0.32432748098764796
v 0.05717289727010977 0.783126168816361 0.31321096165226575
v 0.10494500578272459 0.7173735183539098 0.31321096165226575
v 0.16425498830767715 0.6776853310485871 0.32432748098764796
v 0.24105286090442646 0.6495295903995255 0.19558903834773428
v 0.19921873290028808 0.6522826908248629 0.2544
v 0.1637559745353528 0.6746448597037716 0.19558903834773428
v 0.24243629375549214 0.6522826966979102 0.32432748098764796
v 0.31374720948574686 0.6495296009122413 0.31321096165226575
v 0.3910440885907124 0.6746448925731129 0.31321096165226575
v 0.4471175820182267 0.7187877076047144 0.3243274766507778
v 0.4976271289764769 0.783126221245165 0.19558903877113745
v 0.4820813182151291 0.7441903568233819 0.2544
v 0.4498550449849016 0.7173735682331823 0.19558903834773428
v 0.4954362694265367 0.7852926900470483 0.32432747714059257
v 0.5200909052570277 0.8522626360985158 0.3132109612288626
v 0.5170450386769213 0.9340023532999248 0.1844725233492222
v 0.48442322980356245 0.9620364437903977 0.12645261057091245
v 0.5303999999999998 0.8929000121958912 0.2544
v 0.4844232431344763 0.8237635961279086 0.12645261057091245
v 0.5170450443182263 0.8517976804247344 0.18447252285940746
v 0.3123637294424718 1.1335172999312306 0.18447251901235204
v 0.27562103200966315 1.11115512487238 0.12645260557623259
v 0.35558129029767627 1.1335173016376638 0.2544
v 0.40712634543583504 1.068426463987717 0.12645260557623259
v 0.39054503244121325 1.1081146580430778 0.18447251901235204
v 0.059363731401731956 1.000507309131239 0.18447251901235204
v 0.06927730739815707 0.9586526355694407 0.12645260557623259
v 0.072718688953435 1.041609653043302 0.2544
v 0.1505520511503977 1.070517741604879 0.12645260557623259
v 0.10768242820485593 1.0670123006185441 0.18447251901235204
v 0.10768246177726504 0.7187876666564468 0.18447251901235204
v 0.15055208539872658 0.7152822339362503 0.12645260557623259
v 0.07271871762769566 0.7441903074899655 0.2544
v 0.06927732007661136 0.8271473243002568 0.12645260557623259
v 0.059363752150621896 0.7852926488269194 0.18447251901235204
v 0.39054507393899063 0.6776853637735981 0.18447251901235204
v 0.4071263792809181 0.717373561026174 0.12645260557623259
v 0.35558133669360253 0.6522827134372895 0.2544
v 0.2756210740937068 0.6746448747846026 0.12645260557623259
v 0.31236377583839864 0.6522827068104947 0.18447251901235204
v 0.3333325474851322 0.9335373760954195 0.011029595480668869
v 0.39054504473372564 0.8929000109083373 0.028109923213139737
v 0.3333325553208468 0.8522626346895182 0.011029595480668869
v 0.44711756008884446 0.934002353484657 0.07132748339657374
v 0.42849068094796516 1.0026738097451686 0.08372394185266721
v 0.42849070211459384 0.7831262193882012 0.08372394185266721
v 0.4471175680142141 0.8517976792403541 0.07132748339657372
v 0.25603566383521315 0.958652652755118 0.011029595480668897
v 0.31236373554299796 1.0005073273988814 0.02810992004299165
v 0.29075495221344194 1.0670123127144706 0.07132747936242564
v 0.2196884841782518 1.070517747189982 0.08372394185266721
v 0.3689362548866574 1.0416096709320877 0.07132747936242562
v 0.2082635681850944 0.8928999933345423 0.011029595480668869
v 0.185863735981102 0.9594049778777 0.02810992004299165
v 0.1159362550539988 0.9594049716593999 0.07132747936242564
v 0.0906416449652441 0.8928999819945884 0.08372394185266721
v 0.1642549516559367 1.0259099628697959 0.07132747936242564
v 0.2560356765136673 0.8271473431254032 0.011029595480668897
v 0.1858637488046211 0.826395004472241 0.02810992004299162
v 0.16425497730297497 0.7598900153135315 0.07132747936242564
v 0.2196885184265805 0.7152822416820629 0.08372394185266721
v 0.11593626787751798 0.8263949972070953 0.07132747936242564
v 0.3123637562918868 0.7852926793428425 0.02810992004299165
v 0.36893628356091607 0.7441903467179737 0.07132747936242564
v 0.29075498578585 0.7187876898606401 0.07132747936242564
v 0.3123019172582914 0.8929 0.504981037135086
v 0.3232456411817591 0.92620880939285 0.500971897022885
v 0.28818528428899587 0.9260936962556169 0.504981037135086
v 0.3910726130589526 0.9265669898867452 0.47790407341325003
v 0.35856744052449324 0.9264964971532704 0.4916596088206612
v 0.3794489032001932 0.8929 0.485905985571945
v 0.3089348416033746 0.9899542755854294 0.485905985571945
v 0.33443428347771603 0.9597129368494633 0.4916596088206612
v 0.34454597557813654 0.9906054099389837 0.47790407341325003
v 0.4967031663778262 0.9260936966883991 0.3761098998307782
v 0.4774378139466259 0.9262088097901969 0.40567589425224226
v 0.48591788125565816 0.8929 0.3976804703951353
v 0.44727952302953067 0.9906054107991464 0.41441125071640816
v 0.46410493574039413 0.9597129375289252 0.4115187396491305
v 0.4703624347703208 0.9899542767020507 0.3861382485892062
v 0.43882759145779626 0.8929 0.44920793802136205
v 0.453312261052338 0.9264964974373208 0.43310408996829985
v 0.4264721808872177 0.9265669901331189 0.4560259374706169
v 0.3418355612913241 1.0912122922171512 0.3976804703951353
v 0.37089363768835215 1.072854281777299 0.40567589425224226
v 0.37673747921868017 1.091212292875808 0.37610989983077825
v 0.35548504256657787 1.024272399941809 0.4560259374706169
v 0.3637120399450524 1.0498206168389785 0.43310408996829985
v 0.32728386320085634 1.0464267646894945 0.44920793802136205
v 0.42933276799117587 1.0464267659699378 0.3861382485892062
v 0.39863787163567005 1.0498206172952476 0.4115187396491305
v 0.42281902216400225 1.0242724005909773 0.4144112507164081
v 0.3811185311587944 0.9940005858379597 0.46183706958372595
v 0.4056031571228899 0.9603003906979779 0.46183706958372595
v 0.41655301329572403 0.9940005861589337 0.43993735572396214
v 0.25988851994167345 0.9467947832791138 0.500971897022885
v 0.2491637542195028 0.913414830063346 0.504981037135086
v 0.2805075545440563 1.0114127515183082 0.47790407341325003
v 0.27052994759236126 0.9804767115287115 0.4916596088206612
v 0.1948406984273536 0.9528828339460484 0.485905985571945
v 0.2314816810050821 0.9677891581134934 0.4916596088206612
v 0.20522587713073104 0.9869522469467701 0.47790407341325003
v 0.3135993153566908 1.1117271232066281 0.3761098998307782
v 0.30753651569246765 1.0934402559091367 0.40567589425224226
v 0.236972284599654 1.084657658182612 0.41441125071640816
v 0.2715521108238457 1.091113278675401 0.4115187396491305
v 0.24472456109439622 1.1064096006060962 0.3861382485892062
v 0.2998077035194017 1.0705843916937794 0.43310408996829985
v 0.29144662106386704 1.0450797416734008 0.4560259374706169
v 0.10870548097999971 1.0154637224302505 0.3976804703951353
v 0.13514442501858226 1.0374266591494132 0.40567589425224226
v 0.11949076484932811 1.048657419525722 0.37610989983077825
v 0.1765870237041185 1.0077595888442097 0.4560259374706169
v 0.1548315069407748 1.023478760668772 0.43310408996829985
v 0.1468023278313399 0.9877847474992285 0.44920793802136205
v 0.17833716870831645 1.0848390249926365 0.3861382485892062
v 0.16562418076095548 1.0566952010423663 0.4115187396491305
v 0.1973943646116399 1.0717980099114452 0.4144112507164081
v 0.21329841278836925 1.0227839816123072 0.46183706958372595
v 0.2529153680040772 1.035656313200295 0.46183706958372595
v 0.2242482683506744 1.056484177271636 0.43993735572396214
v 0.22073167023340307 0.8928999945365946 0.500971897022885
v 0.24916375817518133 0.8723851644921298 0.504981037135086
v 0.16564796104321927 0.9324779099585451 0.47790407341325003
v 0.1919866340870337 0.9134288807703821 0.4916596088206612
v 0.19484070999327002 0.832917150134834 0.485905985571945
v 0.19198663804542257 0.8723711027601777 0.4916596088206612
v 0.16564796867465034 0.8533220684933813 0.47790407341325003
v 0.08046923822674754 0.9949488870619784 0.37610989983077825
v 0.09598757484320258 0.983531869763973 0.40567589425224226
v 0.08253477773105206 0.9137073254947456 0.4144112507164081
v 0.08708087041526158 0.9485895911744402 0.4115187396491305
v 0.06424303578554488 0.9278018977353099 0.3861382485892062
v 0.11533645968880521 0.9691184828660577 0.43310408996829985
v 0.1370091073269771 0.9532852514573438 0.4560259374706169
v 0.10870550461279058 0.7703362450420047 0.3976804703951353
v 0.0959875923188806 0.8022680952560097 0.40567589425224226
v 0.08046925790385986 0.7908510749657526 0.37610989983077825
v 0.1370091189704889 0.8325147214724273 0.4560259374706169
v 0.11533647438528763 0.8166814858847848 0.43310408996829985
v 0.14680234612705864 0.7980152273188761 0.44920793802136205
v 0.06424304251534727 0.8579980611636768 0.3861382485892062
v 0.08708088115335519 0.8372103721281475 0.4115187396491305
v 0.0825347817431328 0.8720926369312619 0.41441125071640816
v 0.13406451391366173 0.8720721198652011 0.46183706958372595
v 0.1340645098976239 0.9137278524967909 0.46183706958372595
v 0.10539741388293128 0.8928999834171951 0.4399373557239622
v 0.2598885303336882 0.8390052133443164 0.500971897022885
v 0.28818529068941795 0.8597063058240068 0.504981037135086
v 0.2052258952659256 0.7988477391365875 0.47790407341325003
v 0.23148169544524144 0.8180108330325188 0.4916596088206612
v 0.30893486031741957 0.7958457304951336 0.485905985571945
v 0.2705299644789392 0.8053232871466038 0.4916596088206612
v 0.28050757739573406 0.774387249080894 0.47790407341325003
v 0.11949079488254116 0.7371425500261569 0.3761098998307782
v 0.13514445288627516 0.7483733134208107 0.40567589425224226
v 0.1973943991068297 0.7140019746618383 0.4144112507164081
v 0.16562421234401603 0.729104777404977 0.41151873964913044
v 0.1783372057180806 0.7009609559060309 0.38613824858920615
v 0.15483153211902778 0.7623212156975228 0.4331040899682998
v 0.17658704585139384 0.7780403917169926 0.4560259374706169
v 0.34183559952998116 0.694587720207344 0.3976804703951353
v 0.30753655436072225 0.6923597499018024 0.40567589425224226
v 0.3135993575510266 0.674072883773343 0.3761098998307782
v 0.29144665040722756 0.7407202610350773 0.4560259374706169
v 0.2998077377805793 0.7152156126268866 0.4331040899682998
v 0.3272838928039497 0.7393732449291355 0.44920793802136205
v 0.24472460226340642 0.6793903930934162 0.38613824858920615
v 0.2715521490434123 0.6946867201970103 0.41151873964913044
v 0.23697232157444578 0.7011423340221029 0.4144112507164081
v 0.2529153955304091 0.750143682078571 0.4618370695837259
v 0.21329843783265356 0.7630160060276007 0.46183706958372595
v 0.22424829989304418 0.7293158124796282 0.4399373557239621
v 0.3232456474432675 0.8595911928110387 0.5009718961563873
v 0.3445459935392987 0.7951945969876321 0.47790407104527477
v 0.3344342957068027 0.8260870678141365 0.4916596071942213
v 0.35856744634623283 0.8593035054257855 0.4916596071942213
v 0.3910726185133377 0.8592330128091333 0.47790407104527477
v 0.3767375141120134 0.6945877228419708 0.3761098969617612
v 0.37089366923777944 0.7129457323819951 0.405675891597188
v 0.42281904043097557 0.7615276128577585 0.41441124515696803
v 0.39863789631145713 0.7359793971749816 0.4115187350604797
v 0.4293327896436373 0.7393732500509078 0.3861382422881495
v 0.36371206744456996 0.7359793953499054 0.43310408738944034
v 0.3554850653449773 0.7615276102610857 0.45602593529691915
v 0.4774378166522662 0.8595911944004262 0.405675891597188
v 0.4967031686123874 0.8597063075551354 0.3761098969617612
v 0.42647218471428483 0.8592330137946279 0.45602593529691915
v 0.4533122644359307 0.8593035065619867 0.43310408738944034
v 0.4703624449386159 0.7958457349616181 0.3861382422881495
v 0.46410494248652506 0.8260870705319833 0.41151873506047965
v 0.44727953472342596 0.7951946004282824 0.41441124515696803
v 0.40560316678224384 0.8254996158566843 0.46183706574365546
v 0.38111854740410134 0.7917994229489983 0.46183706574365546
v 0.41655302720495324 0.7917994242328943 0.4399373509546185
v 0.5141541253860904 0.9134148328682623 0.34120798203537894
v 0.5057719791629175 0.9467947864908554 0.34900756376906195
v 0.5095853652699168 0.9869522553945481 0.2897995679306123
v 0.510146738855764 0.9677891640555145 0.3194351340359429
v 0.5213868879570474 0.9528828421188632 0.28408934415541603
v 0.4926838227342094 0.9804767150547459 0.35436096562741576
v 0.47591837471498705 1.0114127552320265 0.35713354733403196
v 0.4568797917091936 1.0486574352092697 0.1675920179646211
v 0.4763238924808273 1.037426673584052 0.19481539105603557
v 0.48099642477565474 1.0154637388199157 0.16759201796462106
v 0.45629801132829784 1.0717980199520951 0.2544
v 0.46791892983898387 1.0566952133019627 0.22469031349251642
v 0.43953250507287556 1.0848390362652038 0.224710655844584
v 0.5100465669203913 0.9877847603347195 0.224710655844584
v 0.49205208698351 1.0234787734712298 0.22469031349251642
v 0.5028246489586115 1.007759599694091 0.2544
v 0.3992278027531958 1.0934402586864076 0.34900756376906195
v 0.3700718052738786 1.1117271252889496 0.34120798203537894
v 0.45145787374146407 1.0450797451724991 0.35713354733403196
v 0.4272167585151787 1.0705843949783977 0.3543609656274158
v 0.40984315941263005 1.1064096072040366 0.28408934415541603
v 0.42054651752275946 1.0911132837678477 0.3194351340359429
v 0.43859822668384163 1.0846576655685785 0.2897995679306123
v 0.47388720883030455 1.0356563192128663 0.3252689642288534
v 0.49160445041737455 1.0227839901590245 0.28983448210092777
v 0.4671198243443965 1.0564841854488702 0.28983448210092777
v 0.33105027382479624 1.1244059877702297 0.34120798203537894
v 0.2967138256957443 1.1267490646008174 0.34900756376906195
v 0.2597002037117265 1.1427851492219567 0.2897995679306123
v 0.27809886078807 1.1373973270498592 0.3194351340359429
v 0.29574901225690775 1.1434810379753766 0.28408934415541603
v 0.26063594537080315 1.1247097750812591 0.3543609656274158
v 0.22603321466181872 1.1183246473129933 0.35713354733403196
v 0.1847281736289534 1.1117271163544407 0.1675920179646211
v 0.20141781965504066 1.1267490595384573 0.19481539105603557
v 0.22374970385566387 1.1244059825977946 0.1675920179646211
v 0.16254038943929072 1.1183246434217922 0.2544
v 0.18049507318205688 1.1247097704714712 0.22469031349251642
v 0.14495682000286525 1.106409594435163 0.224710655844584
v 0.2590509635845226 1.1434810362063432 0.224710655844584
v 0.21954333992749714 1.137397323938079 0.22469031349251642
v 0.23782206709450818 1.142785148071926 0.2544
v 0.12432173477681094 1.0707354677614729 0.34900756376906195
v 0.09792019327420079 1.0486574179055852 0.34120798203537894
v 0.18645529449906578 1.1054649989850507 0.35713354733403196
v 0.15470801512296092 1.0902916973881298 0.3543609656274158
v 0.11526747642224303 1.0848390206339746 0.28408934415541603
v 0.13312266384422222 1.0902916959061846 0.3194351340359429
v 0.1448406059224946 1.105464996253218 0.2897995679306123
v 0.20234855016844777 1.123884566123608 0.3252689642288534
v 0.22006579084244104 1.136756896434192 0.28983448210092777
v 0.18044883545055757 1.1238845647889615 0.28983448210092777
v 0.07380356340795091 1.0154637191911418 0.34120798203537894
v 0.060964620153111826 0.983531866516232 0.34900756376906195
v 0.034275560328318466 0.953285241778574 0.2897995679306123
v 0.04508518081340415 0.9691184762851254 0.3194351340359429
v 0.04475342393175047 0.9877847379052155 0.28408934415541603
v 0.05175542294538485 0.9485895878659415 0.3543609656274158
v 0.04713520982111763 0.9137073221737316 0.35713354733403196
v 0.04064587659175006 0.8723851443062236 0.1675920179646211
v 0.03151654310020313 0.892899976294325 0.19481539105603557
v 0.0406458726360715 0.913414810042748 0.16759201796462106
v 0.02751485383593269 0.8533220550487688 0.2544
v 0.026990538818497056 0.8723710867697194 0.22469031349251642
v 0.03341311782591205 0.8329171343583107 0.224710655844584
v 0.03341310625999558 0.9528828185960366 0.224710655844584
v 0.026990534860108162 0.9134288649462242 0.22469031349251642
v 0.027514846204501592 0.9324778967682732 0.2544
v 0.06096463762878987 0.8022680917506101 0.34900756376906195
v 0.07380358704074175 0.7703362415513114 0.34120798203537894
v 0.04713521383319838 0.8720926334265166 0.35713354733403196
v 0.051755433683478375 0.8372103686251788 0.3543609656274158
v 0.044753442227469215 0.7980152172357773 0.28408934415541603
v 0.04508519550988663 0.8166814789198366 0.3194351340359429
v 0.03427557197183029 0.8325147113420721 0.2897995679306123
v 0.03452844977410602 0.8928999765847035 0.3252689642288534
v 0.027761063810808895 0.9137278423406746 0.28983448210092777
v 0.02776106782684673 0.8720721095238428 0.28983448210092777
v 0.09792022330741396 0.7371425474870472 0.34120798203537894
v 0.1243217690671223 0.715064502721916 0.34900756376906195
v 0.1448406469093677 0.6803349781866287 0.2897995679306123
v 0.13312270190537348 0.6955082762742034 0.3194351340359429
v 0.11526751343200753 0.7009609481035686 0.28408934415541603
v 0.15470805318411207 0.6955082789543545 0.3543609656274158
v 0.18645533548593862 0.6803349834789576 0.35713354733403196
v 0.22374974849474435 0.6613940070573374 0.1675920179646211
v 0.2014178647459146 0.6590509258106316 0.19481539105603557
v 0.1847282158232904 0.6740728657765435 0.1675920179646211
v 0.2378221152774667 0.6430148442966452 0.2544
v 0.2195433870715735 0.6484026649059805 0.22469031349251642
v 0.2590510119016622 0.6423189602555925 0.224710655844584
v 0.14495686117187617 0.6793903800270921 0.224710655844584
v 0.1804951178797147 0.661090210843285 0.22469031349251642
v 0.16254043290576597 0.6674753344309343 0.2544
v 0.2967138707866174 0.6590509391232868 0.34900756376906195
v 0.3310503184638756 0.6613940225746426 0.34120798203537894
v 0.2260332581282935 0.667475342782446 0.35713354733403196
v 0.2606359900684602 0.6610902216862934 0.35436096562741576
v 0.29574906057404693 0.6423189655626922 0.28408934415541603
v 0.27809890793214587 0.6484026730849 0.3194351340359429
v 0.25970025189468476 0.6430148473651659 0.2897995679306123
v 0.2023485947069889 0.6619154194049446 0.3252689642288534
v 0.1804488799890988 0.6619154165168791 0.28983448210092777
v 0.2200658378630299 0.6490430925106064 0.28983448210092777
v 0.37007184746821375 0.6740728925800703 0.34120798203537894
v 0.39922783798403666 0.6923597613888335 0.349007560955305
v 0.43859825989088086 0.7011423619230822 0.28979956563736153
v 0.42054655198421653 0.6946867403348636 0.3194351316439907
v 0.4098432005816384 0.6793904183337124 0.28408934415541603
v 0.42721678636110666 0.7152156258347186 0.3543609608893534
v 0.45145789481403287 0.7407202749519106 0.357133541441902
v 0.4809964452708662 0.7703362949657533 0.1675920183315764
v 0.4763239167601104 0.7483733596462339 0.19481539151030847
v 0.4568798217424034 0.737142599398101 0.1675920179646211
v 0.5028246628006571 0.7780404274724563 0.2544
v 0.4920521057144145 0.7623212572694884 0.2246903137127524
v 0.5100465782221415 0.7980152672926059 0.22471065611072888
v 0.439532542082637 0.7009609949972565 0.224710655844584
v 0.46791895742422185 0.7291048187732532 0.22469031355122152
v 0.45629804151158676 0.7140020102311975 0.2544
v 0.5057719828282656 0.839005224000732 0.34900756089803353
v 0.5141541260640278 0.8723851734028026 0.34120798166842364
v 0.47591838805710046 0.7743872623764385 0.35713354186525137
v 0.49268383081583833 0.8053232994801055 0.3543609609562964
v 0.5213868924273379 0.8329171759328117 0.28408934388927115
v 0.5101467448819024 0.8180108526224944 0.319435131674726
v 0.5095853745118256 0.7988477666737503 0.2897995659457567
v 0.4738872273615863 0.7501437040855566 0.32526895978172815
v 0.46711984864816536 0.7293158422505087 0.28983447985094196
v 0.49160446631033594 0.763016035489035 0.28983448003877765
v 0.49383537033579283 0.9835318921665905 0.15979243904469506
v 0.47433075124820817 0.9949489107946471 0.1326901030382388
v 0.520524432912284 0.9532852703377773 0.2190004343626385
v 0.5097148108545622 0.9691185037222447 0.18936486835600935
v 0.49055696222014566 0.927801933698697 0.1226617577118505
v 0.5030445712416636 0.9485896199236714 0.1544390391106466
v 0.5076647893799981 0.9137073601062252 0.15166645855809802
v 0.5232834570098813 0.8929000062564796 0.31398460848969156
v 0.5272851528415701 0.8533220972088571 0.2544
v 0.5278094642037685 0.872371123316291 0.28410968628724764
v 0.5278094626659 0.9134288952087184 0.28410968644877854
v 0.5272851490258552 0.9324779268826221 0.2544
v 0.4743307709253178 0.7908511271776238 0.13269010303823883
v 0.4938353853832548 0.8022681437080378 0.15979243910196655
v 0.5076647926289239 0.8720926779382998 0.15166645813474866
v 0.5030445804184658 0.8372104173792949 0.15443903904370365
v 0.490556968949947 0.8579981074023175 0.1226617577118505
v 0.5097148216069975 0.8166815290775262 0.18936486832527405
v 0.5205244399988791 0.8325147583752168 0.21900043405424335
v 0.5202715515235482 0.892900017089359 0.18353104021827188
v 0.5270389335460128 0.9137278778492337 0.21896552014905807
v 0.5270389359793366 0.8720721516357024 0.21896551996122238
v 0.2580861517588191 1.1267490627387664 0.15979243623093808
v 0.2412006635461412 1.1117271197166436 0.13269010016922184
v 0.29509977219679456 1.1427851509283966 0.21900043206938774
v 0.27670111563989214 1.1373973269824809 0.1893648659640571
v 0.31007541832109886 1.106409603756341 0.12266175141079386
v 0.29416403228036847 1.124709776697484 0.15443903437258424
v 0.32876676360494417 1.1183246522652746 0.15166645266596807
v 0.35338215779952287 1.126749066863914 0.31398460894396446
v 0.3922595888274723 1.1183246544954302 0.2544
v 0.3743049044691148 1.1247097798140941 0.2841096865074836
v 0.33525663650046506 1.1373973295160504 0.2841096865074836
v 0.31697790881401283 1.1427851518876415 0.2544
v 0.43530922013406614 1.0486574347497832 0.13269010016922184
v 0.43047824807803414 1.0707354825197792 0.15979243623093808
v 0.3683446850074983 1.1054650077530475 0.15166645266596807
v 0.4000919658464641 1.0902917092168887 0.15443903437258424
v 0.376462812786802 1.0848390345433039 0.12266175141079386
v 0.42167731712520296 1.0902917098159914 0.1893648659640571
v 0.4099593735840696 1.1054650090332956 0.21900043206938774
v 0.3524514275622821 1.1238845733593328 0.18353103577114666
v 0.33473418564726487 1.136756901961794 0.21896551789907226
v 0.37435114228017236 1.1238845741360424 0.21896551789907226
v 0.049028015641076145 0.9467947644734653 0.15979243623093808
v 0.05809683042196373 0.9260936755453354 0.13269010016922184
v 0.04521462566248696 0.9869522330095086 0.21900043206938774
v 0.044653253924157366 0.9677891416163529 0.1893648659640571
v 0.0844375558726573 0.989954258098502 0.12266175141079386
v 0.06211616882250251 0.9804766942991876 0.15443903437258424
v 0.07888161385917467 1.0114127360928284 0.15166645266596807
v 0.07847609358532717 1.0374266544057578 0.31398460894396446
v 0.09850197142410796 1.0717980027045 0.2544
v 0.08688105436948673 1.0566951949339924 0.2841096865074836
v 0.06274790042736456 1.023478752776577 0.2841096865074836
v 0.05197533996775189 1.0077595779608535 0.2544
v 0.17806250166199117 1.0912122832986602 0.13269010016922184
v 0.15557217791267702 1.0934402469409632 0.15979243623093808
v 0.10334211158685608 1.045079728391543 0.15166645266596807
v 0.1275832243542328 1.0705843805345323 0.15443903437258424
v 0.12546721720727763 1.0464267513220675 0.12266175141079386
v 0.13425346336745758 1.0911132699670614 0.1893648659640571
v 0.11620175482876297 1.0846576500274232 0.21900043206938774
v 0.08091277740653013 1.0356563002694932 0.18353103577114666
v 0.06319553706048417 1.0227839695075285 0.21896551789907226
v 0.08768015988441924 1.056484167157942 0.21896551789907226
v 0.1555722165809328 0.6923597295681496 0.15979243623093808
v 0.17806253990064966 0.694587697547046 0.1326901001692218
v 0.1162017918035555 0.701142318890268 0.21900043206938774
v 0.13425350158702506 0.6946867024313679 0.1893648659640571
v 0.12546724681037227 0.7393732193821932 0.12266175141079386
v 0.12758325861541145 0.7152155905777384 0.15443903437258422
v 0.10334214093021757 0.740720238046546 0.15166645266596804
v 0.07847612145302021 0.748373307237655 0.31398460894396446
v 0.05197536211502743 0.7780403785726726 0.2544
v 0.0627479256056177 0.7623212058341187 0.2841096865074836
v 0.0868810859525476 0.7291047683300687 0.2841096865074836
v 0.09850200591929825 0.7140019628003114 0.2544
v 0.05809683682238606 0.8597062821685374 0.1326901001692218
v 0.04902802603309117 0.8390051914917552 0.15979243623093808
v 0.07888163671085324 0.7743872256287765 0.15166645266596804
v 0.06211618570908092 0.8053232641896967 0.15443903437258422
v 0.08443757458670309 0.7958457046944014 0.12266175141079386
v 0.04465326836431696 0.8180108135053247 0.1893648659640571
v 0.04521464379768175 0.7988477222204132 0.21900043206938774
v 0.08091280493286271 0.7501436618437618 0.18353103577114666
v 0.08768019142678962 0.729315796260203 0.21896551789907226
v 0.06319556210476895 0.7630159891894807 0.21896551789907226
v 0.43047828236834274 0.7150645469968353 0.15979243623093808
v 0.43530925016727634 0.737142595698341 0.13269010016922184
v 0.4099594145709402 0.6803350165268617 0.21900043206938774
v 0.4216773551863515 0.6955083180036242 0.1893648659640571
v 0.3764628497965643 0.7009609845580325 0.12266175141079386
v 0.400092003907613 0.6955083144406309 0.15443903437258424
v 0.36834472599436946 0.6803350097829484 0.15166645266596807
v 0.3533822028903953 0.6590509477870017 0.31398460894396446
v 0.31697795699697057 0.6430148557437919 0.2544
v 0.33525668364454025 0.6484026816398948 0.2841096865074836
v 0.3743049491667707 0.661090238871154 0.2841096865074836
v 0.39225963229394534 0.6674753676518477 0.2544
v 0.2412007057404778 0.6740728733033895 0.1326901001692218
v 0.2580861968496927 0.6590509335371337 0.15979243623093808
v 0.3287668070714181 0.6674753576392902 0.15166645266596807
v 0.2941640769780253 0.6610902265349681 0.15443903437258424
v 0.31007545949010856 0.6793904025441507 0.12266175141079386
v 0.276701162783968 0.6484026728827645 0.1893648659640571
v 0.2950998203797525 0.6430148524844854 0.21900043206938774
v 0.3524514721008218 0.6619154411121189 0.18353103577114666
v 0.37435118681871177 0.6619154445581215 0.21896551789907226
v 0.3347342326678526 0.649043109093412 0.21896551789907226
v 0.30563624380265814 0.9134148327856082 0.003818962864913955
v 0.33406833353685067 0.8929000054634058 0.007828103843612738
v 0.3056362477583362 0.8723851726589165 0.003818962864913955
v 0.3891520379691583 0.9324779261196008 0.03089592895472526
v 0.3628133671277275 0.913428894513535 0.017140392805778726
v 0.35995929578968866 0.9528828419056075 0.022894014428055026
v 0.35995930735560355 0.8329171740135113 0.022894014428055026
v 0.3628133710861159 0.8723711219559063 0.017140392805778726
v 0.38915204560058836 0.8533220954284741 0.03089592895472526
v 0.4588124161446817 0.9835318922346029 0.10312410840281208
v 0.4460945072036057 1.0154637386941234 0.11111952960486468
v 0.47226522312415126 0.9137073602384219 0.09438875484303202
v 0.46771912493534384 0.9485896200098348 0.09728126493952036
v 0.4079976630208014 0.9877847600901766 0.059592061978638006
v 0.4394635333496044 0.9691185037149703 0.07569591261055969
v 0.41779088763875827 0.953285270419566 0.052774064703080825
v 0.4460945308363935 0.7703362938336236 0.11111952960486468
v 0.4588124336203574 0.802268142745416 0.10312410840281205
v 0.41779089928226854 0.8325147566506643 0.052774064703080825
v 0.4394635480460848 0.8166815275341888 0.07569591261055969
v 0.40799768131651776 0.7980152650917207 0.05959206197863798
v 0.4677191356734359 0.8372104166875788 0.09728126493952036
v 0.4722652271362314 0.8720926773355716 0.09438875484303202
v 0.4207354960722428 0.8720721503417553 0.04696293425634454
v 0.42073549205620553 0.913727877296254 0.04696293425634457
v 0.44940259126170884 0.8929000165828055 0.06886264904538156
v 0.2666147125107931 0.9260936952158052 0.003818962864913955
v 0.29491147486231933 0.946794784967399 0.007828102977115031
v 0.27429243403010484 1.0114127512187077 0.03089592658675
v 0.28427004396434985 0.9804767121910543 0.017140391179338854
v 0.24586514903960283 0.9899542725451483 0.022894014428055026
v 0.3233183117748385 0.9677891625404876 0.017140391179338854
v 0.3495741138016721 0.9869522539050917 0.03089592658675
v 0.24726346497340496 1.0934402530036682 0.10312410574775777
v 0.21296441958934711 1.0912122860049045 0.11111952960486471
v 0.3178276969129504 1.0846576620802555 0.09438874928359192
v 0.2832478700663711 1.0911132792391962 0.09728126035086954
v 0.2275161219975968 1.0464267598801802 0.059592061978638006
v 0.25499227935000945 1.0705843895334473 0.0756959100317002
v 0.2633533642644527 1.0450797403191625 0.05277406252938313
v 0.419655561047572 1.0374266728643018 0.10312410574775777
v 0.37821296522224435 1.0077595985636092 0.0527740625293831
v 0.39996848047009936 1.0234787724856254 0.0756959100317002
v 0.3891758034475148 1.0566952118186954 0.09728126035086954
v 0.3574056181407656 1.0717980176248043 0.0943887492835919
v 0.34150157468948894 1.022783987792354 0.04696293041627411
v 0.30188461823275703 1.0356563155608627 0.04696293041627411
v 0.33055171587814103 1.0564841823960047 0.06886264427603789
v 0.24249808274170886 0.892899996635099 0.003818962864913955
v 0.231554355606932 0.9262088049728621 0.007828102977115031
v 0.16372738369520656 0.9265669789275449 0.03089592658675
v 0.19623255623646196 0.9264964893279005 0.017140391179338854
v 0.17535109679980732 0.8928999901614442 0.022894014428055026
v 0.22036571008083522 0.959712931350776 0.017140391179338854
v 0.21025401500206503 0.9906054034654258 0.03089592658675
v 0.07736218284206589 0.9262087905045098 0.10312410574775777
v 0.06888211874434289 0.892899979896748 0.11111952960486471
v 0.1075204675506713 0.990605394421026 0.09438874928359192
v 0.09069505781815765 0.9597129195286634 0.09728126035086954
v 0.11597240854220453 0.8928999844367326 0.059592061978638006
v 0.1014877357086176 0.9264964804775832 0.0756959100317002
v 0.1283278158669415 0.926566975761039 0.05277406252938313
v 0.1839063449622188 1.0728542727635573 0.10312410574775777
v 0.1993149447677823 1.0242723924136132 0.05277406252938313
v 0.1910879449261989 1.049820608517616 0.0756959100317002
v 0.15616211323558143 1.0498206056066786 0.09728126035086954
v 0.13198096517035815 1.0242723865710988 0.09438874928359192
v 0.17368145909407773 0.9940005758384342 0.04696293041627411
v 0.14919683637902514 0.9603003783378847 0.04696293041627411
v 0.13824697695714822 0.9940005727431626 0.06886264427603789
v 0.26661471891121535 0.8597063027045718 0.003818962864913955
v 0.23155436202955043 0.8595911861871625 0.007828102977115031
v 0.2102540338416627 0.7951945835874594 0.030895926586749972
v 0.2203657229637334 0.8260870576518499 0.017140391179338854
v 0.24586516775364847 0.7958457213742904 0.022894014428055026
v 0.19623256271455247 0.85930349502136 0.017140391179338854
v 0.16372739018688953 0.8592329991540548 0.030895926586749972
v 0.18390637966107798 0.7129457092089607 0.10312410574775774
v 0.2129644578280055 0.6945877015706039 0.11111952960486471
v 0.13198099050163886 0.7615275853891452 0.0943887492835919
v 0.15616214349307983 0.7359793710161848 0.09728126035086954
v 0.2275161516006912 0.7393732305011926 0.059592061978638006
v 0.1910879751836973 0.7359793748396606 0.0756959100317002
v 0.1993149700990629 0.7615275925299965 0.0527740625293831
v 0.07736218926468436 0.8595911709241162 0.10312410574775774
v 0.1283278223586245 0.8592329954948015 0.05277406252938313
v 0.10148774218670817 0.8593034856029419 0.0756959100317002
v 0.0906950707010559 0.8260870444708137 0.09728126035086954
v 0.10752048639026907 0.7951945728227341 0.0943887492835919
v 0.1491968493751964 0.8254995969419295 0.04696293041627411
v 0.1736814785883346 0.7917994041625157 0.04696293041627411
v 0.13824699645140515 0.791799400425296 0.06886264427603786
v 0.2949114852543338 0.839005218409172 0.007828102977115031
v 0.3495741319368653 0.7988477600115526 0.03089592658675
v 0.323318326214997 0.8180108463135016 0.017140391179338854
v 0.28427006085092765 0.8053232891336322 0.017140391179338854
v 0.2742924568817827 0.7743872481820924 0.03089592658675
v 0.41965558891526233 0.748373354565477 0.10312410574775777
v 0.35740565263595403 0.7140019978019155 0.09438874928359192
v 0.38917583503057335 0.7291048097339644 0.09728126035086954
v 0.39996850564835007 0.7623212511480824 0.0756959100317002
v 0.3782129873695179 0.7780404208751908 0.05277406252938313
v 0.2472635036416602 0.6923597411853964 0.10312410574775774
v 0.26335339360781357 0.7407202569723622 0.05277406252938313
v 0.2549923136111875 0.7152156061458902 0.0756959100317002
v 0.2832479082859376 0.6946867218883962 0.09728126035086954
v 0.3178277338877415 0.7011423457150334 0.09438874928359192
v 0.3018846457590885 0.7501436891602743 0.04696293041627411
v 0.34150159973377214 0.7630160245677408 0.04696293041627411
v 0.33055174742050986 0.7293158278527343 0.06886264427603789
# Number of normals: 642
vn 0 0 1
vn .894 0 .447
vn .276 .851 .447
vn -.724 .526 .447
vn -.724 -.526 .447
vn .276 -.851 .447
vn .724 .526 -.447
vn -.276 .851 -.447
vn -.894 0 -.447
vn -.276 -.851 -.447
vn .724 -.526 -.447
vn 0 0 -1
vn .526 0 .851
vn .688 .5 .526
vn .162 .5 .851
vn -.263 .809 .526
vn -.425 .309 .851
vn -.851 0 .526
vn -.425 -.309 .851
vn -.263 -.809 .526
vn .162 -.5 .851
vn .688 -.5 .526
vn .951 .309 0
vn .588 .809 0
vn 0 1 0
vn -.588 .809 0
vn -.951 .309 0
vn -.951 -.309 0
vn -.588 -.809 0
vn 0 -1 0
vn .588 -.809 0
vn .951 -.309 0
vn .851 0 -.526
vn .263 .809 -.526
vn -.688 .5 -.526
vn -.688 -.5 -.526
vn .263 -.809 -.526
vn .425 .309 -.851
vn .425 -.309 -.851
vn -.162 .5 -.851
vn -.526 0 -.851
vn -.162 -.5 -.851
vn .273 0 .962
vn .362 .263 .894
vn .084 .26 .962
vn .823 .26 .506
vn .638 .263 .724
vn .738 0 .675
vn .228 .702 .675
vn .447 .526 .724
vn .501 .702 .506
vn -.138 .425 .894
vn -.221 .161 .962
vn .007 .863 .506
vn -.053 .688 .724
vn -.597 .434 .675
vn -.362 .588 .724
vn -.513 .694 .506
vn -.447 0 .894
vn -.221 -.161 .962
vn -.818 .273 .506
vn -.671 .162 .724
vn -.597 -.434 .675
vn -.671 -.162 .724
vn -.818 -.273 .506
vn -.138 -.425 .894
vn .084 -.26 .962
vn -.513 -.694 .506
vn -.362 -.588 .724
vn .228 -.702 .675
vn -.053 -.688 .724
vn .007 -.863 .506
vn .362 -.263 .894
vn .501 -.702 .506
vn .447 -.526 .724
vn .638 -.263 .724
vn .823 -.26 .506
vn .959 .161 .232
vn .862 .425 .276
vn .682 .694 -.232
vn .809 .588 0
vn .87 .434 -.232
vn .671 .688 .276
vn .449 .863 .232
vn .144 .962 .232
vn -.138 .951 .276
vn -.449 .863 -.232
vn -.309 .951 0
vn -.144 .962 -.232
vn -.447 .851 .276
vn -.682 .694 .232
vn -.87 .434 .232
vn -.947 .162 .276
vn -.959 -.161 -.232
vn -1 0 0
vn -.959 .161 -.232
vn -.947 -.162 .276
vn -.87 -.434 .232
vn -.682 -.694 .232
vn -.447 -.851 .276
vn -.144 -.962 -.232
vn -.309 -.951 0
vn -.449 -.863 -.232
vn -.138 -.951 .276
vn .144 -.962 .232
vn .449 -.863 .232
vn .671 -.688 .276
vn .87 -.434 -.232
vn .809 -.588 0
vn .682 -.694 -.232
vn .862 -.425 .276
vn .959 -.161 .232
vn .947 .162 -.276
vn .818 .273 -.506
vn 1 0 0
vn .818 -.273 -.506
vn .947 -.162 -.276
vn .138 .951 -.276
vn -.007 .863 -.506
vn .309 .951 0
vn .513 .694 -.506
vn .447 .851 -.276
vn -.862 .425 -.276
vn -.823 .26 -.506
vn -.809 .588 0
vn -.501 .702 -.506
vn -.671 .688 -.276
vn -.671 -.688 -.276
vn -.501 -.702 -.506
vn -.809 -.588 0
vn -.823 -.26 -.506
vn -.862 -.425 -.276
vn .447 -.851 -.276
vn .513 -.694 -.506
vn .309 -.951 0
vn -.007 -.863 -.506
vn .138 -.951 -.276
vn .221 .161 -.962
vn .447 0 -.894
vn .221 -.161 -.962
vn .671 .162 -.724
vn .597 .434 -.675
vn .597 -.434 -.675
vn .671 -.162 -.724
vn -.084 .26 -.962
vn .138 .425 -.894
vn .053 .688 -.724
vn -.228 .702 -.675
vn .362 .588 -.724
vn -.273 0 -.962
vn -.362 .263 -.894
vn -.638 .263 -.724
vn -.738 0 -.675
vn -.447 .526 -.724
vn -.084 -.26 -.962
vn -.362 -.263 -.894
vn -.447 -.526 -.724
vn -.228 -.702 -.675
vn -.638 -.263 -.724
vn .138 -.425 -.894
vn .362 -.588 -.724
vn .053 -.688 -.724
vn .138 0 .99
vn .181 .132 .975
vn .043 .131 .99
vn .449 .133 .883
vn .321 .133 .938
vn .403 0 .915
vn .125 .384 .915
vn .225 .264 .938
vn .265 .386 .883
vn .867 .131 .481
vn .791 .132 .598
vn .824 0 .566
vn .671 .386 .632
vn .738 .264 .621
vn .763 .384 .521
vn .638 0 .77
vn .695 .133 .706
vn .589 .133 .797
vn .255 .784 .566
vn .37 .711 .598
vn .393 .784 .481
vn .309 .519 .797
vn .341 .62 .706
vn .197 .607 .77
vn .601 .607 .521
vn .479 .62 .621
vn .575 .519 .632
vn .41 .4 .82
vn .507 .266 .82
vn .55 .4 .733
vn -.069 .213 .975
vn -.112 .081 .99
vn .012 .468 .883
vn -.027 .346 .938
vn -.326 .237 .915
vn -.181 .296 .938
vn -.285 .372 .883
vn .143 .865 .481
vn .119 .793 .598
vn -.16 .758 .632
vn -.023 .783 .621
vn -.129 .844 .521
vn .089 .702 .706
vn .056 .602 .797
vn -.667 .484 .566
vn -.562 .571 .598
vn -.624 .616 .481
vn -.398 .454 .797
vn -.484 .516 .706
vn -.516 .375 .77
vn -.392 .759 .521
vn -.442 .647 .621
vn -.316 .707 .632
vn -.253 .513 .82
vn -.097 .564 .82
vn -.21 .647 .733
vn -.224 0 .975
vn -.112 -.081 .99
vn -.442 .156 .883
vn -.338 .081 .938
vn -.326 -.237 .915
vn -.338 -.081 .938
vn -.442 -.156 .883
vn -.778 .403 .481
vn -.717 .358 .598
vn -.77 .082 .632
vn -.752 .22 .621
vn -.843 .138 .521
vn -.641 .301 .706
vn -.555 .239 .797
vn -.667 -.484 .566
vn -.717 -.358 .598
vn -.778 -.403 .481
vn -.555 -.239 .797
vn -.641 -.301 .706
vn -.516 -.375 .77
vn -.843 -.138 .521
vn -.752 -.22 .621
vn -.77 -.082 .632
vn -.567 -.082 .82
vn -.567 .082 .82
vn -.68 0 .733
vn -.069 -.213 .975
vn .043 -.131 .99
vn -.285 -.372 .883
vn -.181 -.296 .938
vn .125 -.384 .915
vn -.027 -.346 .938
vn .012 -.468 .883
vn -.624 -.616 .481
vn -.562 -.571 .598
vn -.316 -.707 .632
vn -.442 -.647 .621
vn -.392 -.759 .521
vn -.484 -.516 .706
vn -.398 -.454 .797
vn .255 -.784 .566
vn .119 -.793 .598
vn .143 -.865 .481
vn .056 -.602 .797
vn .089 -.702 .706
vn .197 -.607 .77
vn -.129 -.844 .521
vn -.023 -.783 .621
vn -.16 -.758 .632
vn -.097 -.564 .82
vn -.253 -.513 .82
vn -.21 -.647 .733
vn .181 -.132 .975
vn .265 -.386 .883
vn .225 -.264 .938
vn .321 -.133 .938
vn .449 -.133 .883
vn .393 -.784 .481
vn .37 -.711 .598
vn .575 -.519 .632
vn .479 -.62 .621
vn .601 -.607 .521
vn .341 -.62 .706
vn .309 -.519 .797
vn .791 -.132 .598
vn .867 -.131 .481
vn .589 -.133 .797
vn .695 -.133 .706
vn .763 -.384 .521
vn .738 -.264 .621
vn .671 -.386 .632
vn .507 -.266 .82
vn .41 -.4 .82
vn .55 -.4 .733
vn .936 .081 .343
vn .903 .213 .374
vn .918 .372 .14
vn .92 .296 .257
vn .964 .237 .117
vn .851 .346 .395
vn .785 .468 .406
vn .709 .616 -.343
vn .786 .571 -.236
vn .805 .484 -.343
vn .707 .707 0
vn .753 .647 -.117
vn .641 .759 -.117
vn .92 .375 -.117
vn .848 .516 -.117
vn .891 .454 0
vn .482 .793 .374
vn .366 .865 .343
vn .688 .602 .406
vn .592 .702 .395
vn .523 .844 .117
vn .566 .783 .257
vn .637 .758 .14
vn .777 .564 .28
vn .847 .513 .14
vn .75 .647 .14
vn .212 .915 .343
vn .076 .924 .374
vn -.07 .988 .14
vn .003 .966 .257
vn .073 .99 .117
vn -.066 .916 .395
vn -.203 .891 .406
vn -.366 .865 -.343
vn -.3 .924 -.236
vn -.212 .915 -.343
vn -.454 .891 0
vn -.383 .916 -.117
vn -.523 .844 -.117
vn -.073 .99 -.117
vn -.229 .966 -.117
vn -.156 .988 0
vn -.605 .703 .374
vn -.709 .616 .343
vn -.359 .84 .406
vn -.485 .78 .395
vn -.641 .759 .117
vn -.57 .78 .257
vn -.524 .84 .14
vn -.297 .913 .28
vn -.227 .964 .14
vn -.383 .913 .14
vn -.805 .484 .343
vn -.855 .358 .374
vn -.961 .239 .14
vn -.918 .301 .257
vn -.92 .375 .117
vn -.892 .22 .395
vn -.91 .082 .406
vn -.936 -.081 -.343
vn -.972 0 -.236
vn -.936 .081 -.343
vn -.988 -.156 0
vn -.99 -.081 -.117
vn -.964 -.237 -.117
vn -.964 .237 -.117
vn -.99 .081 -.117
vn -.988 .156 0
vn -.855 -.358 .374
vn -.805 -.484 .343
vn -.91 -.082 .406
vn -.892 -.22 .395
vn -.92 -.375 .117
vn -.918 -.301 .257
vn -.961 -.239 .14
vn -.96 0 .28
vn -.987 .082 .14
vn -.987 -.082 .14
vn -.709 -.616 .343
vn -.605 -.703 .374
vn -.524 -.84 .14
vn -.57 -.78 .257
vn -.641 -.759 .117
vn -.485 -.78 .395
vn -.359 -.84 .406
vn -.212 -.915 -.343
vn -.3 -.924 -.236
vn -.366 -.865 -.343
vn -.156 -.988 0
vn -.229 -.966 -.117
vn -.073 -.99 -.117
vn -.523 -.844 -.117
vn -.383 -.916 -.117
vn -.454 -.891 0
vn .076 -.924 .374
vn .212 -.915 .343
vn -.203 -.891 .406
vn -.066 -.916 .395
vn .073 -.99 .117
vn .003 -.966 .257
vn -.07 -.988 .14
vn -.297 -.913 .28
vn -.383 -.913 .14
vn -.227 -.964 .14
vn .366 -.865 .343
vn .482 -.793 .374
vn .637 -.758 .14
vn .566 -.783 .257
vn .523 -.844 .117
vn .592 -.702 .395
vn .688 -.602 .406
vn .805 -.484 -.343
vn .786 -.571 -.236
vn .709 -.616 -.343
vn .891 -.454 0
vn .848 -.516 -.117
vn .92 -.375 -.117
vn .641 -.759 -.117
vn .753 -.647 -.117
vn .707 -.707 0
vn .903 -.213 .374
vn .936 -.081 .343
vn .785 -.468 .406
vn .851 -.346 .395
vn .964 -.237 .117
vn .92 -.296 .257
vn .918 -.372 .14
vn .777 -.564 .28
vn .75 -.647 .14
vn .847 -.513 .14
vn .855 .358 -.374
vn .778 .403 -.481
vn .961 .239 -.14
vn .918 .301 -.257
vn .843 .138 -.521
vn .892 .22 -.395
vn .91 .082 -.406
vn .972 0 .236
vn .988 -.156 0
vn .99 -.081 .117
vn .99 .081 .117
vn .988 .156 0
vn .778 -.403 -.481
vn .855 -.358 -.374
vn .91 -.082 -.406
vn .892 -.22 -.395
vn .843 -.138 -.521
vn .918 -.301 -.257
vn .961 -.239 -.14
vn .96 0 -.28
vn .987 .082 -.14
vn .987 -.082 -.14
vn -.076 .924 -.374
vn -.143 .865 -.481
vn .07 .988 -.14
vn -.003 .966 -.257
vn .129 .844 -.521
vn .066 .916 -.395
vn .203 .891 -.406
vn .3 .924 .236
vn .454 .891 0
vn .383 .916 .117
vn .229 .966 .117
vn .156 .988 0
vn .624 .616 -.481
vn .605 .703 -.374
vn .359 .84 -.406
vn .485 .78 -.395
vn .392 .759 -.521
vn .57 .78 -.257
vn .524 .84 -.14
vn .297 .913 -.28
vn .227 .964 -.14
vn .383 .913 -.14
vn -.903 .213 -.374
vn -.867 .131 -.481
vn -.918 .372 -.14
vn -.92 .296 -.257
vn -.763 .384 -.521
vn -.851 .346 -.395
vn -.785 .468 -.406
vn -.786 .571 .236
vn -.707 .707 0
vn -.753 .647 .117
vn -.848 .516 .117
vn -.891 .454 0
vn -.393 .784 -.481
vn -.482 .793 -.374
vn -.688 .602 -.406
vn -.592 .702 -.395
vn -.601 .607 -.521
vn -.566 .783 -.257
vn -.637 .758 -.14
vn -.777 .564 -.28
vn -.847 .513 -.14
vn -.75 .647 -.14
vn -.482 -.793 -.374
vn -.393 -.784 -.481
vn -.637 -.758 -.14
vn -.566 -.783 -.257
vn -.601 -.607 -.521
vn -.592 -.702 -.395
vn -.688 -.602 -.406
vn -.786 -.571 .236
vn -.891 -.454 0
vn -.848 -.516 .117
vn -.753 -.647 .117
vn -.707 -.707 0
vn -.867 -.131 -.481
vn -.903 -.213 -.374
vn -.785 -.468 -.406
vn -.851 -.346 -.395
vn -.763 -.384 -.521
vn -.92 -.296 -.257
vn -.918 -.372 -.14
vn -.777 -.564 -.28
vn -.75 -.647 -.14
vn -.847 -.513 -.14
vn .605 -.703 -.374
vn .624 -.616 -.481
vn .524 -.84 -.14
vn .57 -.78 -.257
vn .392 -.759 -.521
vn .485 -.78 -.395
vn .359 -.84 -.406
vn .3 -.924 .236
vn .156 -.988 0
vn .229 -.966 .117
vn .383 -.916 .117
vn .454 -.891 0
vn -.143 -.865 -.481
vn -.076 -.924 -.374
vn .203 -.891 -.406
vn .066 -.916 -.395
vn .129 -.844 -.521
vn -.003 -.966 -.257
vn .07 -.988 -.14
vn .297 -.913 -.28
vn .383 -.913 -.14
vn .227 -.964 -.14
vn .112 .081 -.99
vn .224 0 -.975
vn .112 -.081 -.99
vn .442 .156 -.883
vn .338 .081 -.938
vn .326 .237 -.915
vn .326 -.237 -.915
vn .338 -.081 -.938
vn .442 -.156 -.883
vn .717 .358 -.598
vn .667 .484 -.566
vn .77 .082 -.632
vn .752 .22 -.621
vn .516 .375 -.77
vn .641 .301 -.706
vn .555 .239 -.797
vn .667 -.484 -.566
vn .717 -.358 -.598
vn .555 -.239 -.797
vn .641 -.301 -.706
vn .516 -.375 -.77
vn .752 -.22 -.621
vn .77 -.082 -.632
vn .567 -.082 -.82
vn .567 .082 -.82
vn .68 0 -.733
vn -.043 .131 -.99
vn .069 .213 -.975
vn -.012 .468 -.883
vn .027 .346 -.938
vn -.125 .384 -.915
vn .181 .296 -.938
vn .285 .372 -.883
vn -.119 .793 -.598
vn -.255 .784 -.566
vn .16 .758 -.632
vn .023 .783 -.621
vn -.197 .607 -.77
vn -.089 .702 -.706
vn -.056 .602 -.797
vn .562 .571 -.598
vn .398 .454 -.797
vn .484 .516 -.706
vn .442 .647 -.621
vn .316 .707 -.632
vn .253 .513 -.82
vn .097 .564 -.82
vn .21 .647 -.733
vn -.138 0 -.99
vn -.181 .132 -.975
vn -.449 .133 -.883
vn -.321 .133 -.938
vn -.403 0 -.915
vn -.225 .264 -.938
vn -.265 .386 -.883
vn -.791 .132 -.598
vn -.824 0 -.566
vn -.671 .386 -.632
vn -.738 .264 -.621
vn -.638 0 -.77
vn -.695 .133 -.706
vn -.589 .133 -.797
vn -.37 .711 -.598
vn -.309 .519 -.797
vn -.341 .62 -.706
vn -.479 .62 -.621
vn -.575 .519 -.632
vn -.41 .4 -.82
vn -.507 .266 -.82
vn -.55 .4 -.733
vn -.043 -.131 -.99
vn -.181 -.132 -.975
vn -.265 -.386 -.883
vn -.225 -.264 -.938
vn -.125 -.384 -.915
vn -.321 -.133 -.938
vn -.449 -.133 -.883
vn -.37 -.711 -.598
vn -.255 -.784 -.566
vn -.575 -.519 -.632
vn -.479 -.62 -.621
vn -.197 -.607 -.77
vn -.341 -.62 -.706
vn -.309 -.519 -.797
vn -.791 -.132 -.598
vn -.589 -.133 -.797
vn -.695 -.133 -.706
vn -.738 -.264 -.621
vn -.671 -.386 -.632
vn -.507 -.266 -.82
vn -.41 -.4 -.82
vn -.55 -.4 -.733
vn .069 -.213 -.975
vn .285 -.372 -.883
vn .181 -.296 -.938
vn .027 -.346 -.938
vn -.012 -.468 -.883
vn .562 -.571 -.598
vn .316 -.707 -.632
vn .442 -.647 -.621
vn .484 -.516 -.706
vn .398 -.454 -.797
vn -.119 -.793 -.598
vn -.056 -.602 -.797
vn -.089 -.702 -.706
vn .023 -.783 -.621
vn .16 -.758 -.632
vn .097 -.564 -.82
vn .253 -.513 -.82
vn .21 -.647 -.733
# Number of faces: 1280
f 643//643 805//805 807//807
f 685//685 806//806 805//805
f 687//687 807//807 806//806
f 807//807 805//805 806//806
f 655//655 808//808 810//810
f 686//686 809//809 808//808
f 685//685 810//810 809//809
f 810//810 808//808 809//809
f 657//657 811//811 813//813
f 687//687 812//812 811//811
f 686//686 813//813 812//812
f 813//813 811//811 812//812
f 687//687 806//806 812//812
f 685//685 809//809 806//806
f 686//686 812//812 809//809
f 812//812 806//806 809//809
f 644//644 814//814 816//816
f 688//688 815//815 814//814
f 690//690 816//816 815//815
f 816//816 814//814 815//815
f 656//656 817//817 819//819
f 689//689 818//818 817//817
f 688//688 819//819 818//818
f 819//819 817//817 818//818
f 655//655 820//820 822//822
f 690//690 821//821 820//820
f 689//689 822//822 821//821
f 822//822 820//820 821//821
f 690//690 815//815 821//821
f 688//688 818//818 815//815
f 689//689 821//821 818//818
f 821//821 815//815 818//818
f 645//645 823//823 825//825
f 691//691 824//824 823//823
f 693//693 825//825 824//824
f 825//825 823//823 824//824
f 657//657 826//826 828//828
f 692//692 827//827 826//826
f 691//691 828//828 827//827
f 828//828 826//826 827//827
f 656//656 829//829 831//831
f 693//693 830//830 829//829
f 692//692 831//831 830//830
f 831//831 829//829 830//830
f 693//693 824//824 830//830
f 691//691 827//827 824//824
f 692//692 830//830 827//827
f 830//830 824//824 827//827
f 657//657 813//813 826//826
f 686//686 832//832 813//813
f 692//692 826//826 832//832
f 826//826 813//813 832//832
f 655//655 822//822 808//808
f 689//689 833//833 822//822
f 686//686 808//808 833//833
f 808//808 822//822 833//833
f 656//656 831//831 817//817
f 692//692 834//834 831//831
f 689//689 817//817 834//834
f 817//817 831//831 834//834
f 692//692 832//832 834//834
f 686//686 833//833 832//832
f 689//689 834//834 833//833
f 834//834 832//832 833//833
f 643//643 807//807 836//836
f 687//687 835//835 807//807
f 695//695 836//836 835//835
f 836//836 807//807 835//835
f 657//657 837//837 811//811
f 694//694 838//838 837//837
f 687//687 811//811 838//838
f 811//811 837//837 838//838
f 659//659 839//839 841//841
f 695//695 840//840 839//839
f 694//694 841//841 840//840
f 841//841 839//839 840//840
f 695//695 835//835 840//840
f 687//687 838//838 835//835
f 694//694 840//840 838//838
f 840//840 835//835 838//838
f 645//645 842//842 823//823
f 696//696 843//843 842//842
f 691//691 823//823 843//843
f 823//823 842//842 843//843
f 658//658 844//844 846//846
f 697//697 845//845 844//844
f 696//696 846//846 845//845
f 846//846 844//844 845//845
f 657//657 828//828 848//848
f 691//691 847//847 828//828
f 697//697 848//848 847//847
f 848//848 828//828 847//847
f 691//691 843//843 847//847
f 696//696 845//845 843//843
f 697//697 847//847 845//845
f 847//847 843//843 845//845
f 646//646 849//849 851//851
f 698//698 850//850 849//849
f 700//700 851//851 850//850
f 851//851 849//849 850//850
f 659//659 852//852 854//854
f 699//699 853//853 852//852
f 698//698 854//854 853//853
f 854//854 852//852 853//853
f 658//658 855//855 857//857
f 700//700 856//856 855//855
f 699//699 857//857 856//856
f 857//857 855//855 856//856
f 700//700 850//850 856//856
f 698//698 853//853 850//850
f 699//699 856//856 853//853
f 856//856 850//850 853//853
f 659//659 841//841 852//852
f 694//694 858//858 841//841
f 699//699 852//852 858//858
f 852//852 841//841 858//858
f 657//657 848//848 837//837
f 697//697 859//859 848//848
f 694//694 837//837 859//859
f 837//837 848//848 859//859
f 658//658 857//857 844//844
f 699//699 860//860 857//857
f 697//697 844//844 860//860
f 844//844 857//857 860//860
f 699//699 858//858 860//860
f 694//694 859//859 858//858
f 697//697 860//860 859//859
f 860//860 858//858 859//859
f 643//643 836//836 862//862
f 695//695 861//861 836//836
f 702//702 862//862 861//861
f 862//862 836//836 861//861
f 659//659 863//863 839//839
f 701//701 864//864 863//863
f 695//695 839//839 864//864
f 839//839 863//863 864//864
f 661//661 865//865 867//867
f 702//702 866//866 865//865
f 701//701 867//867 866//866
f 867//867 865//865 866//866
f 702//702 861//861 866//866
f 695//695 864//864 861//861
f 701//701 866//866 864//864
f 866//866 861//861 864//864
f 646//646 868//868 849//849
f 703//703 869//869 868//868
f 698//698 849//849 869//869
f 849//849 868//868 869//869
f 660//660 870//870 872//872
f 704//704 871//871 870//870
f 703//703 872//872 871//871
f 872//872 870//870 871//871
f 659//659 854//854 874//874
f 698//698 873//873 854//854
f 704//704 874//874 873//873
f 874//874 854//854 873//873
f 698//698 869//869 873//873
f 703//703 871//871 869//869
f 704//704 873//873 871//871
f 873//873 869//869 871//871
f 647//647 875//875 877//877
f 705//705 876//876 875//875
f 707//707 877//877 876//876
f 877//877 875//875 876//876
f 661//661 878//878 880//880
f 706//706 879//879 878//878
f 705//705 880//880 879//879
f 880//880 878//878 879//879
f 660//660 881//881 883//883
f 707//707 882//882 881//881
f 706//706 883//883 882//882
f 883//883 881//881 882//882
f 707//707 876//876 882//882
f 705//705 879//879 876//876
f 706//706 882//882 879//879
f 882//882 876//876 879//879
f 661//661 867//867 878//878
f 701//701 884//884 867//867
f 706//706 878//878 884//884
f 878//878 867//867 884//884
f 659//659 874//874 863//863
f 704//704 885//885 874//874
f 701//701 863//863 885//885
f 863//863 874//874 885//885
f 660//660 883//883 870//870
f 706//706 886//886 883//883
f 704//704 870//870 886//886
f 870//870 883//883 886//886
f 706//706 884//884 886//886
f 701//701 885//885 884//884
f 704//704 886//886 885//885
f 886//886 884//884 885//885
f 643//643 862//862 888//888
f 702//702 887//887 862//862
f 709//709 888//888 887//887
f 888//888 862//862 887//887
f 661//661 889//889 865//865
f 708//708 890//890 889//889
f 702//702 865//865 890//890
f 865//865 889//889 890//890
f 663//663 891//891 893//893
f 709//709 892//892 891//891
f 708//708 893//893 892//892
f 893//893 891//891 892//892
f 709//709 887//887 892//892
f 702//702 890//890 887//887
f 708//708 892//892 890//890
f 892//892 887//887 890//890
f 647//647 894//894 875//875
f 710//710 895//895 894//894
f 705//705 875//875 895//895
f 875//875 894//894 895//895
f 662//662 896//896 898//898
f 711//711 897//897 896//896
f 710//710 898//898 897//897
f 898//898 896//896 897//897
f 661//661 880//880 900//900
f 705//705 899//899 880//880
f 711//711 900//900 899//899
f 900//900 880//880 899//899
f 705//705 895//895 899//899
f 710//710 897//897 895//895
f 711//711 899//899 897//897
f 899//899 895//895 897//897
f 648//648 901//901 903//903
f 712//712 902//902 901//901
f 714//714 903//903 902//902
f 903//903 901//901 902//902
f 663//663 904//904 906//906
f 713//713 905//905 904//904
f 712//712 906//906 905//905
f 906//906 904//904 905//905
f 662//662 907//907 909//909
f 714//714 908//908 907//907
f 713//713 909//909 908//908
f 909//909 907//907 908//908
f 714//714 902//902 908//908
f 712//712 905//905 902//902
f 713//713 908//908 905//905
f 908//908 902//902 905//905
f 663//663 893//893 904//904
f 708//708 910//910 893//893
f 713//713 904//904 910//910
f 904//904 893//893 910//910
f 661//661 900//900 889//889
f 711//711 911//911 900//900
f 708//708 889//889 911//911
f 889//889 900//900 911//911
f 662//662 909//909 896//896
f 713//713 912//912 909//909
f 711//711 896//896 912//912
f 896//896 909//909 912//912
f 713//713 910//910 912//912
f 708//708 911//911 910//910
f 711//711 912//912 911//911
f 912//912 910//910 911//911
f 643//643 888//888 805//805
f 709//709 913//913 888//888
f 685//685 805//805 913//913
f 805//805 888//888 913//913
f 663//663 914//914 891//891
f 715//715 915//915 914//914
f 709//709 891//891 915//915
f 891//891 914//914 915//915
f 655//655 810//810 917//917
f 685//685 916//916 810//810
f 715//715 917//917 916//916
f 917//917 810//810 916//916
f 685//685 913//913 916//916
f 709//709 915//915 913//913
f 715//715 916//916 915//915
f 916//916 913//913 915//915
f 648//648 918//918 901//901
f 716//716 919//919 918//918
f 712//712 901//901 919//919
f 901//901 918//918 919//919
f 664//664 920//920 922//922
f 717//717 921//921 920//920
f 716//716 922//922 921//921
f 922//922 920//920 921//921
f 663//663 906//906 924//924
f 712//712 923//923 906//906
f 717//717 924//924 923//923
f 924//924 906//906 923//923
f 712//712 919//919 923//923
f 716//716 921//921 919//919
f 717//717 923//923 921//921
f 923//923 919//919 921//921
f 644//644 816//816 926//926
f 690//690 925//925 816//816
f 719//719 926//926 925//925
f 926//926 816//816 925//925
f 655//655 927//927 820//820
f 718//718 928//928 927//927
f 690//690 820//820 928//928
f 820//820 927//927 928//928
f 664//664 929//929 931//931
f 719//719 930//930 929//929
f 718//718 931//931 930//930
f 931//931 929//929 930//930
f 719//719 925//925 930//930
f 690//690 928//928 925//925
f 718//718 930//930 928//928
f 930//930 925//925 928//928
f 655//655 917//917 927//927
f 715//715 932//932 917//917
f 718//718 927//927 932//932
f 927//927 917//917 932//932
f 663//663 924//924 914//914
f 717//717 933//933 924//924
f 715//715 914//914 933//933
f 914//914 924//924 933//933
f 664//664 931//931 920//920
f 718//718 934//934 931//931
f 717//717 920//920 934//934
f 920//920 931//931 934//934
f 718//718 932//932 934//934
f 715//715 933//933 932//932
f 717//717 934//934 933//933
f 934//934 932//932 933//933
f 644//644 935//935 814//814
f 720//720 936//936 935//935
f 688//688 814//814 936//936
f 814//814 935//935 936//936
f 665//665 937//937 939//939
f 721//721 938//938 937//937
f 720//720 939//939 938//938
f 939//939 937//937 938//938
f 656//656 819//819 941//941
f 688//688 940//940 819//819
f 721//721 941//941 940//940
f 941//941 819//819 940//940
f 688//688 936//936 940//940
f 720//720 938//938 936//936
f 721//721 940//940 938//938
f 940//940 936//936 938//938
f 649//649 942//942 944//944
f 722//722 943//943 942//942
f 724//724 944//944 943//943
f 944//944 942//942 943//943
f 666//666 945//945 947//947
f 723//723 946//946 945//945
f 722//722 947//947 946//946
f 947//947 945//945 946//946
f 665//665 948//948 950//950
f 724//724 949//949 948//948
f 723//723 950//950 949//949
f 950//950 948//948 949//949
f 724//724 943//943 949//949
f 722//722 946//946 943//943
f 723//723 949//949 946//946
f 949//949 943//943 946//946
f 645//645 825//825 952//952
f 693//693 951//951 825//825
f 726//726 952//952 951//951
f 952//952 825//825 951//951
f 656//656 953//953 829//829
f 725//725 954//954 953//953
f 693//693 829//829 954//954
f 829//829 953//953 954//954
f 666//666 955//955 957//957
f 726//726 956//956 955//955
f 725//725 957//957 956//956
f 957//957 955//955 956//956
f 726//726 951//951 956//956
f 693//693 954//954 951//951
f 725//725 956//956 954//954
f 956//956 951//951 954//954
f 656//656 941//941 953//953
f 721//721 958//958 941//941
f 725//725 953//953 958//958
f 953//953 941//941 958//958
f 665//665 950//950 937//937
f 723//723 959//959 950//950
f 721//721 937//937 959//959
f 937//937 950//950 959//959
f 666//666 957//957 945//945
f 725//725 960//960 957//957
f 723//723 945//945 960//960
f 945//945 957//957 960//960
f 725//725 958//958 960//960
f 721//721 959//959 958//958
f 723//723 960//960 959//959
f 960//960 958//958 959//959
f 645//645 961//961 842//842
f 727//727 962//962 961//961
f 696//696 842//842 962//962
f 842//842 961//961 962//962
f 667//667 963//963 965//965
f 728//728 964//964 963//963
f 727//727 965//965 964//964
f 965//965 963//963 964//964
f 658//658 846//846 967//967
f 696//696 966//966 846//846
f 728//728 967//967 966//966
f 967//967 846//846 966//966
f 696//696 962//962 966//966
f 727//727 964//964 962//962
f 728//728 966//966 964//964
f 966//966 962//962 964//964
f 650//650 968//968 970//970
f 729//729 969//969 968//968
f 731//731 970//970 969//969
f 970//970 968//968 969//969
f 668//668 971//971 973//973
f 730//730 972//972 971//971
f 729//729 973//973 972//972
f 973//973 971//971 972//972
f 667//667 974//974 976//976
f 731//731 975//975 974//974
f 730//730 976//976 975//975
f 976//976 974//974 975//975
f 731//731 969//969 975//975
f 729//729 972//972 969//969
f 730//730 975//975 972//972
f 975//975 969//969 972//972
f 646//646 851//851 978//978
f 700//700 977//977 851//851
f 733//733 978//978 977//977
f 978//978 851//851 977//977
f 658//658 979//979 855//855
f 732//732 980//980 979//979
f 700//700 855//855 980//980
f 855//855 979//979 980//980
f 668//668 981//981 983//983
f 733//733 982//982 981//981
f 732//732 983//983 982//982
f 983//983 981//981 982//982
f 733//733 977//977 982//982
f 700//700 980//980 977//977
f 732//732 982//982 980//980
f 982//982 977//977 980//980
f 658//658 967//967 979//979
f 728//728 984//984 967//967
f 732//732 979//979 984//984
f 979//979 967//967 984//984
f 667//667 976//976 963//963
f 730//730 985//985 976//976
f 728//728 963//963 985//985
f 963//963 976//976 985//985
f 668//668 983//983 971//971
f 732//732 986//986 983//983
f 730//730 971//971 986//986
f 971//971 983//983 986//986
f 732//732 984//984 986//986
f 728//728 985//985 984//984
f 730//730 986//986 985//985
f 986//986 984//984 985//985
f 646//646 987//987 868//868
f 734//734 988//988 987//987
f 703//703 868//868 988//988
f 868//868 987//987 988//988
f 669//669 989//989 991//991
f 735//735 990//990 989//989
f 734//734 991//991 990//990
f 991//991 989//989 990//990
f 660//660 872//872 993//993
f 703//703 992//992 872//872
f 735//735 993//993 992//992
f 993//993 872//872 992//992
f 703//703 988//988 992//992
f 734//734 990//990 988//988
f 735//735 992//992 990//990
f 992//992 988//988 990//990
f 651//651 994//994 996//996
f 736//736 995//995 994//994
f 738//738 996//996 995//995
f 996//996 994//994 995//995
f 670//670 997//997 999//999
f 737//737 998//998 997//997
f 736//736 999//999 998//998
f 999//999 997//997 998//998
f 669//669 1000//1000 1002//1002
f 738//738 1001//1001 1000//1000
f 737//737 1002//1002 1001//1001
f 1002//1002 1000//1000 1001//1001
f 738//738 995//995 1001//1001
f 736//736 998//998 995//995
f 737//737 1001//1001 998//998
f 1001//1001 995//995 998//998
f 647//647 877//877 1004//1004
f 707//707 1003//1003 877//877
f 740//740 1004//1004 1003//1003
f 1004//1004 877//877 1003//1003
f 660//660 1005//1005 881//881
f 739//739 1006//1006 1005//1005
f 707//707 881//881 1006//1006
f 881//881 1005//1005 1006//1006
f 670//670 1007//1007 1009//1009
f 740//740 1008//1008 1007//1007
f 739//739 1009//1009 1008//1008
f 1009//1009 1007//1007 1008//1008
f 740//740 1003//1003 1008//1008
f 707//707 1006//1006 1003//1003
f 739//739 1008//1008 1006//1006
f 1008//1008 1003//1003 1006//1006
f 660//660 993//993 1005//1005
f 735//735 1010//1010 993//993
f 739//739 1005//1005 1010//1010
f 1005//1005 993//993 1010//1010
f 669//669 1002//1002 989//989
f 737//737 1011//1011 1002//1002
f 735//735 989//989 1011//1011
f 989//989 1002//1002 1011//1011
f 670//670 1009//1009 997//997
f 739//739 1012//1012 1009//1009
f 737//737 997//997 1012//1012
f 997//997 1009//1009 1012//1012
f 739//739 1010//1010 1012//1012
f 735//735 1011//1011 1010//1010
f 737//737 1012//1012 1011//1011
f 1012//1012 1010//1010 1011//1011
f 647//647 1013//1013 894//894
f 741//741 1014//1014 1013//1013
f 710//710 894//894 1014//1014
f 894//894 1013//1013 1014//1014
f 671//671 1015//1015 1017//1017
f 742//742 1016//1016 1015//1015
f 741//741 1017//1017 1016//1016
f 1017//1017 1015//1015 1016//1016
f 662//662 898//898 1019//1019
f 710//710 1018//1018 898//898
f 742//742 1019//1019 1018//1018
f 1019//1019 898//898 1018//1018
f 710//710 1014//1014 1018//1018
f 741//741 1016//1016 1014//1014
f 742//742 1018//1018 1016//1016
f 1018//1018 1014//1014 1016//1016
f 652//652 1020//1020 1022//1022
f 743//743 1021//1021 1020//1020
f 745//745 1022//1022 1021//1021
f 1022//1022 1020//1020 1021//1021
f 672//672 1023//1023 1025//1025
f 744//744 1024//1024 1023//1023
f 743//743 1025//1025 1024//1024
f 1025//1025 1023//1023 1024//1024
f 671//671 1026//1026 1028//1028
f 745//745 1027//1027 1026//1026
f 744//744 1028//1028 1027//1027
f 1028//1028 1026//1026 1027//1027
f 745//745 1021//1021 1027//1027
f 743//743 1024//1024 1021//1021
f 744//744 1027//1027 1024//1024
f 1027//1027 1021//1021 1024//1024
f 648//648 903//903 1030//1030
f 714//714 1029//1029 903//903
f 747//747 1030//1030 1029//1029
f 1030//1030 903//903 1029//1029
f 662//662 1031//1031 907//907
f 746//746 1032//1032 1031//1031
f 714//714 907//907 1032//1032
f 907//907 1031//1031 1032//1032
f 672//672 1033//1033 1035//1035
f 747//747 1034//1034 1033//1033
f 746//746 1035//1035 1034//1034
f 1035//1035 1033//1033 1034//1034
f 747//747 1029//1029 1034//1034
f 714//714 1032//1032 1029//1029
f 746//746 1034//1034 1032//1032
f 1034//1034 1029//1029 1032//1032
f 662//662 1019//1019 1031//1031
f 742//742 1036//1036 1019//1019
f 746//746 1031//1031 1036//1036
f 1031//1031 1019//1019 1036//1036
f 671//671 1028//1028 1015//1015
f 744//744 1037//1037 1028//1028
f 742//742 1015//1015 1037//1037
f 1015//1015 1028//1028 1037//1037
f 672//672 1035//1035 1023//1023
f 746//746 1038//1038 1035//1035
f 744//744 1023//1023 1038//1038
f 1023//1023 1035//1035 1038//1038
f 746//746 1036//1036 1038//1038
f 742//742 1037//1037 1036//1036
f 744//744 1038//1038 1037//1037
f 1038//1038 1036//1036 1037//1037
f 648//648 1039//1039 918//918
f 748//748 1040//1040 1039//1039
f 716//716 918//918 1040//1040
f 918//918 1039//1039 1040//1040
f 673//673 1041//1041 1043//1043
f 749//749 1042//1042 1041//1041
f 748//748 1043//1043 1042//1042
f 1043//1043 1041//1041 1042//1042
f 664//664 922//922 1045//1045
f 716//716 1044//1044 922//922
f 749//749 1045//1045 1044//1044
f 1045//1045 922//922 1044//1044
f 716//716 1040//1040 1044//1044
f 748//748 1042//1042 1040//1040
f 749//749 1044//1044 1042//1042
f 1044//1044 1040//1040 1042//1042
f 653//653 1046//1046 1048//1048
f 750//750 1047//1047 1046//1046
f 752//752 1048//1048 1047//1047
f 1048//1048 1046//1046 1047//1047
f 674//674 1049//1049 1051//1051
f 751//751 1050//1050 1049//1049
f 750//750 1051//1051 1050//1050
f 1051//1051 1049//1049 1050//1050
f 673//673 1052//1052 1054//1054
f 752//752 1053//1053 1052//1052
f 751//751 1054//1054 1053//1053
f 1054//1054 1052//1052 1053//1053
f 752//752 1047//1047 1053//1053
f 750//750 1050//1050 1047//1047
f 751//751 1053//1053 1050//1050
f 1053//1053 1047//1047 1050//1050
f 644//644 926//926 1056//1056
f 719//719 1055//1055 926//926
f 754//754 1056//1056 1055//1055
f 1056//1056 926//926 1055//1055
f 664//664 1057//1057 929//929
f 753//753 1058//1058 1057//1057
f 719//719 929//929 1058//1058
f 929//929 1057//1057 1058//1058
f 674//674 1059//1059 1061//1061
f 754//754 1060//1060 1059//1059
f 753//753 1061//1061 1060//1060
f 1061//1061 1059//1059 1060//1060
f 754//754 1055//1055 1060//1060
f 719//719 1058//1058 1055//1055
f 753//753 1060//1060 1058//1058
f 1060//1060 1055//1055 1058//1058
f 664//664 1045//1045 1057//1057
f 749//749 1062//1062 1045//1045
f 753//753 1057//1057 1062//1062
f 1057//1057 1045//1045 1062//1062
f 673//673 1054//1054 1041//1041
f 751//751 1063//1063 1054//1054
f 749//749 1041//1041 1063//1063
f 1041//1041 1054//1054 1063//1063
f 674//674 1061//1061 1049//1049
f 753//753 1064//1064 1061//1061
f 751//751 1049//1049 1064//1064
f 1049//1049 1061//1061 1064//1064
f 753//753 1062//1062 1064//1064
f 749//749 1063//1063 1062//1062
f 751//751 1064//1064 1063//1063
f 1064//1064 1062//1062 1063//1063
f 649//649 944//944 1066//1066
f 724//724 1065//1065 944//944
f 756//756 1066//1066 1065//1065
f 1066//1066 944//944 1065//1065
f 665//665 1067//1067 948//948
f 755//755 1068//1068 1067//1067
f 724//724 948//948 1068//1068
f 948//948 1067//1067 1068//1068
f 675//675 1069//1069 1071//1071
f 756//756 1070//1070 1069//1069
f 755//755 1071//1071 1070//1070
f 1071//1071 1069//1069 1070//1070
f 756//756 1065//1065 1070//1070
f 724//724 1068//1068 1065//1065
f 755//755 1070//1070 1068//1068
f 1070//1070 1065//1065 1068//1068
f 644//644 1056//1056 935//935
f 754//754 1072//1072 1056//1056
f 720//720 935//935 1072//1072
f 935//935 1056//1056 1072//1072
f 674//674 1073//1073 1059//1059
f 757//757 1074//1074 1073//1073
f 754//754 1059//1059 1074//1074
f 1059//1059 1073//1073 1074//1074
f 665//665 939//939 1076//1076
f 720//720 1075//1075 939//939
f 757//757 1076//1076 1075//1075
f 1076//1076 939//939 1075//1075
f 720//720 1072//1072 1075//1075
f 754//754 1074//1074 1072//1072
f 757//757 1075//1075 1074//1074
f 1075//1075 1072//1072 1074//1074
f 653//653 1077//1077 1046//1046
f 758//758 1078//1078 1077//1077
f 750//750 1046//1046 1078//1078
f 1046//1046 1077//1077 1078//1078
f 675//675 1079//1079 1081//1081
f 759//759 1080//1080 1079//1079
f 758//758 1081//1081 1080//1080
f 1081//1081 1079//1079 1080//1080
f 674//674 1051//1051 1083//1083
f 750//750 1082//1082 1051//1051
f 759//759 1083//1083 1082//1082
f 1083//1083 1051//1051 1082//1082
f 750//750 1078//1078 1082//1082
f 758//758 1080//1080 1078//1078
f 759//759 1082//1082 1080//1080
f 1082//1082 1078//1078 1080//1080
f 675//675 1071//1071 1079//1079
f 755//755 1084//1084 1071//1071
f 759//759 1079//1079 1084//1084
f 1079//1079 1071//1071 1084//1084
f 665//665 1076//1076 1067//1067
f 757//757 1085//1085 1076//1076
f 755//755 1067//1067 1085//1085
f 1067//1067 1076//1076 1085//1085
f 674//674 1083//1083 1073//1073
f 759//759 1086//1086 1083//1083
f 757//757 1073//1073 1086//1086
f 1073//1073 1083//1083 1086//1086
f 759//759 1084//1084 1086//1086
f 755//755 1085//1085 1084//1084
f 757//757 1086//1086 1085//1085
f 1086//1086 1084//1084 1085//1085
f 650//650 970//970 1088//1088
f 731//731 1087//1087 970//970
f 761//761 1088//1088 1087//1087
f 1088//1088 970//970 1087//1087
f 667//667 1089//1089 974//974
f 760//760 1090//1090 1089//1089
f 731//731 974//974 1090//1090
f 974//974 1089//1089 1090//1090
f 676//676 1091//1091 1093//1093
f 761//761 1092//1092 1091//1091
f 760//760 1093//1093 1092//1092
f 1093//1093 1091//1091 1092//1092
f 761//761 1087//1087 1092//1092
f 731//731 1090//1090 1087//1087
f 760//760 1092//1092 1090//1090
f 1092//1092 1087//1087 1090//1090
f 645//645 952//952 961//961
f 726//726 1094//1094 952//952
f 727//727 961//961 1094//1094
f 961//961 952//952 1094//1094
f 666//666 1095//1095 955//955
f 762//762 1096//1096 1095//1095
f 726//726 955//955 1096//1096
f 955//955 1095//1095 1096//1096
f 667//667 965//965 1098//1098
f 727//727 1097//1097 965//965
f 762//762 1098//1098 1097//1097
f 1098//1098 965//965 1097//1097
f 727//727 1094//1094 1097//1097
f 726//726 1096//1096 1094//1094
f 762//762 1097//1097 1096//1096
f 1097//1097 1094//1094 1096//1096
f 649//649 1099//1099 942//942
f 763//763 1100//1100 1099//1099
f 722//722 942//942 1100//1100
f 942//942 1099//1099 1100//1100
f 676//676 1101//1101 1103//1103
f 764//764 1102//1102 1101//1101
f 763//763 1103//1103 1102//1102
f 1103//1103 1101//1101 1102//1102
f 666//666 947//947 1105//1105
f 722//722 1104//1104 947//947
f 764//764 1105//1105 1104//1104
f 1105//1105 947//947 1104//1104
f 722//722 1100//1100 1104//1104
f 763//763 1102//1102 1100//1100
f 764//764 1104//1104 1102//1102
f 1104//1104 1100//1100 1102//1102
f 676//676 1093//1093 1101//1101
f 760//760 1106//1106 1093//1093
f 764//764 1101//1101 1106//1106
f 1101//1101 1093//1093 1106//1106
f 667//667 1098//1098 1089//1089
f 762//762 1107//1107 1098//1098
f 760//760 1089//1089 1107//1107
f 1089//1089 1098//1098 1107//1107
f 666//666 1105//1105 1095//1095
f 764//764 1108//1108 1105//1105
f 762//762 1095//1095 1108//1108
f 1095//1095 1105//1105 1108//1108
f 764//764 1106//1106 1108//1108
f 760//760 1107//1107 1106//1106
f 762//762 1108//1108 1107//1107
f 1108//1108 1106//1106 1107//1107
f 651//651 996//996 1110//1110
f 738//738 1109//1109 996//996
f 766//766 1110//1110 1109//1109
f 1110//1110 996//996 1109//1109
f 669//669 1111//1111 1000//1000
f 765//765 1112//1112 1111//1111
f 738//738 1000//1000 1112//1112
f 1000//1000 1111//1111 1112//1112
f 677//677 1113//1113 1115//1115
f 766//766 1114//1114 1113//1113
f 765//765 1115//1115 1114//1114
f 1115//1115 1113//1113 1114//1114
f 766//766 1109//1109 1114//1114
f 738//738 1112//1112 1109//1109
f 765//765 1114//1114 1112//1112
f 1114//1114 1109//1109 1112//1112
f 646//646 978//978 987//987
f 733//733 1116//1116 978//978
f 734//734 987//987 1116//1116
f 987//987 978//978 1116//1116
f 668//668 1117//1117 981//981
f 767//767 1118//1118 1117//1117
f 733//733 981//981 1118//1118
f 981//981 1117//1117 1118//1118
f 669//669 991//991 1120//1120
f 734//734 1119//1119 991//991
f 767//767 1120//1120 1119//1119
f 1120//1120 991//991 1119//1119
f 734//734 1116//1116 1119//1119
f 733//733 1118//1118 1116//1116
f 767//767 1119//1119 1118//1118
f 1119//1119 1116//1116 1118//1118
f 650//650 1121//1121 968//968
f 768//768 1122//1122 1121//1121
f 729//729 968//968 1122//1122
f 968//968 1121//1121 1122//1122
f 677//677 1123//1123 1125//1125
f 769//769 1124//1124 1123//1123
f 768//768 1125//1125 1124//1124
f 1125//1125 1123//1123 1124//1124
f 668//668 973//973 1127//1127
f 729//729 1126//1126 973//973
f 769//769 1127//1127 1126//1126
f 1127//1127 973//973 1126//1126
f 729//729 1122//1122 1126//1126
f 768//768 1124//1124 1122//1122
f 769//769 1126//1126 1124//1124
f 1126//1126 1122//1122 1124//1124
f 677//677 1115//1115 1123//1123
f 765//765 1128//1128 1115//1115
f 769//769 1123//1123 1128//1128
f 1123//1123 1115//1115 1128//1128
f 669//669 1120//1120 1111//1111
f 767//767 1129//1129 1120//1120
f 765//765 1111//1111 1129//1129
f 1111//1111 1120//1120 1129//1129
f 668//668 1127//1127 1117//1117
f 769//769 1130//1130 1127//1127
f 767//767 1117//1117 1130//1130
f 1117//1117 1127//1127 1130//1130
f 769//769 1128//1128 1130//1130
f 765//765 1129//1129 1128//1128
f 767//767 1130//1130 1129//1129
f 1130//1130 1128//1128 1129//1129
f 652//652 1022//1022 1132//1132
f 745//745 1131//1131 1022//1022
f 771//771 1132//1132 1131//1131
f 1132//1132 1022//1022 1131//1131
f 671//671 1133//1133 1026//1026
f 770//770 1134//1134 1133//1133
f 745//745 1026//1026 1134//1134
f 1026//1026 1133//1133 1134//1134
f 678//678 1135//1135 1137//1137
f 771//771 1136//1136 1135//1135
f 770//770 1137//1137 1136//1136
f 1137//1137 1135//1135 1136//1136
f 771//771 1131//1131 1136//1136
f 745//745 1134//1134 1131//1131
f 770//770 1136//1136 1134//1134
f 1136//1136 1131//1131 1134//1134
f 647//647 1004//1004 1013//1013
f 740//740 1138//1138 1004//1004
f 741//741 1013//1013 1138//1138
f 1013//1013 1004//1004 1138//1138
f 670//670 1139//1139 1007//1007
f 772//772 1140//1140 1139//1139
f 740//740 1007//1007 1140//1140
f 1007//1007 1139//1139 1140//1140
f 671//671 1017//1017 1142//1142
f 741//741 1141//1141 1017//1017
f 772//772 1142//1142 1141//1141
f 1142//1142 1017//1017 1141//1141
f 741//741 1138//1138 1141//1141
f 740//740 1140//1140 1138//1138
f 772//772 1141//1141 1140//1140
f 1141//1141 1138//1138 1140//1140
f 651//651 1143//1143 994//994
f 773//773 1144//1144 1143//1143
f 736//736 994//994 1144//1144
f 994//994 1143//1143 1144//1144
f 678//678 1145//1145 1147//1147
f 774//774 1146//1146 1145//1145
f 773//773 1147//1147 1146//1146
f 1147//1147 1145//1145 1146//1146
f 670//670 999//999 1149//1149
f 736//736 1148//1148 999//999
f 774//774 1149//1149 1148//1148
f 1149//1149 999//999 1148//1148
f 736//736 1144//1144 1148//1148
f 773//773 1146//1146 1144//1144
f 774//774 1148//1148 1146//1146
f 1148//1148 1144//1144 1146//1146
f 678//678 1137//1137 1145//1145
f 770//770 1150//1150 1137//1137
f 774//774 1145//1145 1150//1150
f 1145//1145 1137//1137 1150//1150
f 671//671 1142//1142 1133//1133
f 772//772 1151//1151 1142//1142
f 770//770 1133//1133 1151//1151
f 1133//1133 1142//1142 1151//1151
f 670//670 1149//1149 1139//1139
f 774//774 1152//1152 1149//1149
f 772//772 1139//1139 1152//1152
f 1139//1139 1149//1149 1152//1152
f 774//774 1150//1150 1152//1152
f 770//770 1151//1151 1150//1150
f 772//772 1152//1152 1151//1151
f 1152//1152 1150//1150 1151//1151
f 653//653 1048//1048 1154//1154
f 752//752 1153//1153 1048//1048
f 776//776 1154//1154 1153//1153
f 1154//1154 1048//1048 1153//1153
f 673//673 1155//1155 1052//1052
f 775//775 1156//1156 1155//1155
f 752//752 1052//1052 1156//1156
f 1052//1052 1155//1155 1156//1156
f 679//679 1157//1157 1159//1159
f 776//776 1158//1158 1157//1157
f 775//775 1159//1159 1158//1158
f 1159//1159 1157//1157 1158//1158
f 776//776 1153//1153 1158//1158
f 752//752 1156//1156 1153//1153
f 775//775 1158//1158 1156//1156
f 1158//1158 1153//1153 1156//1156
f 648//648 1030//1030 1039//1039
f 747//747 1160//1160 1030//1030
f 748//748 1039//1039 1160//1160
f 1039//1039 1030//1030 1160//1160
f 672//672 1161//1161 1033//1033
f 777//777 1162//1162 1161//1161
f 747//747 1033//1033 1162//1162
f 1033//1033 1161//1161 1162//1162
f 673//673 1043//1043 1164//1164
f 748//748 1163//1163 1043//1043
f 777//777 1164//1164 1163//1163
f 1164//1164 1043//1043 1163//1163
f 748//748 1160//1160 1163//1163
f 747//747 1162//1162 1160//1160
f 777//777 1163//1163 1162//1162
f 1163//1163 1160//1160 1162//1162
f 652//652 1165//1165 1020//1020
f 778//778 1166//1166 1165//1165
f 743//743 1020//1020 1166//1166
f 1020//1020 1165//1165 1166//1166
f 679//679 1167//1167 1169//1169
f 779//779 1168//1168 1167//1167
f 778//778 1169//1169 1168//1168
f 1169//1169 1167//1167 1168//1168
f 672//672 1025//1025 1171//1171
f 743//743 1170//1170 1025//1025
f 779//779 1171//1171 1170//1170
f 1171//1171 1025//1025 1170//1170
f 743//743 1166//1166 1170//1170
f 778//778 1168//1168 1166//1166
f 779//779 1170//1170 1168//1168
f 1170//1170 1166//1166 1168//1168
f 679//679 1159//1159 1167//1167
f 775//775 1172//1172 1159//1159
f 779//779 1167//1167 1172//1172
f 1167//1167 1159//1159 1172//1172
f 673//673 1164//1164 1155//1155
f 777//777 1173//1173 1164//1164
f 775//775 1155//1155 1173//1173
f 1155//1155 1164//1164 1173//1173
f 672//672 1171//1171 1161//1161
f 779//779 1174//1174 1171//1171
f 777//777 1161//1161 1174//1174
f 1161//1161 1171//1171 1174//1174
f 779//779 1172//1172 1174//1174
f 775//775 1173//1173 1172//1172
f 777//777 1174//1174 1173//1173
f 1174//1174 1172//1172 1173//1173
f 654//654 1175//1175 1177//1177
f 780//780 1176//1176 1175//1175
f 782//782 1177//1177 1176//1176
f 1177//1177 1175//1175 1176//1176
f 680//680 1178//1178 1180//1180
f 781//781 1179//1179 1178//1178
f 780//780 1180//1180 1179//1179
f 1180//1180 1178//1178 1179//1179
f 681//681 1181//1181 1183//1183
f 782//782 1182//1182 1181//1181
f 781//781 1183//1183 1182//1182
f 1183//1183 1181//1181 1182//1182
f 782//782 1176//1176 1182//1182
f 780//780 1179//1179 1176//1176
f 781//781 1182//1182 1179//1179
f 1182//1182 1176//1176 1179//1179
f 649//649 1066//1066 1185//1185
f 756//756 1184//1184 1066//1066
f 784//784 1185//1185 1184//1184
f 1185//1185 1066//1066 1184//1184
f 675//675 1186//1186 1069//1069
f 783//783 1187//1187 1186//1186
f 756//756 1069//1069 1187//1187
f 1069//1069 1186//1186 1187//1187
f 680//680 1188//1188 1190//1190
f 784//784 1189//1189 1188//1188
f 783//783 1190//1190 1189//1189
f 1190//1190 1188//1188 1189//1189
f 784//784 1184//1184 1189//1189
f 756//756 1187//1187 1184//1184
f 783//783 1189//1189 1187//1187
f 1189//1189 1184//1184 1187//1187
f 653//653 1191//1191 1077//1077
f 785//785 1192//1192 1191//1191
f 758//758 1077//1077 1192//1192
f 1077//1077 1191//1191 1192//1192
f 681//681 1193//1193 1195//1195
f 786//786 1194//1194 1193//1193
f 785//785 1195//1195 1194//1194
f 1195//1195 1193//1193 1194//1194
f 675//675 1081//1081 1197//1197
f 758//758 1196//1196 1081//1081
f 786//786 1197//1197 1196//1196
f 1197//1197 1081//1081 1196//1196
f 758//758 1192//1192 1196//1196
f 785//785 1194//1194 1192//1192
f 786//786 1196//1196 1194//1194
f 1196//1196 1192//1192 1194//1194
f 681//681 1183//1183 1193//1193
f 781//781 1198//1198 1183//1183
f 786//786 1193//1193 1198//1198
f 1193//1193 1183//1183 1198//1198
f 680//680 1190//1190 1178//1178
f 783//783 1199//1199 1190//1190
f 781//781 1178//1178 1199//1199
f 1178//1178 1190//1190 1199//1199
f 675//675 1197//1197 1186//1186
f 786//786 1200//1200 1197//1197
f 783//783 1186//1186 1200//1200
f 1186//1186 1197//1197 1200//1200
f 786//786 1198//1198 1200//1200
f 781//781 1199//1199 1198//1198
f 783//783 1200//1200 1199//1199
f 1200//1200 1198//1198 1199//1199
f 654//654 1201//1201 1175//1175
f 787//787 1202//1202 1201//1201
f 780//780 1175//1175 1202//1202
f 1175//1175 1201//1201 1202//1202
f 682//682 1203//1203 1205//1205
f 788//788 1204//1204 1203//1203
f 787//787 1205//1205 1204//1204
f 1205//1205 1203//1203 1204//1204
f 680//680 1180//1180 1207//1207
f 780//780 1206//1206 1180//1180
f 788//788 1207//1207 1206//1206
f 1207//1207 1180//1180 1206//1206
f 780//780 1202//1202 1206//1206
f 787//787 1204//1204 1202//1202
f 788//788 1206//1206 1204//1204
f 1206//1206 1202//1202 1204//1204
f 650//650 1088//1088 1209//1209
f 761//761 1208//1208 1088//1088
f 790//790 1209//1209 1208//1208
f 1209//1209 1088//1088 1208//1208
f 676//676 1210//1210 1091//1091
f 789//789 1211//1211 1210//1210
f 761//761 1091//1091 1211//1211
f 1091//1091 1210//1210 1211//1211
f 682//682 1212//1212 1214//1214
f 790//790 1213//1213 1212//1212
f 789//789 1214//1214 1213//1213
f 1214//1214 1212//1212 1213//1213
f 790//790 1208//1208 1213//1213
f 761//761 1211//1211 1208//1208
f 789//789 1213//1213 1211//1211
f 1213//1213 1208//1208 1211//1211
f 649//649 1185//1185 1099//1099
f 784//784 1215//1215 1185//1185
f 763//763 1099//1099 1215//1215
f 1099//1099 1185//1185 1215//1215
f 680//680 1216//1216 1188//1188
f 791//791 1217//1217 1216//1216
f 784//784 1188//1188 1217//1217
f 1188//1188 1216//1216 1217//1217
f 676//676 1103//1103 1219//1219
f 763//763 1218//1218 1103//1103
f 791//791 1219//1219 1218//1218
f 1219//1219 1103//1103 1218//1218
f 763//763 1215//1215 1218//1218
f 784//784 1217//1217 1215//1215
f 791//791 1218//1218 1217//1217
f 1218//1218 1215//1215 1217//1217
f 680//680 1207//1207 1216//1216
f 788//788 1220//1220 1207//1207
f 791//791 1216//1216 1220//1220
f 1216//1216 1207//1207 1220//1220
f 682//682 1214//1214 1203//1203
f 789//789 1221//1221 1214//1214
f 788//788 1203//1203 1221//1221
f 1203//1203 1214//1214 1221//1221
f 676//676 1219//1219 1210//1210
f 791//791 1222//1222 1219//1219
f 789//789 1210//1210 1222//1222
f 1210//1210 1219//1219 1222//1222
f 791//791 1220//1220 1222//1222
f 788//788 1221//1221 1220//1220
f 789//789 1222//1222 1221//1221
f 1222//1222 1220//1220 1221//1221
f 654//654 1223//1223 1201//1201
f 792//792 1224//1224 1223//1223
f 787//787 1201//1201 1224//1224
f 1201//1201 1223//1223 1224//1224
f 683//683 1225//1225 1227//1227
f 793//793 1226//1226 1225//1225
f 792//792 1227//1227 1226//1226
f 1227//1227 1225//1225 1226//1226
f 682//682 1205//1205 1229//1229
f 787//787 1228//1228 1205//1205
f 793//793 1229//1229 1228//1228
f 1229//1229 1205//1205 1228//1228
f 787//787 1224//1224 1228//1228
f 792//792 1226//1226 1224//1224
f 793//793 1228//1228 1226//1226
f 1228//1228 1224//1224 1226//1226
f 651//651 1110//1110 1231//1231
f 766//766 1230//1230 1110//1110
f 795//795 1231//1231 1230//1230
f 1231//1231 1110//1110 1230//1230
f 677//677 1232//1232 1113//1113
f 794//794 1233//1233 1232//1232
f 766//766 1113//1113 1233//1233
f 1113//1113 1232//1232 1233//1233
f 683//683 1234//1234 1236//1236
f 795//795 1235//1235 1234//1234
f 794//794 1236//1236 1235//1235
f 1236//1236 1234//1234 1235//1235
f 795//795 1230//1230 1235//1235
f 766//766 1233//1233 1230//1230
f 794//794 1235//1235 1233//1233
f 1235//1235 1230//1230 1233//1233
f 650//650 1209//1209 1121//1121
f 790//790 1237//1237 1209//1209
f 768//768 1121//1121 1237//1237
f 1121//1121 1209//1209 1237//1237
f 682//682 1238//1238 1212//1212
f 796//796 1239//1239 1238//1238
f 790//790 1212//1212 1239//1239
f 1212//1212 1238//1238 1239//1239
f 677//677 1125//1125 1241//1241
f 768//768 1240//1240 1125//1125
f 796//796 1241//1241 1240//1240
f 1241//1241 1125//1125 1240//1240
f 768//768 1237//1237 1240//1240
f 790//790 1239//1239 1237//1237
f 796//796 1240//1240 1239//1239
f 1240//1240 1237//1237 1239//1239
f 682//682 1229//1229 1238//1238
f 793//793 1242//1242 1229//1229
f 796//796 1238//1238 1242//1242
f 1238//1238 1229//1229 1242//1242
f 683//683 1236//1236 1225//1225
f 794//794 1243//1243 1236//1236
f 793//793 1225//1225 1243//1243
f 1225//1225 1236//1236 1243//1243
f 677//677 1241//1241 1232//1232
f 796//796 1244//1244 1241//1241
f 794//794 1232//1232 1244//1244
f 1232//1232 1241//1241 1244//1244
f 796//796 1242//1242 1244//1244
f 793//793 1243//1243 1242//1242
f 794//794 1244//1244 1243//1243
f 1244//1244 1242//1242 1243//1243
f 654//654 1245//1245 1223//1223
f 797//797 1246//1246 1245//1245
f 792//792 1223//1223 1246//1246
f 1223//1223 1245//1245 1246//1246
f 684//684 1247//1247 1249//1249
f 798//798 1248//1248 1247//1247
f 797//797 1249//1249 1248//1248
f 1249//1249 1247//1247 1248//1248
f 683//683 1227//1227 1251//1251
f 792//792 1250//1250 1227//1227
f 798//798 1251//1251 1250//1250
f 1251//1251 1227//1227 1250//1250
f 792//792 1246//1246 1250//1250
f 797//797 1248//1248 1246//1246
f 798//798 1250//1250 1248//1248
f 1250//1250 1246//1246 1248//1248
f 652//652 1132//1132 1253//1253
f 771//771 1252//1252 1132//1132
f 800//800 1253//1253 1252//1252
f 1253//1253 1132//1132 1252//1252
f 678//678 1254//1254 1135//1135
f 799//799 1255//1255 1254//1254
f 771//771 1135//1135 1255//1255
f 1135//1135 1254//1254 1255//1255
f 684//684 1256//1256 1258//1258
f 800//800 1257//1257 1256//1256
f 799//799 1258//1258 1257//1257
f 1258//1258 1256//1256 1257//1257
f 800//800 1252//1252 1257//1257
f 771//771 1255//1255 1252//1252
f 799//799 1257//1257 1255//1255
f 1257//1257 1252//1252 1255//1255
f 651//651 1231//1231 1143//1143
f 795//795 1259//1259 1231//1231
f 773//773 1143//1143 1259//1259
f 1143//1143 1231//1231 1259//1259
f 683//683 1260//1260 1234//1234
f 801//801 1261//1261 1260//1260
f 795//795 1234//1234 1261//1261
f 1234//1234 1260//1260 1261//1261
f 678//678 1147//1147 1263//1263
f 773//773 1262//1262 1147//1147
f 801//801 1263//1263 1262//1262
f 1263//1263 1147//1147 1262//1262
f 773//773 1259//1259 1262//1262
f 795//795 1261//1261 1259//1259
f 801//801 1262//1262 1261//1261
f 1262//1262 1259//1259 1261//1261
f 683//683 1251//1251 1260//1260
f 798//798 1264//1264 1251//1251
f 801//801 1260//1260 1264//1264
f 1260//1260 1251//1251 1264//1264
f 684//684 1258//1258 1247//1247
f 799//799 1265//1265 1258//1258
f 798//798 1247//1247 1265//1265
f 1247//1247 1258//1258 1265//1265
f 678//678 1263//1263 1254//1254
f 801//801 1266//1266 1263//1263
f 799//799 1254//1254 1266//1266
f 1254//1254 1263//1263 1266//1266
f 801//801 1264//1264 1266//1266
f 798//798 1265//1265 1264//1264
f 799//799 1266//1266 1265//1265
f 1266//1266 1264//1264 1265//1265
f 654//654 1177//1177 1245//1245
f 782//782 1267//1267 1177//1177
f 797//797 1245//1245 1267//1267
f 1245//1245 1177//1177 1267//1267
f 681//681 1268//1268 1181//1181
f 802//802 1269//1269 1268//1268
f 782//782 1181//1181 1269//1269
f 1181//1181 1268//1268 1269//1269
f 684//684 1249//1249 1271//1271
f 797//797 1270//1270 1249//1249
f 802//802 1271//1271 1270//1270
f 1271//1271 1249//1249 1270//1270
f 797//797 1267//1267 1270//1270
f 782//782 1269//1269 1267//1267
f 802//802 1270//1270 1269//1269
f 1270//1270 1267//1267 1269//1269
f 653//653 1154//1154 1191//1191
f 776//776 1272//1272 1154//1154
f 785//785 1191//1191 1272//1272
f 1191//1191 1154//1154 1272//1272
f 679//679 1273//1273 1157//1157
f 803//803 1274//1274 1273//1273
f 776//776 1157//1157 1274//1274
f 1157//1157 1273//1273 1274//1274
f 681//681 1195//1195 1276//1276
f 785//785 1275//1275 1195//1195
f 803//803 1276//1276 1275//1275
f 1276//1276 1195//1195 1275//1275
f 785//785 1272//1272 1275//1275
f 776//776 1274//1274 1272//1272
f 803//803 1275//1275 1274//1274
f 1275//1275 1272//1272 1274//1274
f 652//652 1253//1253 1165//1165
f 800//800 1277//1277 1253//1253
f 778//778 1165//1165 1277//1277
f 1165//1165 1253//1253 1277//1277
f 684//684 1278//1278 1256//1256
f 804//804 1279//1279 1278//1278
f 800//800 1256//1256 1279//1279
f 1256//1256 1278//1278 1279//1279
f 679//679 1169//1169 1281//1281
f 778//778 1280//1280 1169//1169
f 804//804 1281//1281 1280//1280
f 1281//1281 1169//1169 1280//1280
f 778//778 1277//1277 1280//1280
f 800//800 1279//1279 1277//1277
f 804//804 1280//1280 1279//1279
f 1280//1280 1277//1277 1279//1279
f 684//684 1271//1271 1278//1278
f 802//802 1282//1282 1271//1271
f 804//804 1278//1278 1282//1282
f 1278//1278 1271//1271 1282//1282
f 681//681 1276//1276 1268//1268
f 803//803 1283//1283 1276//1276
f 802//802 1268//1268 1283//1283
f 1268//1268 1276//1276 1283//1283
f 679//679 1281//1281 1273//1273
f 804//804 1284//1284 1281//1281
f 803//803 1273//1273 1284//1284
f 1273//1273 1281//1281 1284//1284
f 804//804 1282//1282 1284//1284
f 802//802 1283//1283 1282//1282
f 803//803 1284//1284 1283//1283
f 1284//1284 1282//1282 1283//1283

g H3_Atom
usemtl kffffff
# Number of vertices: 642
v 0.6068 -0.2383 -0.4639
v 0.8330900793229787 -0.2383 -0.6037549603385106
v 0.6767274718696995 -0.02308534279024496 -0.6037549603385106
v 0.4237274699104408 -0.10529004275390721 -0.6037549603385106
v 0.42372749555747924 -0.3713099925462114 -0.6037549603385106
v 0.6767275133674775 -0.453514643726307 -0.6037549603385106
v 0.7898725172660409 -0.10529002510384736 -0.8300450396614893
v 0.5368725073814111 -0.023085349531967975 -0.8300450396614893
v 0.3805099206770224 -0.23830002181667337 -0.8300450396614893
v 0.5368725488791906 -0.4535146639514761 -0.8300450396614893
v 0.789872542913076 -0.3713099395960316 -0.8300450396614893
v 0.6068 -0.2383 -0.9699
v 0.7398099713661408 -0.2383 -0.5016853454869339
v 0.7809123098262529 -0.11179999713257407 -0.5838900272855145
v 0.6479023366951061 -0.111799998414926 -0.5016853454869339
v 0.5402950027344208 -0.033618705062731374 -0.5838900272855145
v 0.49919266671348705 -0.1601187087226943 -0.5016853454869339
v 0.3915853463202577 -0.23830002074888934 -0.5838900272855145
v 0.499192681788438 -0.31648131202619484 -0.5016853454869339
v 0.5402950422011541 -0.4429813077607859 -0.5838900272855145
v 0.647902361086888 -0.3647999936597021 -0.5016853454869339
v 0.7809123253930048 -0.36479998853029527 -0.583890034027237
v 0.8474172978689263 -0.16011869810334195 -0.7169
v 0.7555096629099858 -0.033618696121999414 -0.7169
v 0.6067999878041088 0.014699999999999658 -0.7169
v 0.45809031735664807 -0.03361871045912976 -0.7169
v 0.3661826945935993 -0.16011872130130578 -0.7169
v 0.36618270966855027 -0.31648132509462124 -0.7169
v 0.45809035682338195 -0.4429813182151291 -0.7169
v 0.6068000365876736 -0.49129999999999735 -0.7169
v 0.7555097023767168 -0.44298127520373803 -0.7169
v 0.8474173054064007 -0.3164812786986942 -0.7169
v 0.8220146578463559 -0.23829997925111027 -0.8499099659727629
v 0.6733049775322129 -0.03361869865097178 -0.8499099727144854
v 0.43268767797785646 -0.11180001391877847 -0.8499099727144854
v 0.4326877023696394 -0.36480001965362924 -0.8499099727144854
v 0.673305016998945 -0.4429812885255071 -0.8499099727144854
v 0.714407325749038 -0.16011869834824938 -0.9321146545130661
v 0.7144073408239869 -0.31648128090286004 -0.9321146545130661
v 0.5656976511090027 -0.11180000237761137 -0.9321146545130661
v 0.4737900286338598 -0.23830001282351887 -0.9321146545130661
v 0.5656976755007854 -0.36480000554775827 -0.9321146545130661
v 0.6759364318149059 -0.2383 -0.47352959548066886
v 0.6983362576071389 -0.17179501329727026 -0.49060992004299164
v 0.6281643298255599 -0.1725473451851423 -0.47352959548066886
v 0.8149226862626168 -0.17254734436540778 -0.5889526055762325
v 0.7682637385342423 -0.17179501277384746 -0.5338274793624256
v 0.7935583550347568 -0.2383 -0.5462239418526672
v 0.6645114986975842 -0.0606822472460396 -0.5462239418526672
v 0.7199450355205448 -0.10529002622186723 -0.5338274793624256
v 0.7336479317254385 -0.06068224616568485 -0.5889526055762325
v 0.5718362540825576 -0.13069267597198003 -0.49060992004299164
v 0.5508674485970103 -0.19766262929704911 -0.47352959548066886
v 0.6085789469483152 -0.02004487495611021 -0.5889526055762325
v 0.5934450310003541 -0.06418768857308396 -0.5338274793624256
v 0.4557093084687198 -0.12852620482151578 -0.5462239418526672
v 0.5152637307762129 -0.0895903378929423 -0.5338274793624256
v 0.4770736376416229 -0.06277354851922765 -0.5889526055762325
v 0.4936549616065705 -0.23830001090833658 -0.4906099200429916
v 0.5508674564327259 -0.2789373814878879 -0.47352959548066886
v 0.39977676328513334 -0.1691635861483316 -0.5889526055762325
v 0.4370824376849055 -0.19719767367621477 -0.5338274793624256
v 0.45570932963535127 -0.3480738243118519 -0.5462239418526672
v 0.43708244561027626 -0.2794023590487951 -0.5338274793624256
v 0.39977677661604916 -0.30743645376997336 -0.5889526055762325
v 0.571836274831447 -0.34590733076974195 -0.49060992004299164
v 0.6281643425040137 -0.30405265069537757 -0.47352959548066886
v 0.4770736714867084 -0.41382647649466003 -0.5889526055762326
v 0.5152637594504732 -0.3870096797571163 -0.5338274793624257
v 0.6645115329459117 -0.41591774162600204 -0.5462239418526672
v 0.5934450645727622 -0.4124123140020235 -0.5338274793624257
v 0.6085789890323586 -0.4565551247008685 -0.5889526055762326
v 0.6983362691483056 -0.30480498160443203 -0.4906099232131397
v 0.7336479599090239 -0.4159177373045837 -0.5889526105709124
v 0.7199450562252669 -0.3713099617181713 -0.5338274833965737
v 0.7682637462861682 -0.30480497951074126 -0.5338274833965737
v 0.81492269192957 -0.30405264741644 -0.5889526105709124
v 0.8494909030863974 -0.1976626237480251 -0.6580890383477342
v 0.8248362582238241 -0.13069266984783973 -0.646972519012352
v 0.7792550111398191 -0.06277353498033245 -0.7757109616522657
v 0.8114812967094357 -0.08959032722333102 -0.7169
v 0.827027113313207 -0.12852619004850208 -0.7757109616522657
v 0.7765175550089404 -0.06418768301895056 -0.646972519012352
v 0.72044404650667 -0.020044870660216707 -0.6580890383477342
v 0.6431471625589651 0.005070406096238184 -0.6580890383477342
v 0.5718362473595647 0.002317296560369053 -0.646972519012352
v 0.4931559324513083 -0.020044881616663762 -0.7757109616522657
v 0.5286186865043603 0.002317294100188272 -0.7169
v 0.5704528139776439 0.00507040259199959 -0.7757109616522657
v 0.4936549468098976 -0.023085352865259118 -0.646972519012352
v 0.4343449719376389 -0.06277355160675657 -0.6580890383477342
v 0.38657287610347824 -0.1285262112806441 -0.6580890383477342
v 0.36715495683484767 -0.1971976802467985 -0.646972519012352
v 0.36410910083146153 -0.2789373996498549 -0.7757109616522657
v 0.35380000000000117 -0.23830002439178238 -0.7169
v 0.36410909299574584 -0.19766264714590545 -0.7757109616522657
v 0.3671549647602184 -0.2794023659616572 -0.646972519012352
v 0.38657289727010974 -0.3480738311836391 -0.6580890383477342
v 0.43434500578272456 -0.41382648164609015 -0.6580890383477342
v 0.4936549883076771 -0.4535146689514129 -0.6469725190123521
v 0.5704528609044264 -0.4816704096004746 -0.7757109616522657
v 0.528618732900288 -0.4789173091751371 -0.7169
v 0.49315597453535276 -0.4565551402962284 -0.7757109616522657
v 0.571836293755492 -0.4789173033020898 -0.6469725190123521
v 0.6431472094857469 -0.48167039908775877 -0.6580890383477342
v 0.7204440885907123 -0.45655510742688715 -0.6580890383477342
v 0.7765175820182266 -0.41241229239528554 -0.6469725233492222
v 0.8270271289764768 -0.34807377875483503 -0.7757109612288625
v 0.811481318215129 -0.3870096431766181 -0.7169
v 0.7792550449849016 -0.41382643176681766 -0.7757109616522657
v 0.8248362694265367 -0.34590730995295177 -0.6469725228594074
v 0.8494909052570276 -0.27893736390148416 -0.6580890387711374
v 0.8464450386769213 -0.1971976467000753 -0.7868274766507778
v 0.8138232298035624 -0.16916355620960244 -0.8448473894290875
v 0.8597999999999997 -0.23829998780410883 -0.7169
v 0.8138232431344763 -0.30743640387209137 -0.8448473894290875
v 0.8464450443182263 -0.2794023195752657 -0.7868274771405925
v 0.6417637294424718 0.0023172999312305875 -0.786827480987648
v 0.6050210320096631 -0.02004487512761985 -0.8448473944237674
v 0.6849812902976762 0.002317301637663749 -0.7169
v 0.736526345435835 -0.06277353601228303 -0.8448473944237674
v 0.7199450324412132 -0.023085341956922106 -0.786827480987648
v 0.3887637314017319 -0.130692690868761 -0.786827480987648
v 0.39867730739815704 -0.17254736443055932 -0.8448473944237674
v 0.40211868895343494 -0.0895903469566979 -0.7169
v 0.47995205115039763 -0.06068225839512101 -0.8448473944237674
v 0.4370824282048559 -0.06418769938145596 -0.786827480987648
v 0.437082461777265 -0.41241233334355326 -0.786827480987648
v 0.4799520853987266 -0.41591776606374975 -0.8448473944237674
v 0.40211871762769563 -0.3870096925100345 -0.7169
v 0.39867732007661133 -0.3040526756997432 -0.8448473944237674
v 0.38876375215062187 -0.3459073511730806 -0.786827480987648
v 0.7199450739389907 -0.45351463622640187 -0.786827480987648
v 0.736526379280918 -0.4138264389738261 -0.8448473944237674
v 0.6849813366936025 -0.4789172865627106 -0.7169
v 0.6050210740937068 -0.45655512521539743 -0.8448473944237674
v 0.6417637758383986 -0.4789172931895053 -0.786827480987648
v 0.6627325474851321 -0.19766262390458045 -0.9602704045193311
v 0.7199450447337257 -0.2382999890916628 -0.9431900767868603
v 0.6627325553208469 -0.27893736531048186 -0.9602704045193311
v 0.7765175600888444 -0.19719764651534308 -0.8999725166034263
v 0.7578906809479652 -0.12852619025483145 -0.8875760581473328
v 0.7578907021145938 -0.34807378061179883 -0.8875760581473328
v 0.7765175680142141 -0.27940232075964594 -0.8999725166034263
v 0.5854356638352132 -0.17254734724488208 -0.9602704045193311
v 0.6417637355429979 -0.13069267260111855 -0.9431900799570083
v 0.620154952213442 -0.06418768728552943 -0.8999725206375744
v 0.5490884841782517 -0.06068225281001796 -0.8875760581473328
v 0.6983362548866574 -0.08959032906791231 -0.8999725206375744
v 0.5376635681850944 -0.2383000066654577 -0.9602704045193311
v 0.515263735981102 -0.17179502212230008 -0.9431900799570083
v 0.44533625505399876 -0.17179502834060018 -0.8999725206375744
v 0.4200416449652441 -0.23830001800541165 -0.8875760581473328
v 0.49365495165593665 -0.1052900371302041 -0.8999725206375744
v 0.5854356765136672 -0.30405265687459687 -0.9602704045193311
v 0.5152637488046211 -0.304804995527759 -0.9431900799570083
v 0.4936549773029749 -0.37130998468646853 -0.8999725206375744
v 0.5490885184265805 -0.41591775831793715 -0.8875760581473328
v 0.44533626787751796 -0.30480500279290473 -0.8999725206375744
v 0.6417637562918868 -0.3459073206571575 -0.9431900799570083
v 0.698336283560916 -0.3870096532820263 -0.8999725206375744
v 0.6201549857858499 -0.41241231013935997 -0.8999725206375744
v 0.6417019172582913 -0.2383 -0.4663189628649139
v 0.652645641181759 -0.20499119060715004 -0.470328102977115
v 0.6175852842889958 -0.20510630374438316 -0.4663189628649139
v 0.7204726130589525 -0.2046330101132548 -0.49339592658674997
v 0.6879674405244932 -0.2047035028467296 -0.4796403911793388
v 0.7088489032001932 -0.2383 -0.48539401442805497
v 0.6383348416033745 -0.14124572441457062 -0.48539401442805497
v 0.663834283477716 -0.17148706315053666 -0.4796403911793388
v 0.6739459755781365 -0.14059459006101638 -0.4933959265867499
v 0.8261031663778261 -0.2051063033116009 -0.5951901001692218
v 0.8068378139466258 -0.20499119020980308 -0.5656241057477578
v 0.8153178812556581 -0.2383 -0.5736195296048647
v 0.7766795230295307 -0.14059458920085366 -0.5568887492835919
v 0.7935049357403942 -0.17148706247107484 -0.5597812603508695
v 0.7997624347703207 -0.1412457232979493 -0.5851617514107939
v 0.7682275914577963 -0.2383 -0.522092061978638
v 0.782712261052338 -0.20470350256267925 -0.5381959100317002
v 0.7558721808872177 -0.2046330098668811 -0.515274062529383
v 0.6712355612913241 -0.0399877077828488 -0.5736195296048647
v 0.7002936376883522 -0.05834571822270093 -0.5656241057477577
v 0.7061374792186801 -0.039987707124192085 -0.5951901001692218
v 0.6848850425665779 -0.10692760005819102 -0.515274062529383
v 0.6931120399450523 -0.08137938316102153 -0.5381959100317002
v 0.6566838632008563 -0.08477323531050548 -0.522092061978638
v 0.7587327679911758 -0.0847732340300622 -0.5851617514107939
v 0.72803787163567 -0.08137938270475242 -0.5597812603508695
v 0.7522190221640023 -0.10692759940902274 -0.5568887492835919
v 0.7105185311587944 -0.13719941416204035 -0.5094629304162741
v 0.7350031571228899 -0.1708996093020222 -0.5094629304162741
v 0.745953013295724 -0.13719941384106626 -0.5313626442760379
v 0.5892885199416734 -0.18440521672088622 -0.470328102977115
v 0.5785637542195028 -0.217785169936654 -0.4663189628649139
v 0.6099075545440563 -0.1197872484816918 -0.49339592658674997
v 0.5999299475923613 -0.15072328847128852 -0.4796403911793388
v 0.5242406984273535 -0.1783171660539516 -0.48539401442805497
v 0.5608816810050821 -0.16341084188650667 -0.4796403911793388
v 0.5346258771307311 -0.14424775305322995 -0.49339592658674997
v 0.6429993153566907 -0.019472876793371924 -0.5951901001692218
v 0.6369365156924677 -0.03775974409086322 -0.5656241057477577
v 0.5663722845996539 -0.04654234181738817 -0.5568887492835919
v 0.6009521108238457 -0.040086721324599034 -0.5597812603508695
v 0.5741245610943961 -0.024790399393903928 -0.5851617514107939
v 0.6292077035194017 -0.060615608306220675 -0.5381959100317002
v 0.620846621063867 -0.08612025832659917 -0.515274062529383
v 0.4381054809799997 -0.11573627756974947 -0.5736195296048646
v 0.46454442501858223 -0.09377334085058689 -0.5656241057477577
v 0.4488907648493281 -0.08254258047427812 -0.5951901001692218
v 0.5059870237041184 -0.12344041115579027 -0.5152740625293831
v 0.48423150694077477 -0.10772123933122793 -0.5381959100317002
v 0.47620232783133987 -0.14341525250077158 -0.522092061978638
v 0.5077371687083164 -0.04636097500736347 -0.5851617514107939
v 0.49502418076095545 -0.07450479895763373 -0.5597812603508695
v 0.5267943646116399 -0.05940199008855479 -0.5568887492835919
v 0.5426984127883692 -0.10841601838769285 -0.5094629304162741
v 0.5823153680040772 -0.09554368679970515 -0.5094629304162741
v 0.5536482683506744 -0.07471582272836408 -0.5313626442760379
v 0.550131670233403 -0.2383000054634054 -0.470328102977115
v 0.5785637581751814 -0.25881483550787027 -0.4663189628649139
v 0.49504796104321924 -0.19872209004145494 -0.49339592658674997
v 0.5213866340870337 -0.21777111922961795 -0.4796403911793388
v 0.52424070999327 -0.298282849865166 -0.48539401442805497
v 0.5213866380454225 -0.2588288972398223 -0.4796403911793388
v 0.4950479686746503 -0.27787793150661877 -0.49339592658674997
v 0.4098692382267475 -0.13625111293802167 -0.5951901001692218
v 0.42538757484320255 -0.14766813023602698 -0.5656241057477577
v 0.411934777731052 -0.21749267450525434 -0.5568887492835919
v 0.41648087041526155 -0.18261040882555982 -0.5597812603508695
v 0.3936430357855448 -0.20339810226469024 -0.5851617514107939
v 0.44473645968880515 -0.16208151713394234 -0.5381959100317002
v 0.46640910732697705 -0.17791474854265626 -0.5152740625293831
v 0.4381055046127905 -0.3608637549579953 -0.5736195296048646
v 0.42538759231888057 -0.32893190474399026 -0.5656241057477578
v 0.40986925790385986 -0.3403489250342475 -0.5951901001692218
v 0.46640911897048887 -0.2986852785275727 -0.515274062529383
v 0.44473647438528763 -0.3145185141152152 -0.5381959100317002
v 0.4762023461270586 -0.3331847726811239 -0.522092061978638
v 0.3936430425153472 -0.27320193883632327 -0.5851617514107939
v 0.41648088115335513 -0.29398962787185257 -0.5597812603508695
v 0.4119347817431328 -0.25910736306873816 -0.5568887492835919
v 0.4634645139136617 -0.25912788013479904 -0.5094629304162741
v 0.4634645098976239 -0.21747214750320915 -0.5094629304162741
v 0.43479741388293125 -0.23830001658280495 -0.5313626442760379
v 0.5892885303336881 -0.2921947866556836 -0.470328102977115
v 0.6175852906894179 -0.2714936941759933 -0.4663189628649139
v 0.5346258952659255 -0.3323522608634125 -0.49339592658674997
v 0.5608816954452414 -0.3131891669674813 -0.4796403911793388
v 0.6383348603174196 -0.33535426950486635 -0.48539401442805497
v 0.5999299644789391 -0.3258767128533962 -0.4796403911793388
v 0.609907577395734 -0.3568127509191061 -0.49339592658674997
v 0.44889079488254113 -0.3940574499738432 -0.5951901001692218
v 0.4645444528862751 -0.3828266865791893 -0.5656241057477578
v 0.5267943991068297 -0.4171980253381617 -0.5568887492835919
v 0.495024212344016 -0.40209522259502306 -0.5597812603508695
v 0.5077372057180806 -0.4302390440939692 -0.5851617514107939
v 0.48423153211902775 -0.3688787843024773 -0.5381959100317002
v 0.5059870458513938 -0.35315960828300746 -0.5152740625293831
v 0.6712355995299811 -0.43661227979265593 -0.5736195296048647
v 0.6369365543607223 -0.4388402500981976 -0.5656241057477578
v 0.6429993575510266 -0.4571271162266571 -0.5951901001692218
v 0.6208466504072275 -0.3904797389649228 -0.5152740625293831
v 0.6292077377805793 -0.4159843873731134 -0.5381959100317002
v 0.6566838928039497 -0.3918267550708645 -0.522092061978638
v 0.5741246022634063 -0.4518096069065838 -0.5851617514107939
v 0.6009521490434123 -0.43651327980298976 -0.5597812603508696
v 0.5663723215744457 -0.4300576659778972 -0.5568887492835919
v 0.582315395530409 -0.38105631792142913 -0.5094629304162741
v 0.5426984378326536 -0.36818399397239937 -0.5094629304162741
v 0.5536482998930442 -0.4018841875203718 -0.5313626442760379
v 0.6526456474432675 -0.2716088071889613 -0.4703281038436127
v 0.6739459935392986 -0.336005403012368 -0.4933959289547252
v 0.6638342957068026 -0.30511293218586355 -0.4796403928057787
v 0.6879674463462327 -0.2718964945742146 -0.4796403928057787
v 0.7204726185133377 -0.2719669871908667 -0.4933959289547252
v 0.7061375141120134 -0.4366122771580293 -0.5951901030382388
v 0.7002936692377795 -0.41825426761800494 -0.565624108402812
v 0.7522190404309755 -0.3696723871422415 -0.556888754843032
v 0.7280378963114571 -0.39522060282501836 -0.5597812649395203
v 0.7587327896436372 -0.39182674994909217 -0.5851617577118504
v 0.69311206744457 -0.39522060465009456 -0.5381959126105597
v 0.6848850653449773 -0.36967238973891425 -0.5152740647030808
v 0.8068378166522662 -0.2716088055995738 -0.5656241084028121
v 0.8261031686123874 -0.27149369244486454 -0.5951901030382388
v 0.7558721847142847 -0.2719669862053722 -0.5152740647030808
v 0.7827122644359307 -0.27189649343801336 -0.5381959126105597
v 0.7997624449386158 -0.33535426503838184 -0.5851617577118504
v 0.793504942486525 -0.3051129294680168 -0.5597812649395203
v 0.7766795347234259 -0.3360053995717177 -0.5568887548430319
v 0.7350031667822439 -0.3057003841433157 -0.5094629342563446
v 0.7105185474041014 -0.33940057705100174 -0.5094629342563446
v 0.7459530272049533 -0.3394005757671057 -0.5313626490453816
v 0.8435541253860903 -0.21778516713173773 -0.630092017964621
v 0.8351719791629175 -0.18440521350914474 -0.622292436230938
v 0.8389853652699168 -0.14424774460545192 -0.6815004320693877
v 0.839546738855764 -0.16341083594448558 -0.6518648659640571
v 0.8507868879570474 -0.17831715788113683 -0.687210655844584
v 0.8220838227342093 -0.15072328494525422 -0.6169390343725842
v 0.805318374714987 -0.11978724476797353 -0.614166452665968
v 0.7862797917091935 -0.08254256479073038 -0.803707982035379
v 0.8057238924808272 -0.09377332641594804 -0.7764846089439644
v 0.8103964247756547 -0.11573626118008429 -0.803707982035379
v 0.7856980113282979 -0.05940198004790487 -0.7169
v 0.7973189298389838 -0.07450478669803745 -0.7466096865074836
v 0.7689325050728755 -0.046360963734796146 -0.746589344155416
v 0.8394465669203912 -0.14341523966528053 -0.746589344155416
v 0.8214520869835099 -0.10772122652877028 -0.7466096865074836
v 0.8322246489586115 -0.1234404003059091 -0.7169
v 0.7286278027531958 -0.03775974131359233 -0.622292436230938
v 0.6994718052738786 -0.019472874711050386 -0.630092017964621
v 0.780857873741464 -0.08612025482750085 -0.614166452665968
v 0.7566167585151786 -0.060615605021602265 -0.6169390343725842
v 0.7392431594126301 -0.02479039279596354 -0.687210655844584
v 0.7499465175227594 -0.0400867162321524 -0.6518648659640571
v 0.7679982266838415 -0.0465423344314215 -0.6815004320693877
v 0.8032872088303046 -0.09554368078713368 -0.6460310357711466
v 0.8210044504173745 -0.10841600984097549 -0.6814655178990723
v 0.7965198243443965 -0.07471581455112974 -0.6814655178990723
v 0.6604502738247963 -0.006794012229770358 -0.630092017964621
v 0.6261138256957443 -0.004450935399182565 -0.622292436230938
v 0.5891002037117264 0.01158514922195672 -0.6815004320693877
v 0.60749886078807 0.006197327049859258 -0.6518648659640571
v 0.6251490122569077 0.012281037975376552 -0.687210655844584
v 0.5900359453708031 -0.006490224918740961 -0.6169390343725842
v 0.5554332146618187 -0.012875352687006708 -0.614166452665968
v 0.5141281736289534 -0.019472883645559325 -0.803707982035379
v 0.5308178196550406 -0.0044509404615427905 -0.7764846089439644
v 0.5531497038556639 -0.006794017402205504 -0.803707982035379
v 0.4919403894392907 -0.012875356578207764 -0.7169
v 0.5098950731820568 -0.006490229528528874 -0.7466096865074836
v 0.4743568200028652 -0.02479040556483697 -0.746589344155416
v 0.5884509635845226 0.012281036206343299 -0.746589344155416
v 0.5489433399274971 0.006197323938078897 -0.7466096865074836
v 0.5672220670945082 0.011585148071925983 -0.7169
v 0.4537217347768109 -0.06046453223852713 -0.622292436230938
v 0.4273201932742008 -0.08254258209441495 -0.630092017964621
v 0.5158552944990658 -0.025735001014949438 -0.614166452665968
v 0.48410801512296087 -0.0409083026118702 -0.6169390343725842
v 0.444667476422243 -0.0463609793660254 -0.687210655844584
v 0.4625226638442222 -0.04090830409381546 -0.6518648659640571
v 0.47424060592249456 -0.02573500374678203 -0.6815004320693877
v 0.5317485501684478 -0.007315433876391858 -0.6460310357711466
v 0.5494657908424411 0.005556896434192132 -0.6814655178990723
v 0.5098488354505575 -0.007315435211038529 -0.6814655178990723
v 0.4032035634079509 -0.11573628080885831 -0.630092017964621
v 0.3903646201531118 -0.14766813348376795 -0.622292436230938
v 0.36367556032831844 -0.17791475822142602 -0.6815004320693877
v 0.3744851808134041 -0.16208152371487466 -0.6518648659640571
v 0.37415342393175044 -0.14341526209478458 -0.687210655844584
v 0.38115542294538485 -0.18261041213405851 -0.6169390343725842
v 0.3765352098211176 -0.21749267782626835 -0.614166452665968
v 0.37004587659175003 -0.2588148556937764 -0.803707982035379
v 0.3609165431002031 -0.23830002370567496 -0.7764846089439644
v 0.37004587263607147 -0.21778518995725202 -0.803707982035379
v 0.3569148538359327 -0.27787794495123125 -0.7169
v 0.356390538818497 -0.25882891323028057 -0.7466096865074836
v 0.362813117825912 -0.29828286564168927 -0.746589344155416
v 0.3628131062599955 -0.17831718140396344 -0.746589344155416
v 0.35639053486010813 -0.21777113505377577 -0.7466096865074836
v 0.35691484620450153 -0.19872210323172684 -0.7169
v 0.3903646376287898 -0.32893190824938995 -0.622292436230938
v 0.4032035870407417 -0.3608637584486886 -0.630092017964621
v 0.3765352138331983 -0.25910736657348343 -0.614166452665968
v 0.3811554336834784 -0.29398963137482126 -0.6169390343725842
v 0.37415344222746916 -0.33318478276422275 -0.687210655844584
v 0.37448519550988657 -0.31451852108016354 -0.6518648659640571
v 0.36367557197183026 -0.298685288657928 -0.6815004320693877
v 0.363928449774106 -0.23830002341529644 -0.6460310357711466
v 0.35716106381080887 -0.21747215765932543 -0.6814655178990723
v 0.3571610678268467 -0.25912789047615725 -0.6814655178990723
v 0.4273202233074139 -0.3940574525129529 -0.630092017964621
v 0.45372176906712225 -0.4161354972780841 -0.6222924362309381
v 0.4742406469093677 -0.45086502181337135 -0.6815004320693877
v 0.4625227019053735 -0.43569172372579656 -0.6518648659640571
v 0.4446675134320075 -0.4302390518964314 -0.687210655844584
v 0.48410805318411204 -0.43569172104564546 -0.6169390343725842
v 0.5158553354859385 -0.45086501652104244 -0.614166452665968
v 0.5531497484947443 -0.46980599294266256 -0.803707982035379
v 0.5308178647459145 -0.47214907418936836 -0.7764846089439644
v 0.5141282158232904 -0.4571271342234566 -0.803707982035379
v 0.5672221152774667 -0.48818515570335475 -0.7169
v 0.5489433870715735 -0.48279733509401956 -0.7466096865074836
v 0.5884510119016622 -0.48888103974440744 -0.746589344155416
v 0.47435686117187614 -0.4518096199729079 -0.746589344155416
v 0.5098951178797146 -0.470109789156715 -0.7466096865074836
v 0.49194043290576595 -0.4637246655690658 -0.7169
v 0.6261138707866174 -0.47214906087671327 -0.6222924362309381
v 0.6604503184638756 -0.46980597742535735 -0.630092017964621
v 0.5554332581282935 -0.46372465721755396 -0.614166452665968
v 0.5900359900684602 -0.4701097783137067 -0.6169390343725842
v 0.6251490605740468 -0.4888810344373078 -0.687210655844584
v 0.6074989079321458 -0.48279732691510013 -0.6518648659640571
v 0.5891002518946847 -0.48818515263483414 -0.6815004320693877
v 0.5317485947069889 -0.4692845805950555 -0.6460310357711466
v 0.5098488799890988 -0.46928458348312097 -0.6814655178990723
v 0.5494658378630298 -0.4821569074893936 -0.6814655178990723
v 0.6994718474682138 -0.4571271074199297 -0.630092017964621
v 0.7286278379840366 -0.4388402386111665 -0.622292439044695
v 0.7679982598908808 -0.43005763807691777 -0.6815004343626385
v 0.7499465519842164 -0.43651325966513643 -0.6518648683560093
v 0.7392432005816384 -0.45180958166628765 -0.687210655844584
v 0.7566167863611066 -0.41598437416528133 -0.6169390391106466
v 0.7808578948140329 -0.39047972504808937 -0.6141664585580979
v 0.8103964452708662 -0.3608637050342467 -0.8037079816684236
v 0.8057239167601103 -0.38282664035376623 -0.7764846084896916
v 0.7862798217424034 -0.394057400601899 -0.803707982035379
v 0.8322246628006571 -0.3531595725275437 -0.7169
v 0.8214521057144145 -0.36887874273051163 -0.7466096862872477
v 0.8394465782221414 -0.3331847327073941 -0.7465893438892711
v 0.768932542082637 -0.43023900500274354 -0.746589344155416
v 0.7973189574242218 -0.4020951812267468 -0.7466096864487785
v 0.7856980415115867 -0.41719798976880257 -0.7169
v 0.8351719828282655 -0.2921947759992681 -0.6222924391019665
v 0.8435541260640278 -0.25881482659719746 -0.6300920183315764
v 0.8053183880571004 -0.3568127376235615 -0.6141664581347486
v 0.8220838308158384 -0.3258767005198946 -0.6169390390437036
v 0.8507868924273378 -0.2982828240671883 -0.6872106561107288
v 0.8395467448819023 -0.3131891473775056 -0.651864868325274
v 0.8389853745118256 -0.33235223332624964 -0.6815004340542433
v 0.8032872273615862 -0.3810562959144434 -0.6460310402182718
v 0.7965198486481653 -0.4018841577494913 -0.681465520149058
v 0.8210044663103359 -0.36818396451096513 -0.6814655199612223
v 0.8232353703357929 -0.14766810783340956 -0.811507560955305
v 0.8037307512482081 -0.13625108920535292 -0.8386098969617611
v 0.849924432912284 -0.1779147296622227 -0.7522995656373614
v 0.8391148108545621 -0.16208149627775525 -0.7819351316439906
v 0.8199569622201456 -0.20339806630130305 -0.8486382422881495
v 0.8324445712416636 -0.18261038007632868 -0.8168609608893533
v 0.8370647893799981 -0.21749263989377476 -0.819633541441902
v 0.8526834570098814 -0.23829999374352046 -0.6573153915103084
v 0.8566851528415701 -0.277877902791143 -0.7169
v 0.8572094642037684 -0.2588288766837091 -0.6871903137127523
v 0.8572094626658999 -0.21777110479128167 -0.6871903135512215
v 0.8566851490258551 -0.19872207311737788 -0.7169
v 0.8037307709253178 -0.34034887282237614 -0.8386098969617611
v 0.8232353853832547 -0.32893185629196225 -0.8115075608980334
v 0.8370647926289239 -0.2591073220617003 -0.8196335418652514
v 0.8324445804184657 -0.2939895826207052 -0.8168609609562963
v 0.819956968949947 -0.27320189259768257 -0.8486382422881495
v 0.8391148216069975 -0.3145184709224738 -0.781935131674726
v 0.8499244399988791 -0.29868524162478327 -0.7522995659457566
v 0.8496715515235481 -0.23829998291064108 -0.7877689597817281
v 0.8564389335460127 -0.21747212215076633 -0.7523344798509419
v 0.8564389359793365 -0.2591278483642976 -0.7523344800387777
v 0.5874861517588191 -0.004450937261233606 -0.811507563769062
v 0.5706006635461411 -0.019472880283356447 -0.8386098998307782
v 0.6244997721967945 0.011585150928396598 -0.7522995679306123
v 0.6061011156398921 0.006197326982480822 -0.7819351340359428
v 0.6394754183210989 -0.024790396243659085 -0.8486382485892061
v 0.6235640322803684 -0.006490223302516029 -0.8168609656274157
v 0.6581667636049442 -0.012875347734725373 -0.8196335473340319
v 0.6827821577995228 -0.00445093313608616 -0.6573153910560355
v 0.7216595888274723 -0.012875345504569952 -0.7169
v 0.7037049044691148 -0.0064902201859059205 -0.6871903134925164
v 0.664656636500465 0.006197329516050315 -0.6871903134925164
v 0.6463779088140128 0.011585151887641532 -0.7169
v 0.7647092201340662 -0.0825425652502168 -0.8386098998307782
v 0.7598782480780342 -0.06046451748022072 -0.811507563769062
v 0.6977446850074983 -0.025734992246952554 -0.8196335473340319
v 0.7294919658464641 -0.04090829078311145 -0.8168609656274157
v 0.705862812786802 -0.04636096545669627 -0.8486382485892061
v 0.7510773171252029 -0.040908290184008544 -0.7819351340359428
v 0.7393593735840696 -0.02573499096670434 -0.7522995679306123
v 0.681851427562282 -0.007315426640667144 -0.7877689642288533
v 0.6641341856472649 0.005556901961793953 -0.7523344821009277
v 0.7037511422801723 -0.007315425863957725 -0.7523344821009277
v 0.3784280156410761 -0.1844052355265347 -0.811507563769062
v 0.3874968304219637 -0.20510632445466467 -0.8386098998307782
v 0.37461462566248693 -0.14424776699049147 -0.7522995679306123
v 0.37405325392415734 -0.16341085838364716 -0.7819351340359428
v 0.41383755587265725 -0.14124574190149797 -0.8486382485892061
v 0.3915161688225025 -0.1507233057008125 -0.8168609656274157
v 0.4082816138591746 -0.11978726390717162 -0.8196335473340319
v 0.40787609358532717 -0.09377334559424236 -0.6573153910560355
v 0.4279019714241079 -0.0594019972955 -0.7169
v 0.4162810543694867 -0.07450480506600765 -0.6871903134925164
v 0.3921479004273645 -0.107721247223423 -0.6871903134925164
v 0.38137533996775186 -0.12344042203914668 -0.7169
v 0.5074625016619911 -0.03998771670133991 -0.8386098998307782
v 0.484972177912677 -0.03775975305903692 -0.811507563769062
v 0.43274211158685605 -0.0861202716084572 -0.8196335473340319
v 0.4569832243542328 -0.060615619465467785 -0.8168609656274157
v 0.45486721720727763 -0.08477324867793251 -0.8486382485892061
v 0.46365346336745755 -0.040086730032938694 -0.7819351340359428
v 0.44560175482876296 -0.04654234997257681 -0.7522995679306123
v 0.4103127774065301 -0.09554369973050678 -0.7877689642288533
v 0.3925955370604841 -0.10841603049247145 -0.7523344821009277
v 0.4170801598844192 -0.07471583284205804 -0.7523344821009277
v 0.48497221658093276 -0.4388402704318505 -0.811507563769062
v 0.5074625399006496 -0.436612302452954 -0.8386098998307782
v 0.44560179180355547 -0.4300576811097321 -0.7522995679306123
v 0.463653501587025 -0.4365132975686321 -0.7819351340359428
v 0.45486724681037227 -0.3918267806178068 -0.8486382485892061
v 0.45698325861541145 -0.41598440942226167 -0.8168609656274157
v 0.43274214093021757 -0.39047976195345413 -0.8196335473340319
v 0.4078761214530202 -0.38282669276234504 -0.6573153910560355
v 0.3813753621150274 -0.3531596214273275 -0.7169
v 0.3921479256056177 -0.3688787941658813 -0.6871903134925164
v 0.41628108595254754 -0.40209523166993133 -0.6871903134925164
v 0.4279020059192982 -0.4171980371996887 -0.7169
v 0.387496836822386 -0.27149371783146264 -0.8386098998307782
v 0.3784280260330911 -0.2921948085082448 -0.811507563769062
v 0.4082816367108532 -0.3568127743712236 -0.8196335473340319
v 0.39151618570908087 -0.32587673581030335 -0.8168609656274157
v 0.41383757458670306 -0.33535429530559857 -0.8486382485892061
v 0.37405326836431696 -0.3131891864946754 -0.7819351340359428
v 0.3746146437976817 -0.33235227777958676 -0.7522995679306123
v 0.4103128049328627 -0.3810563381562382 -0.7877689642288533
v 0.4170801914267896 -0.40188420373979705 -0.7523344821009277
v 0.3925955621047689 -0.3681840108105194 -0.7523344821009277
v 0.7598782823683427 -0.4161354530031648 -0.811507563769062
v 0.7647092501672763 -0.3940574043016591 -0.8386098998307782
v 0.7393594145709401 -0.4508649834731384 -0.7522995679306123
v 0.7510773551863514 -0.43569168199637576 -0.7819351340359428
v 0.7058628497965643 -0.4302390154419675 -0.8486382485892061
v 0.7294920039076129 -0.4356916855593692 -0.8168609656274157
v 0.6977447259943694 -0.45086499021705173 -0.8196335473340319
v 0.6827822028903953 -0.4721490522129984 -0.6573153910560355
v 0.6463779569969705 -0.4881851442562082 -0.7169
v 0.6646566836445402 -0.4827973183601052 -0.6871903134925164
v 0.7037049491667706 -0.47010976112884606 -0.6871903134925164
v 0.7216596322939454 -0.4637246323481524 -0.7169
v 0.5706007057404777 -0.4571271266966106 -0.8386098998307782
v 0.5874861968496926 -0.47214906646286625 -0.811507563769062
v 0.6581668070714181 -0.4637246423607098 -0.8196335473340319
v 0.6235640769780253 -0.470109773465032 -0.8168609656274157
v 0.6394754594901085 -0.45180959745584925 -0.8486382485892061
v 0.606101162783968 -0.48279732711723544 -0.7819351340359428
v 0.6244998203797525 -0.48818514751551456 -0.7522995679306123
v 0.6818514721008218 -0.46928455888788123 -0.7877689642288533
v 0.7037511868187117 -0.4692845554418786 -0.7523344821009277
v 0.6641342326678527 -0.4821568909065881 -0.7523344821009277
v 0.6350362438026581 -0.21778516721439178 -0.967481037135086
v 0.6634683335368506 -0.23829999453659423 -0.9634718961563873
v 0.6350362477583361 -0.25881482734108363 -0.967481037135086
v 0.7185520379691583 -0.1987220738803992 -0.9404040710452748
v 0.6922133671277275 -0.217771105486465 -0.9541596071942213
v 0.6893592957896886 -0.17831715809439252 -0.948405985571945
v 0.6893593073556035 -0.29828282598648875 -0.948405985571945
v 0.6922133710861158 -0.2588288780440938 -0.9541596071942213
v 0.7185520456005883 -0.27787790457152584 -0.9404040710452748
v 0.7882124161446817 -0.14766810776539713 -0.8681758915971879
v 0.7754945072036057 -0.11573626130587655 -0.8601804703951353
v 0.8016652231241512 -0.21749263976157812 -0.876911245156968
v 0.7971191249353439 -0.18261037999016524 -0.8740187350604797
v 0.7373976630208013 -0.1434152399098234 -0.911707938021362
v 0.7688635333496043 -0.16208149628502966 -0.8956040873894403
v 0.7471908876387583 -0.17791472958043408 -0.9185259352969192
v 0.7754945308363934 -0.3608637061663764 -0.8601804703951353
v 0.7882124336203573 -0.32893185725458396 -0.868175891597188
v 0.7471908992822685 -0.2986852433493357 -0.9185259352969192
v 0.7688635480460848 -0.3145184724658113 -0.8956040873894403
v 0.7373976813165177 -0.3331847349082794 -0.911707938021362
v 0.797119135673436 -0.29398958331242125 -0.8740187350604797
v 0.8016652271362313 -0.2591073226644285 -0.876911245156968
v 0.7501354960722427 -0.25912784965824465 -0.9243370657436555
v 0.7501354920562056 -0.21747212270374602 -0.9243370657436554
v 0.7788025912617088 -0.23829998341719458 -0.9024373509546184
v 0.5960147125107931 -0.20510630478419478 -0.967481037135086
v 0.6243114748623193 -0.18440521503260107 -0.9634718970228849
v 0.6036924340301049 -0.11978724878129234 -0.9404040734132499
v 0.6136700439643499 -0.15072328780894578 -0.9541596088206612
v 0.5752651490396028 -0.14124572745485167 -0.948405985571945
v 0.6527183117748385 -0.16341083745951238 -0.9541596088206612
v 0.678974113801672 -0.1442477460949083 -0.9404040734132499
v 0.5766634649734049 -0.03775974699633189 -0.8681758942522422
v 0.5423644195893471 -0.03998771399509554 -0.8601804703951352
v 0.6472276969129503 -0.04654233791974463 -0.8769112507164081
v 0.612647870066371 -0.040086720760803746 -0.8740187396491305
v 0.5569161219975968 -0.08477324011981976 -0.911707938021362
v 0.5843922793500094 -0.06061561046655284 -0.8956040899682998
v 0.5927533642644527 -0.08612025968083753 -0.9185259374706168
v 0.749055561047572 -0.09377332713569816 -0.8681758942522422
v 0.7076129652222444 -0.12344040143639089 -0.918525937470617
v 0.7293684804700993 -0.10772122751437474 -0.8956040899682998
v 0.7185758034475148 -0.0745047881813046 -0.8740187396491305
v 0.6868056181407656 -0.05940198237519573 -0.8769112507164081
v 0.6709015746894889 -0.10841601220764618 -0.9243370695837259
v 0.6312846182327569 -0.09554368443913738 -0.9243370695837259
v 0.6599517158781409 -0.0747158176039954 -0.9024373557239621
v 0.5718980827417088 -0.23830000336490106 -0.967481037135086
v 0.560954355606932 -0.20499119502713795 -0.9634718970228849
v 0.49312738369520653 -0.2046330210724551 -0.9404040734132499
v 0.525632556236462 -0.2047035106720995 -0.9541596088206612
v 0.5047510967998073 -0.23830000983855587 -0.948405985571945
v 0.5497657100808352 -0.17148706864922403 -0.9541596088206612
v 0.539654015002065 -0.1405945965345742 -0.9404040734132499
v 0.4067621828420659 -0.20499120949549024 -0.8681758942522422
v 0.39828211874434283 -0.23830002010325207 -0.8601804703951352
v 0.43692046755067127 -0.14059460557897402 -0.8769112507164081
v 0.4200950578181576 -0.17148708047133662 -0.8740187396491305
v 0.4453724085422045 -0.2383000155632675 -0.911707938021362
v 0.4308877357086176 -0.2047035195224169 -0.8956040899682998
v 0.45772781586694145 -0.20463302423896107 -0.9185259374706168
v 0.5133063449622188 -0.05834572723644271 -0.8681758942522422
v 0.5287149447677822 -0.10692760758638672 -0.9185259374706168
v 0.5204879449261989 -0.0813793914823839 -0.8956040899682998
v 0.4855621132355814 -0.0813793943933214 -0.8740187396491305
v 0.4613809651703581 -0.10692761342890134 -0.8769112507164081
v 0.5030814590940778 -0.13719942416156583 -0.9243370695837259
v 0.4785968363790251 -0.17089962166211536 -0.9243370695837259
v 0.4676469769571482 -0.13719942725683754 -0.9024373557239621
v 0.5960147189112154 -0.2714936972954282 -0.967481037135086
v 0.5609543620295504 -0.2716088138128376 -0.9634718970228849
v 0.5396540338416627 -0.3360054164125406 -0.94040407341325
v 0.5497657229637334 -0.3051129423481501 -0.9541596088206612
v 0.5752651677536484 -0.33535427862570955 -0.948405985571945
v 0.5256325627145525 -0.27189650497864 -0.9541596088206612
v 0.4931273901868895 -0.2719670008459452 -0.94040407341325
v 0.513306379661078 -0.41825429079103926 -0.8681758942522423
v 0.5423644578280055 -0.4366122984293961 -0.8601804703951352
v 0.46138099050163883 -0.36967241461085476 -0.8769112507164081
v 0.4855621434930798 -0.3952206289838152 -0.8740187396491305
v 0.5569161516006912 -0.39182676949880746 -0.911707938021362
v 0.5204879751836973 -0.3952206251603394 -0.8956040899682998
v 0.5287149700990629 -0.3696724074700036 -0.918525937470617
v 0.4067621892646843 -0.27160882907588385 -0.8681758942522423
v 0.45772782235862447 -0.27196700450519856 -0.9185259374706168
v 0.4308877421867081 -0.2718965143970581 -0.8956040899682998
v 0.4200950707010559 -0.3051129555291864 -0.8740187396491305
v 0.43692048639026904 -0.33600542717726595 -0.8769112507164081
v 0.47859684937519636 -0.30570040305807045 -0.9243370695837259
v 0.5030814785883346 -0.3394005958374843 -0.9243370695837259
v 0.4676469964514051 -0.33940059957470414 -0.9024373557239621
v 0.6243114852543338 -0.2921947815908281 -0.9634718970228849
v 0.6789741319368653 -0.3323522399884475 -0.9404040734132499
v 0.6527183262149969 -0.31318915368649836 -0.9541596088206612
v 0.6136700608509277 -0.32587671086636794 -0.9541596088206612
v 0.6036924568817826 -0.35681275181790767 -0.9404040734132499
v 0.7490555889152624 -0.38282664543452294 -0.8681758942522422
v 0.6868056526359541 -0.41719800219808456 -0.8769112507164081
v 0.7185758350305733 -0.40209519026603563 -0.8740187396491305
v 0.7293685056483501 -0.3688787488519176 -0.8956040899682998
v 0.7076129873695178 -0.3531595791248093 -0.9185259374706168
v 0.5766635036416602 -0.4388402588146036 -0.8681758942522423
v 0.5927533936078135 -0.39047974302763777 -0.9185259374706168
v 0.5843923136111875 -0.4159843938541099 -0.8956040899682998
v 0.6126479082859376 -0.43651327811160384 -0.8740187396491305
v 0.6472277338877415 -0.43005765428496656 -0.8769112507164081
v 0.6312846457590885 -0.3810563108397258 -0.9243370695837259
v 0.6709015997337721 -0.3681839754322593 -0.9243370695837259
v 0.6599517474205099 -0.40188417214726574 -0.9024373557239621
# Number of normals: 642
vn 0 0 1
vn .894 0 .447
vn .276 .851 .447
vn -.724 .526 .447
vn -.724 -.526 .447
vn .276 -.851 .447
vn .724 .526 -.447
vn -.276 .851 -.447
vn -.894 0 -.447
vn -.276 -.851 -.447
vn .724 -.526 -.447
vn 0 0 -1
vn .526 0 .851
vn .688 .5 .526
vn .162 .5 .851
vn -.263 .809 .526
vn -.425 .309 .851
vn -.851 0 .526
vn -.425 -.309 .851
vn -.263 -.809 .526
vn .162 -.5 .851
vn .688 -.5 .526
vn .951 .309 0
vn .588 .809 0
vn 0 1 0
vn -.588 .809 0
vn -.951 .309 0
vn -.951 -.309 0
vn -.588 -.809 0
vn 0 -1 0
vn .588 -.809 0
vn .951 -.309 0
vn .851 0 -.526
vn .263 .809 -.526
vn -.688 .5 -.526
vn -.688 -.5 -.526
vn .263 -.809 -.526
vn .425 .309 -.851
vn .425 -.309 -.851
vn -.162 .5 -.851
vn -.526 0 -.851
vn -.162 -.5 -.851
vn .273 0 .962
vn .362 .263 .894
vn .084 .26 .962
vn .823 .26 .506
vn .638 .263 .724
vn .738 0 .675
vn .228 .702 .675
vn .447 .526 .724
vn .501 .702 .506
vn -.138 .425 .894
vn -.221 .161 .962
vn .007 .863 .506
vn -.053 .688 .724
vn -.597 .434 .675
vn -.362 .588 .724
vn -.513 .694 .506
vn -.447 0 .894
vn -.221 -.161 .962
vn -.818 .273 .506
vn -.671 .162 .724
vn -.597 -.434 .675
vn -.671 -.162 .724
vn -.818 -.273 .506
vn -.138 -.425 .894
vn .084 -.26 .962
vn -.513 -.694 .506
vn -.362 -.588 .724
vn .228 -.702 .675
vn -.053 -.688 .724
vn .007 -.863 .506
vn .362 -.263 .894
vn .501 -.702 .506
vn .447 -.526 .724
vn .638 -.263 .724
vn .823 -.26 .506
vn .959 .161 .232
vn .862 .425 .276
vn .682 .694 -.232
vn .809 .588 0
vn .87 .434 -.232
vn .671 .688 .276
vn .449 .863 .232
vn .144 .962 .232
vn -.138 .951 .276
vn -.449 .863 -.232
vn -.309 .951 0
vn -.144 .962 -.232
vn -.447 .851 .276
vn -.682 .694 .232
vn -.87 .434 .232
vn -.947 .162 .276
vn -.959 -.161 -.232
vn -1 0 0
vn -.959 .161 -.232
vn -.947 -.162 .276
vn -.87 -.434 .232
vn -.682 -.694 .232
vn -.447 -.851 .276
vn -.144 -.962 -.232
vn -.309 -.951 0
vn -.449 -.863 -.232
vn -.138 -.951 .276
vn .144 -.962 .232
vn .449 -.863 .232
vn .671 -.688 .276
vn .87 -.434 -.232
vn .809 -.588 0
vn .682 -.694 -.232
vn .862 -.425 .276
vn .959 -.161 .232
vn .947 .162 -.276
vn .818 .273 -.506
vn 1 0 0
vn .818 -.273 -.506
vn .947 -.162 -.276
vn .138 .951 -.276
vn -.007 .863 -.506
vn .309 .951 0
vn .513 .694 -.506
vn .447 .851 -.276
vn -.862 .425 -.276
vn -.823 .26 -.506
vn -.809 .588 0
vn -.501 .702 -.506
vn -.671 .688 -.276
vn -.671 -.688 -.276
vn -.501 -.702 -.506
vn -.809 -.588 0
vn -.823 -.26 -.506
vn -.862 -.425 -.276
vn .447 -.851 -.276
vn .513 -.694 -.506
vn .309 -.951 0
vn -.007 -.863 -.506
vn .138 -.951 -.276
vn .221 .161 -.962
vn .447 0 -.894
vn .221 -.161 -.962
vn .671 .162 -.724
vn .597 .434 -.675
vn .597 -.434 -.675
vn .671 -.162 -.724
vn -.084 .26 -.962
vn .138 .425 -.894
vn .053 .688 -.724
vn -.228 .702 -.675
vn .362 .588 -.724
vn -.273 0 -.962
vn -.362 .263 -.894
vn -.638 .263 -.724
vn -.738 0 -.675
vn -.447 .526 -.724
vn -.084 -.26 -.962
vn -.362 -.263 -.894
vn -.447 -.526 -.724
vn -.228 -.702 -.675
vn -.638 -.263 -.724
vn .138 -.425 -.894
vn .362 -.588 -.724
vn .053 -.688 -.724
vn .138 0 .99
vn .181 .132 .975
vn .043 .131 .99
vn .449 .133 .883
vn .321 .133 .938
vn .403 0 .915
vn .125 .384 .915
vn .225 .264 .938
vn .265 .386 .883
vn .867 .131 .481
vn .791 .132 .598
vn .824 0 .566
vn .671 .386 .632
vn .738 .264 .621
vn .763 .384 .521
vn .638 0 .77
vn .695 .133 .706
vn .589 .133 .797
vn .255 .784 .566
vn .37 .711 .598
vn .393 .784 .481
vn .309 .519 .797
vn .341 .62 .706
vn .197 .607 .77
vn .601 .607 .521
vn .479 .62 .621
vn .575 .519 .632
vn .41 .4 .82
vn .507 .266 .82
vn .55 .4 .733
vn -.069 .213 .975
vn -.112 .081 .99
vn .012 .468 .883
vn -.027 .346 .938
vn -.326 .237 .915
vn -.181 .296 .938
vn -.285 .372 .883
vn .143 .865 .481
vn .119 .793 .598
vn -.16 .758 .632
vn -.023 .783 .621
vn -.129 .844 .521
vn .089 .702 .706
vn .056 .602 .797
vn -.667 .484 .566
vn -.562 .571 .598
vn -.624 .616 .481
vn -.398 .454 .797
vn -.484 .516 .706
vn -.516 .375 .77
vn -.392 .759 .521
vn -.442 .647 .621
vn -.316 .707 .632
vn -.253 .513 .82
vn -.097 .564 .82
vn -.21 .647 .733
vn -.224 0 .975
vn -.112 -.081 .99
vn -.442 .156 .883
vn -.338 .081 .938
vn -.326 -.237 .915
vn -.338 -.081 .938
vn -.442 -.156 .883
vn -.778 .403 .481
vn -.717 .358 .598
vn -.77 .082 .632
vn -.752 .22 .621
vn -.843 .138 .521
vn -.641 .301 .706
vn -.555 .239 .797
vn -.667 -.484 .566
vn -.717 -.358 .598
vn -.778 -.403 .481
vn -.555 -.239 .797
vn -.641 -.301 .706
vn -.516 -.375 .77
vn -.843 -.138 .521
vn -.752 -.22 .621
vn -.77 -.082 .632
vn -.567 -.082 .82
vn -.567 .082 .82
vn -.68 0 .733
vn -.069 -.213 .975
vn .043 -.131 .99
vn -.285 -.372 .883
vn -.181 -.296 .938
vn .125 -.384 .915
vn -.027 -.346 .938
vn .012 -.468 .883
vn -.624 -.616 .481
vn -.562 -.571 .598
vn -.316 -.707 .632
vn -.442 -.647 .621
vn -.392 -.759 .521
vn -.484 -.516 .706
vn -.398 -.454 .797
vn .255 -.784 .566
vn .119 -.793 .598
vn .143 -.865 .481
vn .056 -.602 .797
vn .089 -.702 .706
vn .197 -.607 .77
vn -.129 -.844 .521
vn -.023 -.783 .621
vn -.16 -.758 .632
vn -.097 -.564 .82
vn -.253 -.513 .82
vn -.21 -.647 .733
vn .181 -.132 .975
vn .265 -.386 .883
vn .225 -.264 .938
vn .321 -.133 .938
vn .449 -.133 .883
vn .393 -.784 .481
vn .37 -.711 .598
vn .575 -.519 .632
vn .479 -.62 .621
vn .601 -.607 .521
vn .341 -.62 .706
vn .309 -.519 .797
vn .791 -.132 .598
vn .867 -.131 .481
vn .589 -.133 .797
vn .695 -.133 .706
vn .763 -.384 .521
vn .738 -.264 .621
vn .671 -.386 .632
vn .507 -.266 .82
vn .41 -.4 .82
vn .55 -.4 .733
vn .936 .081 .343
vn .903 .213 .374
vn .918 .372 .14
vn .92 .296 .257
vn .964 .237 .117
vn .851 .346 .395
vn .785 .468 .406
vn .709 .616 -.343
vn .786 .571 -.236
vn .805 .484 -.343
vn .707 .707 0
vn .753 .647 -.117
vn .641 .759 -.117
vn .92 .375 -.117
vn .848 .516 -.117
vn .891 .454 0
vn .482 .793 .374
vn .366 .865 .343
vn .688 .602 .406
vn .592 .702 .395
vn .523 .844 .117
vn .566 .783 .257
vn .637 .758 .14
vn .777 .564 .28
vn .847 .513 .14
vn .75 .647 .14
vn .212 .915 .343
vn .076 .924 .374
vn -.07 .988 .14
vn .003 .966 .257
vn .073 .99 .117
vn -.066 .916 .395
vn -.203 .891 .406
vn -.366 .865 -.343
vn -.3 .924 -.236
vn -.212 .915 -.343
vn -.454 .891 0
vn -.383 .916 -.117
vn -.523 .844 -.117
vn -.073 .99 -.117
vn -.229 .966 -.117
vn -.156 .988 0
vn -.605 .703 .374
vn -.709 .616 .343
vn -.359 .84 .406
vn -.485 .78 .395
vn -.641 .759 .117
vn -.57 .78 .257
vn -.524 .84 .14
vn -.297 .913 .28
vn -.227 .964 .14
vn -.383 .913 .14
vn -.805 .484 .343
vn -.855 .358 .374
vn -.961 .239 .14
vn -.918 .301 .257
vn -.92 .375 .117
vn -.892 .22 .395
vn -.91 .082 .406
vn -.936 -.081 -.343
vn -.972 0 -.236
vn -.936 .081 -.343
vn -.988 -.156 0
vn -.99 -.081 -.117
vn -.964 -.237 -.117
vn -.964 .237 -.117
vn -.99 .081 -.117
vn -.988 .156 0
vn -.855 -.358 .374
vn -.805 -.484 .343
vn -.91 -.082 .406
vn -.892 -.22 .395
vn -.92 -.375 .117
vn -.918 -.301 .257
vn -.961 -.239 .14
vn -.96 0 .28
vn -.987 .082 .14
vn -.987 -.082 .14
vn -.709 -.616 .343
vn -.605 -.703 .374
vn -.524 -.84 .14
vn -.57 -.78 .257
vn -.641 -.759 .117
vn -.485 -.78 .395
vn -.359 -.84 .406
vn -.212 -.915 -.343
vn -.3 -.924 -.236
vn -.366 -.865 -.343
vn -.156 -.988 0
vn -.229 -.966 -.117
vn -.073 -.99 -.117
vn -.523 -.844 -.117
vn -.383 -.916 -.117
vn -.454 -.891 0
vn .076 -.924 .374
vn .212 -.915 .343
vn -.203 -.891 .406
vn -.066 -.916 .395
vn .073 -.99 .117
vn .003 -.966 .257
vn -.07 -.988 .14
vn -.297 -.913 .28
vn -.383 -.913 .14
vn -.227 -.964 .14
vn .366 -.865 .343
vn .482 -.793 .374
vn .637 -.758 .14
vn .566 -.783 .257
vn .523 -.844 .117
vn .592 -.702 .395
vn .688 -.602 .406
vn .805 -.484 -.343
vn .786 -.571 -.236
vn .709 -.616 -.343
vn .891 -.454 0
vn .848 -.516 -.117
vn .92 -.375 -.117
vn .641 -.759 -.117
vn .753 -.647 -.117
vn .707 -.707 0
vn .903 -.213 .374
vn .936 -.081 .343
vn .785 -.468 .406
vn .851 -.346 .395
vn .964 -.237 .117
vn .92 -.296 .257
vn .918 -.372 .14
vn .777 -.564 .28
vn .75 -.647 .14
vn .847 -.513 .14
vn .855 .358 -.374
vn .778 .403 -.481
vn .961 .239 -.14
vn .918 .301 -.257
vn .843 .138 -.521
vn .892 .22 -.395
vn .91 .082 -.406
vn .972 0 .236
vn .988 -.156 0
vn .99 -.081 .117
vn .99 .081 .117
vn .988 .156 0
vn .778 -.403 -.481
vn .855 -.358 -.374
vn .91 -.082 -.406
vn .892 -.22 -.395
vn .843 -.138 -.521
vn .918 -.301 -.257
vn .961 -.239 -.14
vn .96 0 -.28
vn .987 .082 -.14
vn .987 -.082 -.14
vn -.076 .924 -.374
vn -.143 .865 -.481
vn .07 .988 -.14
vn -.003 .966 -.257
vn .129 .844 -.521
vn .066 .916 -.395
vn .203 .891 -.406
vn .3 .924 .236
vn .454 .891 0
vn .383 .916 .117
vn .229 .966 .117
vn .156 .988 0
vn .624 .616 -.481
vn .605 .703 -.374
vn .359 .84 -.406
vn .485 .78 -.395
vn .392 .759 -.521
vn .57 .78 -.257
vn .524 .84 -.14
vn .297 .913 -.28
vn .227 .964 -.14
vn .383 .913 -.14
vn -.903 .213 -.374
vn -.867 .131 -.481
vn -.918 .372 -.14
vn -.92 .296 -.257
vn -.763 .384 -.521
vn -.851 .346 -.395
vn -.785 .468 -.406
vn -.786 .571 .236
vn -.707 .707 0
vn -.753 .647 .117
vn -.848 .516 .117
vn -.891 .454 0
vn -.393 .784 -.481
vn -.482 .793 -.374
vn -.688 .602 -.406
vn -.592 .702 -.395
vn -.601 .607 -.521
vn -.566 .783 -.257
vn -.637 .758 -.14
vn -.777 .564 -.28
vn -.847 .513 -.14
vn -.75 .647 -.14
vn -.482 -.793 -.374
vn -.393 -.784 -.481
vn -.637 -.758 -.14
vn -.566 -.783 -.257
vn -.601 -.607 -.521
vn -.592 -.702 -.395
vn -.688 -.602 -.406
vn -.786 -.571 .236
vn -.891 -.454 0
vn -.848 -.516 .117
vn -.753 -.647 .117
vn -.707 -.707 0
vn -.867 -.131 -.481
vn -.903 -.213 -.374
vn -.785 -.468 -.406
vn -.851 -.346 -.395
vn -.763 -.384 -.521
vn -.92 -.296 -.257
vn -.918 -.372 -.14
vn -.777 -.564 -.28
vn -.75 -.647 -.14
vn -.847 -.513 -.14
vn .605 -.703 -.374
vn .624 -.616 -.481
vn .524 -.84 -.14
vn .57 -.78 -.257
vn .392 -.759 -.521
vn .485 -.78 -.395
vn .359 -.84 -.406
vn .3 -.924 .236
vn .156 -.988 0
vn .229 -.966 .117
vn .383 -.916 .117
vn .454 -.891 0
vn -.143 -.865 -.481
vn -.076 -.924 -.374
vn .203 -.891 -.406
vn .066 -.916 -.395
vn .129 -.844 -.521
vn -.003 -.966 -.257
vn .07 -.988 -.14
vn .297 -.913 -.28
vn .383 -.913 -.14
vn .227 -.964 -.14
vn .112 .081 -.99
vn .224 0 -.975
vn .112 -.081 -.99
vn .442 .156 -.883
vn .338 .081 -.938
vn .326 .237 -.915
vn .326 -.237 -.915
vn .338 -.081 -.938
vn .442 -.156 -.883
vn .717 .358 -.598
vn .667 .484 -.566
vn .77 .082 -.632
vn .752 .22 -.621
vn .516 .375 -.77
vn .641 .301 -.706
vn .555 .239 -.797
vn .667 -.484 -.566
vn .717 -.358 -.598
vn .555 -.239 -.797
vn .641 -.301 -.706
vn .516 -.375 -.77
vn .752 -.22 -.621
vn .77 -.082 -.632
vn .567 -.082 -.82
vn .567 .082 -.82
vn .68 0 -.733
vn -.043 .131 -.99
vn .069 .213 -.975
vn -.012 .468 -.883
vn .027 .346 -.938
vn -.125 .384 -.915
vn .181 .296 -.938
vn .285 .372 -.883
vn -.119 .793 -.598
vn -.255 .784 -.566
vn .16 .758 -.632
vn .023 .783 -.621
vn -.197 .607 -.77
vn -.089 .702 -.706
vn -.056 .602 -.797
vn .562 .571 -.598
vn .398 .454 -.797
vn .484 .516 -.706
vn .442 .647 -.621
vn .316 .707 -.632
vn .253 .513 -.82
vn .097 .564 -.82
vn .21 .647 -.733
vn -.138 0 -.99
vn -.181 .132 -.975
vn -.449 .133 -.883
vn -.321 .133 -.938
vn -.403 0 -.915
vn -.225 .264 -.938
vn -.265 .386 -.883
vn -.791 .132 -.598
vn -.824 0 -.566
vn -.671 .386 -.632
vn -.738 .264 -.621
vn -.638 0 -.77
vn -.695 .133 -.706
vn -.589 .133 -.797
vn -.37 .711 -.598
vn -.309 .519 -.797
vn -.341 .62 -.706
vn -.479 .62 -.621
vn -.575 .519 -.632
vn -.41 .4 -.82
vn -.507 .266 -.82
vn -.55 .4 -.733
vn -.043 -.131 -.99
vn -.181 -.132 -.975
vn -.265 -.386 -.883
vn -.225 -.264 -.938
vn -.125 -.384 -.915
vn -.321 -.133 -.938
vn -.449 -.133 -.883
vn -.37 -.711 -.598
vn -.255 -.784 -.566
vn -.575 -.519 -.632
vn -.479 -.62 -.621
vn -.197 -.607 -.77
vn -.341 -.62 -.706
vn -.309 -.519 -.797
vn -.791 -.132 -.598
vn -.589 -.133 -.797
vn -.695 -.133 -.706
vn -.738 -.264 -.621
vn -.671 -.386 -.632
vn -.507 -.266 -.82
vn -.41 -.4 -.82
vn -.55 -.4 -.733
vn .069 -.213 -.975
vn .285 -.372 -.883
vn .181 -.296 -.938
vn .027 -.346 -.938
vn -.012 -.468 -.883
vn .562 -.571 -.598
vn .316 -.707 -.632
vn .442 -.647 -.621
vn .484 -.516 -.706
vn .398 -.454 -.797
vn -.119 -.793 -.598
vn -.056 -.602 -.797
vn -.089 -.702 -.706
vn .023 -.783 -.621
vn .16 -.758 -.632
vn .097 -.564 -.82
vn .253 -.513 -.82
vn .21 -.647 -.733
# Number of faces: 1280
f 1285//1285 1447//1447 1449//1449
f 1327//1327 1448//1448 1447//1447
f 1329//1329 1449//1449 1448//1448
f 1449//1449 1447//1447 1448//1448
f 1297//1297 1450//1450 1452//1452
f 1328//1328 1451//1451 1450//1450
f 1327//1327 1452//1452 1451//1451
f 1452//1452 1450//1450 1451//1451
f 1299//1299 1453//1453 1455//1455
f 1329//1329 1454//1454 1453//1453
f 1328//1328 1455//1455 1454//1454
f 1455//1455 1453//1453 1454//1454
f 1329//1329 1448//1448 1454//1454
f 1327//1327 1451//1451 1448//1448
f 1328//1328 1454//1454 1451//1451
f 1454//1454 1448//1448 1451//1451
f 1286//1286 1456//1456 1458//1458
f 1330//1330 1457//1457 1456//1456
f 1332//1332 1458//1458 1457//1457
f 1458//1458 1456//1456 1457//1457
f 1298//1298 1459//1459 1461//1461
f 1331//1331 1460//1460 1459//1459
f 1330//1330 1461//1461 1460//1460
f 1461//1461 1459//1459 1460//1460
f 1297//1297 1462//1462 1464//1464
f 1332//1332 1463//1463 1462//1462
f 1331//1331 1464//1464 1463//1463
f 1464//1464 1462//1462 1463//1463
f 1332//1332 1457//1457 1463//1463
f 1330//1330 1460//1460 1457//1457
f 1331//1331 1463//1463 1460//1460
f 1463//1463 1457//1457 1460//1460
f 1287//1287 1465//1465 1467//1467
f 1333//1333 1466//1466 1465//1465
f 1335//1335 1467//1467 1466//1466
f 1467//1467 1465//1465 1466//1466
f 1299//1299 1468//1468 1470//1470
f 1334//1334 1469//1469 1468//1468
f 1333//1333 1470//1470 1469//1469
f 1470//1470 1468//1468 1469//1469
f 1298//1298 1471//1471 1473//1473
f 1335//1335 1472//1472 1471//1471
f 1334//1334 1473//1473 1472//1472
f 1473//1473 1471//1471 1472//1472
f 1335//1335 1466//1466 1472//1472
f 1333//1333 1469//1469 1466//1466
f 1334//1334 1472//1472 1469//1469
f 1472//1472 1466//1466 1469//1469
f 1299//1299 1455//1455 1468//1468
f 1328//1328 1474//1474 1455//1455
f 1334//1334 1468//1468 1474//1474
f 1468//1468 1455//1455 1474//1474
f 1297//1297 1464//1464 1450//1450
f 1331//1331 1475//1475 1464//1464
f 1328//1328 1450//1450 1475//1475
f 1450//1450 1464//1464 1475//1475
f 1298//1298 1473//1473 1459//1459
f 1334//1334 1476//1476 1473//1473
f 1331//1331 1459//1459 1476//1476
f 1459//1459 1473//1473 1476//1476
f 1334//1334 1474//1474 1476//1476
f 1328//1328 1475//1475 1474//1474
f 1331//1331 1476//1476 1475//1475
f 1476//1476 1474//1474 1475//1475
f 1285//1285 1449//1449 1478//1478
f 1329//1329 1477//1477 1449//1449
f 1337//1337 1478//1478 1477//1477
f 1478//1478 1449//1449 1477//1477
f 1299//1299 1479//1479 1453//1453
f 1336//1336 1480//1480 1479//1479
f 1329//1329 1453//1453 1480//1480
f 1453//1453 1479//1479 1480//1480
f 1301//1301 1481//1481 1483//1483
f 1337//1337 1482//1482 1481//1481
f 1336//1336 1483//1483 1482//1482
f 1483//1483 1481//1481 1482//1482
f 1337//1337 1477//1477 1482//1482
f 1329//1329 1480//1480 1477//1477
f 1336//1336 1482//1482 1480//1480
f 1482//1482 1477//1477 1480//1480
f 1287//1287 1484//1484 1465//1465
f 1338//1338 1485//1485 1484//1484
f 1333//1333 1465//1465 1485//1485
f 1465//1465 1484//1484 1485//1485
f 1300//1300 1486//1486 1488//1488
f 1339//1339 1487//1487 1486//1486
f 1338//1338 1488//1488 1487//1487
f 1488//1488 1486//1486 1487//1487
f 1299//1299 1470//1470 1490//1490
f 1333//1333 1489//1489 1470//1470
f 1339//1339 1490//1490 1489//1489
f 1490//1490 1470//1470 1489//1489
f 1333//1333 1485//1485 1489//1489
f 1338//1338 1487//1487 1485//1485
f 1339//1339 1489//1489 1487//1487
f 1489//1489 1485//1485 1487//1487
f 1288//1288 1491//1491 1493//1493
f 1340//1340 1492//1492 1491//1491
f 1342//1342 1493//1493 1492//1492
f 1493//1493 1491//1491 1492//1492
f 1301//1301 1494//1494 1496//1496
f 1341//1341 1495//1495 1494//1494
f 1340//1340 1496//1496 1495//1495
f 1496//1496 1494//1494 1495//1495
f 1300//1300 1497//1497 1499//1499
f 1342//1342 1498//1498 1497//1497
f 1341//1341 1499//1499 1498//1498
f 1499//1499 1497//1497 1498//1498
f 1342//1342 1492//1492 1498//1498
f 1340//1340 1495//1495 1492//1492
f 1341//1341 1498//1498 1495//1495
f 1498//1498 1492//1492 1495//1495
f 1301//1301 1483//1483 1494//1494
f 1336//1336 1500//1500 1483//1483
f 1341//1341 1494//1494 1500//1500
f 1494//1494 1483//1483 1500//1500
f 1299//1299 1490//1490 1479//1479
f 1339//1339 1501//1501 1490//1490
f 1336//1336 1479//1479 1501//1501
f 1479//1479 1490//1490 1501//1501
f 1300//1300 1499//1499 1486//1486
f 1341//1341 1502//1502 1499//1499
f 1339//1339 1486//1486 1502//1502
f 1486//1486 1499//1499 1502//1502
f 1341//1341 1500//1500 1502//1502
f 1336//1336 1501//1501 1500//1500
f 1339//1339 1502//1502 1501//1501
f 1502//1502 1500//1500 1501//1501
f 1285//1285 1478//1478 1504//1504
f 1337//1337 1503//1503 1478//1478
f 1344//1344 1504//1504 1503//1503
f 1504//1504 1478//1478 1503//1503
f 1301//1301 1505//1505 1481//1481
f 1343//1343 1506//1506 1505//1505
f 1337//1337 1481//1481 1506//1506
f 1481//1481 1505//1505 1506//1506
f 1303//1303 1507//1507 1509//1509
f 1344//1344 1508//1508 1507//1507
f 1343//1343 1509//1509 1508//1508
f 1509//1509 1507//1507 1508//1508
f 1344//1344 1503//1503 1508//1508
f 1337//1337 1506//1506 1503//1503
f 1343//1343 1508//1508 1506//1506
f 1508//1508 1503//1503 1506//1506
f 1288//1288 1510//1510 1491//1491
f 1345//1345 1511//1511 1510//1510
f 1340//1340 1491//1491 1511//1511
f 1491//1491 1510//1510 1511//1511
f 1302//1302 1512//1512 1514//1514
f 1346//1346 1513//1513 1512//1512
f 1345//1345 1514//1514 1513//1513
f 1514//1514 1512//1512 1513//1513
f 1301//1301 1496//1496 1516//1516
f 1340//1340 1515//1515 1496//1496
f 1346//1346 1516//1516 1515//1515
f 1516//1516 1496//1496 1515//1515
f 1340//1340 1511//1511 1515//1515
f 1345//1345 1513//1513 1511//1511
f 1346//1346 1515//1515 1513//1513
f 1515//1515 1511//1511 1513//1513
f 1289//1289 1517//1517 1519//1519
f 1347//1347 1518//1518 1517//1517
f 1349//1349 1519//1519 1518//1518
f 1519//1519 1517//1517 1518//1518
f 1303//1303 1520//1520 1522//1522
f 1348//1348 1521//1521 1520//1520
f 1347//1347 1522//1522 1521//1521
f 1522//1522 1520//1520 1521//1521
f 1302//1302 1523//1523 1525//1525
f 1349//1349 1524//1524 1523//1523
f 1348//1348 1525//1525 1524//1524
f 1525//1525 1523//1523 1524//1524
f 1349//1349 1518//1518 1524//1524
f 1347//1347 1521//1521 1518//1518
f 1348//1348 1524//1524 1521//1521
f 1524//1524 1518//1518 1521//1521
f 1303//1303 1509//1509 1520//1520
f 1343//1343 1526//1526 1509//1509
f 1348//1348 1520//1520 1526//1526
f 1520//1520 1509//1509 1526//1526
f 1301//1301 1516//1516 1505//1505
f 1346//1346 1527//1527 1516//1516
f 1343//1343 1505//1505 1527//1527
f 1505//1505 1516//1516 1527//1527
f 1302//1302 1525//1525 1512//1512
f 1348//1348 1528//1528 1525//1525
f 1346//1346 1512//1512 1528//1528
f 1512//1512 1525//1525 1528//1528
f 1348//1348 1526//1526 1528//1528
f 1343//1343 1527//1527 1526//1526
f 1346//1346 1528//1528 1527//1527
f 1528//1528 1526//1526 1527//1527
f 1285//1285 1504//1504 1530//1530
f 1344//1344 1529//1529 1504//1504
f 1351//1351 1530//1530 1529//1529
f 1530//1530 1504//1504 1529//1529
f 1303//1303 1531//1531 1507//1507
f 1350//1350 1532//1532 1531//1531
f 1344//1344 1507//1507 1532//1532
f 1507//1507 1531//1531 1532//1532
f 1305//1305 1533//1533 1535//1535
f 1351//1351 1534//1534 1533//1533
f 1350//1350 1535//1535 1534//1534
f 1535//1535 1533//1533 1534//1534
f 1351//1351 1529//1529 1534//1534
f 1344//1344 1532//1532 1529//1529
f 1350//1350 1534//1534 1532//1532
f 1534//1534 1529//1529 1532//1532
f 1289//1289 1536//1536 1517//1517
f 1352//1352 1537//1537 1536//1536
f 1347//1347 1517//1517 1537//1537
f 1517//1517 1536//1536 1537//1537
f 1304//1304 1538//1538 1540//1540
f 1353//1353 1539//1539 1538//1538
f 1352//1352 1540//1540 1539//1539
f 1540//1540 1538//1538 1539//1539
f 1303//1303 1522//1522 1542//1542
f 1347//1347 1541//1541 1522//1522
f 1353//1353 1542//1542 1541//1541
f 1542//1542 1522//1522 1541//1541
f 1347//1347 1537//1537 1541//1541
f 1352//1352 1539//1539 1537//1537
f 1353//1353 1541//1541 1539//1539
f 1541//1541 1537//1537 1539//1539
f 1290//1290 1543//1543 1545//1545
f 1354//1354 1544//1544 1543//1543
f 1356//1356 1545//1545 1544//1544
f 1545//1545 1543//1543 1544//1544
f 1305//1305 1546//1546 1548//1548
f 1355//1355 1547//1547 1546//1546
f 1354//1354 1548//1548 1547//1547
f 1548//1548 1546//1546 1547//1547
f 1304//1304 1549//1549 1551//1551
f 1356//1356 1550//1550 1549//1549
f 1355//1355 1551//1551 1550//1550
f 1551//1551 1549//1549 1550//1550
f 1356//1356 1544//1544 1550//1550
f 1354//1354 1547//1547 1544//1544
f 1355//1355 1550//1550 1547//1547
f 1550//1550 1544//1544 1547//1547
f 1305//1305 1535//1535 1546//1546
f 1350//1350 1552//1552 1535//1535
f 1355//1355 1546//1546 1552//1552
f 1546//1546 1535//1535 1552//1552
f 1303//1303 1542//1542 1531//1531
f 1353//1353 1553//1553 1542//1542
f 1350//1350 1531//1531 1553//1553
f 1531//1531 1542//1542 1553//1553
f 1304//1304 1551//1551 1538//1538
f 1355//1355 1554//1554 1551//1551
f 1353//1353 1538//1538 1554//1554
f 1538//1538 1551//1551 1554//1554
f 1355//1355 1552//1552 1554//1554
f 1350//1350 1553//1553 1552//1552
f 1353//1353 1554//1554 1553//1553
f 1554//1554 1552//1552 1553//1553
f 1285//1285 1530//1530 1447//1447
f 1351//1351 1555//1555 1530//1530
f 1327//1327 1447//1447 1555//1555
f 1447//1447 1530//1530 1555//1555
f 1305//1305 1556//1556 1533//1533
f 1357//1357 1557//1557 1556//1556
f 1351//1351 1533//1533 1557//1557
f 1533//1533 1556//1556 1557//1557
f 1297//1297 1452//1452 1559//1559
f 1327//1327 1558//1558 1452//1452
f 1357//1357 1559//1559 1558//1558
f 1559//1559 1452//1452 1558//1558
f 1327//1327 1555//1555 1558//1558
f 1351//1351 1557//1557 1555//1555
f 1357//1357 1558//1558 1557//1557
f 1558//1558 1555//1555 1557//1557
f 1290//1290 1560//1560 1543//1543
f 1358//1358 1561//1561 1560//1560
f 1354//1354 1543//1543 1561//1561
f 1543//1543 1560//1560 1561//1561
f 1306//1306 1562//1562 1564//1564
f 1359//1359 1563//1563 1562//1562
f 1358//1358 1564//1564 1563//1563
f 1564//1564 1562//1562 1563//1563
f 1305//1305 1548//1548 1566//1566
f 1354//1354 1565//1565 1548//1548
f 1359//1359 1566//1566 1565//1565
f 1566//1566 1548//1548 1565//1565
f 1354//1354 1561//1561 1565//1565
f 1358//1358 1563//1563 1561//1561
f 1359//1359 1565//1565 1563//1563
f 1565//1565 1561//1561 1563//1563
f 1286//1286 1458//1458 1568//1568
f 1332//1332 1567//1567 1458//1458
f 1361//1361 1568//1568 1567//1567
f 1568//1568 1458//1458 1567//1567
f 1297//1297 1569//1569 1462//1462
f 1360//1360 1570//1570 1569//1569
f 1332//1332 1462//1462 1570//1570
f 1462//1462 1569//1569 1570//1570
f 1306//1306 1571//1571 1573//1573
f 1361//1361 1572//1572 1571//1571
f 1360//1360 1573//1573 1572//1572
f 1573//1573 1571//1571 1572//1572
f 1361//1361 1567//1567 1572//1572
f 1332//1332 1570//1570 1567//1567
f 1360//1360 1572//1572 1570//1570
f 1572//1572 1567//1567 1570//1570
f 1297//1297 1559//1559 1569//1569
f 1357//1357 1574//1574 1559//1559
f 1360//1360 1569//1569 1574//1574
f 1569//1569 1559//1559 1574//1574
f 1305//1305 1566//1566 1556//1556
f 1359//1359 1575//1575 1566//1566
f 1357//1357 1556//1556 1575//1575
f 1556//1556 1566//1566 1575//1575
f 1306//1306 1573//1573 1562//1562
f 1360//1360 1576//1576 1573//1573
f 1359//1359 1562//1562 1576//1576
f 1562//1562 1573//1573 1576//1576
f 1360//1360 1574//1574 1576//1576
f 1357//1357 1575//1575 1574//1574
f 1359//1359 1576//1576 1575//1575
f 1576//1576 1574//1574 1575//1575
f 1286//1286 1577//1577 1456//1456
f 1362//1362 1578//1578 1577//1577
f 1330//1330 1456//1456 1578//1578
f 1456//1456 1577//1577 1578//1578
f 1307//1307 1579//1579 1581//1581
f 1363//1363 1580//1580 1579//1579
f 1362//1362 1581//1581 1580//1580
f 1581//1581 1579//1579 1580//1580
f 1298//1298 1461//1461 1583//1583
f 1330//1330 1582//1582 1461//1461
f 1363//1363 1583//1583 1582//1582
f 1583//1583 1461//1461 1582//1582
f 1330//1330 1578//1578 1582//1582
f 1362//1362 1580//1580 1578//1578
f 1363//1363 1582//1582 1580//1580
f 1582//1582 1578//1578 1580//1580
f 1291//1291 1584//1584 1586//1586
f 1364//1364 1585//1585 1584//1584
f 1366//1366 1586//1586 1585//1585
f 1586//1586 1584//1584 1585//1585
f 1308//1308 1587//1587 1589//1589
f 1365//1365 1588//1588 1587//1587
f 1364//1364 1589//1589 1588//1588
f 1589//1589 1587//1587 1588//1588
f 1307//1307 1590//1590 1592//1592
f 1366//1366 1591//1591 1590//1590
f 1365//1365 1592//1592 1591//1591
f 1592//1592 1590//1590 1591//1591
f 1366//1366 1585//1585 1591//1591
f 1364//1364 1588//1588 1585//1585
f 1365//1365 1591//1591 1588//1588
f 1591//1591 1585//1585 1588//1588
f 1287//1287 1467//1467 1594//1594
f 1335//1335 1593//1593 1467//1467
f 1368//1368 1594//1594 1593//1593
f 1594//1594 1467//1467 1593//1593
f 1298//1298 1595//1595 1471//1471
f 1367//1367 1596//1596 1595//1595
f 1335//1335 1471//1471 1596//1596
f 1471//1471 1595//1595 1596//1596
f 1308//1308 1597//1597 1599//1599
f 1368//1368 1598//1598 1597//1597
f 1367//1367 1599//1599 1598//1598
f 1599//1599 1597//1597 1598//1598
f 1368//1368 1593//1593 1598//1598
f 1335//1335 1596//1596 1593//1593
f 1367//1367 1598//1598 1596//1596
f 1598//1598 1593//1593 1596//1596
f 1298//1298 1583//1583 1595//1595
f 1363//1363 1600//1600 1583//1583
f 1367//1367 1595//1595 1600//1600
f 1595//1595 1583//1583 1600//1600
f 1307//1307 1592//1592 1579//1579
f 1365//1365 1601//1601 1592//1592
f 1363//1363 1579//1579 1601//1601
f 1579//1579 1592//1592 1601//1601
f 1308//1308 1599//1599 1587//1587
f 1367//1367 1602//1602 1599//1599
f 1365//1365 1587//1587 1602//1602
f 1587//1587 1599//1599 1602//1602
f 1367//1367 1600//1600 1602//1602
f 1363//1363 1601//1601 1600//1600
f 1365//1365 1602//1602 1601//1601
f 1602//1602 1600//1600 1601//1601
f 1287//1287 1603//1603 1484//1484
f 1369//1369 1604//1604 1603//1603
f 1338//1338 1484//1484 1604//1604
f 1484//1484 1603//1603 1604//1604
f 1309//1309 1605//1605 1607//1607
f 1370//1370 1606//1606 1605//1605
f 1369//1369 1607//1607 1606//1606
f 1607//1607 1605//1605 1606//1606
f 1300//1300 1488//1488 1609//1609
f 1338//1338 1608//1608 1488//1488
f 1370//1370 1609//1609 1608//1608
f 1609//1609 1488//1488 1608//1608
f 1338//1338 1604//1604 1608//1608
f 1369//1369 1606//1606 1604//1604
f 1370//1370 1608//1608 1606//1606
f 1608//1608 1604//1604 1606//1606
f 1292//1292 1610//1610 1612//1612
f 1371//1371 1611//1611 1610//1610
f 1373//1373 1612//1612 1611//1611
f 1612//1612 1610//1610 1611//1611
f 1310//1310 1613//1613 1615//1615
f 1372//1372 1614//1614 1613//1613
f 1371//1371 1615//1615 1614//1614
f 1615//1615 1613//1613 1614//1614
f 1309//1309 1616//1616 1618//1618
f 1373//1373 1617//1617 1616//1616
f 1372//1372 1618//1618 1617//1617
f 1618//1618 1616//1616 1617//1617
f 1373//1373 1611//1611 1617//1617
f 1371//1371 1614//1614 1611//1611
f 1372//1372 1617//1617 1614//1614
f 1617//1617 1611//1611 1614//1614
f 1288//1288 1493//1493 1620//1620
f 1342//1342 1619//1619 1493//1493
f 1375//1375 1620//1620 1619//1619
f 1620//1620 1493//1493 1619//1619
f 1300//1300 1621//1621 1497//1497
f 1374//1374 1622//1622 1621//1621
f 1342//1342 1497//1497 1622//1622
f 1497//1497 1621//1621 1622//1622
f 1310//1310 1623//1623 1625//1625
f 1375//1375 1624//1624 1623//1623
f 1374//1374 1625//1625 1624//1624
f 1625//1625 1623//1623 1624//1624
f 1375//1375 1619//1619 1624//1624
f 1342//1342 1622//1622 1619//1619
f 1374//1374 1624//1624 1622//1622
f 1624//1624 1619//1619 1622//1622
f 1300//1300 1609//1609 1621//1621
f 1370//1370 1626//1626 1609//1609
f 1374//1374 1621//1621 1626//1626
f 1621//1621 1609//1609 1626//1626
f 1309//1309 1618//1618 1605//1605
f 1372//1372 1627//1627 1618//1618
f 1370//1370 1605//1605 1627//1627
f 1605//1605 1618//1618 1627//1627
f 1310//1310 1625//1625 1613//1613
f 1374//1374 1628//1628 1625//1625
f 1372//1372 1613//1613 1628//1628
f 1613//1613 1625//1625 1628//1628
f 1374//1374 1626//1626 1628//1628
f 1370//1370 1627//1627 1626//1626
f 1372//1372 1628//1628 1627//1627
f 1628//1628 1626//1626 1627//1627
f 1288//1288 1629//1629 1510//1510
f 1376//1376 1630//1630 1629//1629
f 1345//1345 1510//1510 1630//1630
f 1510//1510 1629//1629 1630//1630
f 1311//1311 1631//1631 1633//1633
f 1377//1377 1632//1632 1631//1631
f 1376//1376 1633//1633 1632//1632
f 1633//1633 1631//1631 1632//1632
f 1302//1302 1514//1514 1635//1635
f 1345//1345 1634//1634 1514//1514
f 1377//1377 1635//1635 1634//1634
f 1635//1635 1514//1514 1634//1634
f 1345//1345 1630//1630 1634//1634
f 1376//1376 1632//1632 1630//1630
f 1377//1377 1634//1634 1632//1632
f 1634//1634 1630//1630 1632//1632
f 1293//1293 1636//1636 1638//1638
f 1378//1378 1637//1637 1636//1636
f 1380//1380 1638//1638 1637//1637
f 1638//1638 1636//1636 1637//1637
f 1312//1312 1639//1639 1641//1641
f 1379//1379 1640//1640 1639//1639
f 1378//1378 1641//1641 1640//1640
f 1641//1641 1639//1639 1640//1640
f 1311//1311 1642//1642 1644//1644
f 1380//1380 1643//1643 1642//1642
f 1379//1379 1644//1644 1643//1643
f 1644//1644 1642//1642 1643//1643
f 1380//1380 1637//1637 1643//1643
f 1378//1378 1640//1640 1637//1637
f 1379//1379 1643//1643 1640//1640
f 1643//1643 1637//1637 1640//1640
f 1289//1289 1519//1519 1646//1646
f 1349//1349 1645//1645 1519//1519
f 1382//1382 1646//1646 1645//1645
f 1646//1646 1519//1519 1645//1645
f 1302//1302 1647//1647 1523//1523
f 1381//1381 1648//1648 1647//1647
f 1349//1349 1523//1523 1648//1648
f 1523//1523 1647//1647 1648//1648
f 1312//1312 1649//1649 1651//1651
f 1382//1382 1650//1650 1649//1649
f 1381//1381 1651//1651 1650//1650
f 1651//1651 1649//1649 1650//1650
f 1382//1382 1645//1645 1650//1650
f 1349//1349 1648//1648 1645//1645
f 1381//1381 1650//1650 1648//1648
f 1650//1650 1645//1645 1648//1648
f 1302//1302 1635//1635 1647//1647
f 1377//1377 1652//1652 1635//1635
f 1381//1381 1647//1647 1652//1652
f 1647//1647 1635//1635 1652//1652
f 1311//1311 1644//1644 1631//1631
f 1379//1379 1653//1653 1644//1644
f 1377//1377 1631//1631 1653//1653
f 1631//1631 1644//1644 1653//1653
f 1312//1312 1651//1651 1639//1639
f 1381//1381 1654//1654 1651//1651
f 1379//1379 1639//1639 1654//1654
f 1639//1639 1651//1651 1654//1654
f 1381//1381 1652//1652 1654//1654
f 1377//1377 1653//1653 1652//1652
f 1379//1379 1654//1654 1653//1653
f 1654//1654 1652//1652 1653//1653
f 1289//1289 1655//1655 1536//1536
f 1383//1383 1656//1656 1655//1655
f 1352//1352 1536//1536 1656//1656
f 1536//1536 1655//1655 1656//1656
f 1313//1313 1657//1657 1659//1659
f 1384//1384 1658//1658 1657//1657
f 1383//1383 1659//1659 1658//1658
f 1659//1659 1657//1657 1658//1658
f 1304//1304 1540//1540 1661//1661
f 1352//1352 1660//1660 1540//1540
f 1384//1384 1661//1661 1660//1660
f 1661//1661 1540//1540 1660//1660
f 1352//1352 1656//1656 1660//1660
f 1383//1383 1658//1658 1656//1656
f 1384//1384 1660//1660 1658//1658
f 1660//1660 1656//1656 1658//1658
f 1294//1294 1662//1662 1664//1664
f 1385//1385 1663//1663 1662//1662
f 1387//1387 1664//1664 1663//1663
f 1664//1664 1662//1662 1663//1663
f 1314//1314 1665//1665 1667//1667
f 1386//1386 1666//1666 1665//1665
f 1385//1385 1667//1667 1666//1666
f 1667//1667 1665//1665 1666//1666
f 1313//1313 1668//1668 1670//1670
f 1387//1387 1669//1669 1668//1668
f 1386//1386 1670//1670 1669//1669
f 1670//1670 1668//1668 1669//1669
f 1387//1387 1663//1663 1669//1669
f 1385//1385 1666//1666 1663//1663
f 1386//1386 1669//1669 1666//1666
f 1669//1669 1663//1663 1666//1666
f 1290//1290 1545//1545 1672//1672
f 1356//1356 1671//1671 1545//1545
f 1389//1389 1672//1672 1671//1671
f 1672//1672 1545//1545 1671//1671
f 1304//1304 1673//1673 1549//1549
f 1388//1388 1674//1674 1673//1673
f 1356//1356 1549//1549 1674//1674
f 1549//1549 1673//1673 1674//1674
f 1314//1314 1675//1675 1677//1677
f 1389//1389 1676//1676 1675//1675
f 1388//1388 1677//1677 1676//1676
f 1677//1677 1675//1675 1676//1676
f 1389//1389 1671//1671 1676//1676
f 1356//1356 1674//1674 1671//1671
f 1388//1388 1676//1676 1674//1674
f 1676//1676 1671//1671 1674//1674
f 1304//1304 1661//1661 1673//1673
f 1384//1384 1678//1678 1661//1661
f 1388//1388 1673//1673 1678//1678
f 1673//1673 1661//1661 1678//1678
f 1313//1313 1670//1670 1657//1657
f 1386//1386 1679//1679 1670//1670
f 1384//1384 1657//1657 1679//1679
f 1657//1657 1670//1670 1679//1679
f 1314//1314 1677//1677 1665//1665
f 1388//1388 1680//1680 1677//1677
f 1386//1386 1665//1665 1680//1680
f 1665//1665 1677//1677 1680//1680
f 1388//1388 1678//1678 1680//1680
f 1384//1384 1679//1679 1678//1678
f 1386//1386 1680//1680 1679//1679
f 1680//1680 1678//1678 1679//1679
f 1290//1290 1681//1681 1560//1560
f 1390//1390 1682//1682 1681//1681
f 1358//1358 1560//1560 1682//1682
f 1560//1560 1681//1681 1682//1682
f 1315//1315 1683//1683 1685//1685
f 1391//1391 1684//1684 1683//1683
f 1390//1390 1685//1685 1684//1684
f 1685//1685 1683//1683 1684//1684
f 1306//1306 1564//1564 1687//1687
f 1358//1358 1686//1686 1564//1564
f 1391//1391 1687//1687 1686//1686
f 1687//1687 1564//1564 1686//1686
f 1358//1358 1682//1682 1686//1686
f 1390//1390 1684//1684 1682//1682
f 1391//1391 1686//1686 1684//1684
f 1686//1686 1682//1682 1684//1684
f 1295//1295 1688//1688 1690//1690
f 1392//1392 1689//1689 1688//1688
f 1394//1394 1690//1690 1689//1689
f 1690//1690 1688//1688 1689//1689
f 1316//1316 1691//1691 1693//1693
f 1393//1393 1692//1692 1691//1691
f 1392//1392 1693//1693 1692//1692
f 1693//1693 1691//1691 1692//1692
f 1315//1315 1694//1694 1696//1696
f 1394//1394 1695//1695 1694//1694
f 1393//1393 1696//1696 1695//1695
f 1696//1696 1694//1694 1695//1695
f 1394//1394 1689//1689 1695//1695
f 1392//1392 1692//1692 1689//1689
f 1393//1393 1695//1695 1692//1692
f 1695//1695 1689//1689 1692//1692
f 1286//1286 1568//1568 1698//1698
f 1361//1361 1697//1697 1568//1568
f 1396//1396 1698//1698 1697//1697
f 1698//1698 1568//1568 1697//1697
f 1306//1306 1699//1699 1571//1571
f 1395//1395 1700//1700 1699//1699
f 1361//1361 1571//1571 1700//1700
f 1571//1571 1699//1699 1700//1700
f 1316//1316 1701//1701 1703//1703
f 1396//1396 1702//1702 1701//1701
f 1395//1395 1703//1703 1702//1702
f 1703//1703 1701//1701 1702//1702
f 1396//1396 1697//1697 1702//1702
f 1361//1361 1700//1700 1697//1697
f 1395//1395 1702//1702 1700//1700
f 1702//1702 1697//1697 1700//1700
f 1306//1306 1687//1687 1699//1699
f 1391//1391 1704//1704 1687//1687
f 1395//1395 1699//1699 1704//1704
f 1699//1699 1687//1687 1704//1704
f 1315//1315 1696//1696 1683//1683
f 1393//1393 1705//1705 1696//1696
f 1391//1391 1683//1683 1705//1705
f 1683//1683 1696//1696 1705//1705
f 1316//1316 1703//1703 1691//1691
f 1395//1395 1706//1706 1703//1703
f 1393//1393 1691//1691 1706//1706
f 1691//1691 1703//1703 1706//1706
f 1395//1395 1704//1704 1706//1706
f 1391//1391 1705//1705 1704//1704
f 1393//1393 1706//1706 1705//1705
f 1706//1706 1704//1704 1705//1705
f 1291//1291 1586//1586 1708//1708
f 1366//1366 1707//1707 1586//1586
f 1398//1398 1708//1708 1707//1707
f 1708//1708 1586//1586 1707//1707
f 1307//1307 1709//1709 1590//1590
f 1397//1397 1710//1710 1709//1709
f 1366//1366 1590//1590 1710//1710
f 1590//1590 1709//1709 1710//1710
f 1317//1317 1711//1711 1713//1713
f 1398//1398 1712//1712 1711//1711
f 1397//1397 1713//1713 1712//1712
f 1713//1713 1711//1711 1712//1712
f 1398//1398 1707//1707 1712//1712
f 1366//1366 1710//1710 1707//1707
f 1397//1397 1712//1712 1710//1710
f 1712//1712 1707//1707 1710//1710
f 1286//1286 1698//1698 1577//1577
f 1396//1396 1714//1714 1698//1698
f 1362//1362 1577//1577 1714//1714
f 1577//1577 1698//1698 1714//1714
f 1316//1316 1715//1715 1701//1701
f 1399//1399 1716//1716 1715//1715
f 1396//1396 1701//1701 1716//1716
f 1701//1701 1715//1715 1716//1716
f 1307//1307 1581//1581 1718//1718
f 1362//1362 1717//1717 1581//1581
f 1399//1399 1718//1718 1717//1717
f 1718//1718 1581//1581 1717//1717
f 1362//1362 1714//1714 1717//1717
f 1396//1396 1716//1716 1714//1714
f 1399//1399 1717//1717 1716//1716
f 1717//1717 1714//1714 1716//1716
f 1295//1295 1719//1719 1688//1688
f 1400//1400 1720//1720 1719//1719
f 1392//1392 1688//1688 1720//1720
f 1688//1688 1719//1719 1720//1720
f 1317//1317 1721//1721 1723//1723
f 1401//1401 1722//1722 1721//1721
f 1400//1400 1723//1723 1722//1722
f 1723//1723 1721//1721 1722//1722
f 1316//1316 1693//1693 1725//1725
f 1392//1392 1724//1724 1693//1693
f 1401//1401 1725//1725 1724//1724
f 1725//1725 1693//1693 1724//1724
f 1392//1392 1720//1720 1724//1724
f 1400//1400 1722//1722 1720//1720
f 1401//1401 1724//1724 1722//1722
f 1724//1724 1720//1720 1722//1722
f 1317//1317 1713//1713 1721//1721
f 1397//1397 1726//1726 1713//1713
f 1401//1401 1721//1721 1726//1726
f 1721//1721 1713//1713 1726//1726
f 1307//1307 1718//1718 1709//1709
f 1399//1399 1727//1727 1718//1718
f 1397//1397 1709//1709 1727//1727
f 1709//1709 1718//1718 1727//1727
f 1316//1316 1725//1725 1715//1715
f 1401//1401 1728//1728 1725//1725
f 1399//1399 1715//1715 1728//1728
f 1715//1715 1725//1725 1728//1728
f 1401//1401 1726//1726 1728//1728
f 1397//1397 1727//1727 1726//1726
f 1399//1399 1728//1728 1727//1727
f 1728//1728 1726//1726 1727//1727
f 1292//1292 1612//1612 1730//1730
f 1373//1373 1729//1729 1612//1612
f 1403//1403 1730//1730 1729//1729
f 1730//1730 1612//1612 1729//1729
f 1309//1309 1731//1731 1616//1616
f 1402//1402 1732//1732 1731//1731
f 1373//1373 1616//1616 1732//1732
f 1616//1616 1731//1731 1732//1732
f 1318//1318 1733//1733 1735//1735
f 1403//1403 1734//1734 1733//1733
f 1402//1402 1735//1735 1734//1734
f 1735//1735 1733//1733 1734//1734
f 1403//1403 1729//1729 1734//1734
f 1373//1373 1732//1732 1729//1729
f 1402//1402 1734//1734 1732//1732
f 1734//1734 1729//1729 1732//1732
f 1287//1287 1594//1594 1603//1603
f 1368//1368 1736//1736 1594//1594
f 1369//1369 1603//1603 1736//1736
f 1603//1603 1594//1594 1736//1736
f 1308//1308 1737//1737 1597//1597
f 1404//1404 1738//1738 1737//1737
f 1368//1368 1597//1597 1738//1738
f 1597//1597 1737//1737 1738//1738
f 1309//1309 1607//1607 1740//1740
f 1369//1369 1739//1739 1607//1607
f 1404//1404 1740//1740 1739//1739
f 1740//1740 1607//1607 1739//1739
f 1369//1369 1736//1736 1739//1739
f 1368//1368 1738//1738 1736//1736
f 1404//1404 1739//1739 1738//1738
f 1739//1739 1736//1736 1738//1738
f 1291//1291 1741//1741 1584//1584
f 1405//1405 1742//1742 1741//1741
f 1364//1364 1584//1584 1742//1742
f 1584//1584 1741//1741 1742//1742
f 1318//1318 1743//1743 1745//1745
f 1406//1406 1744//1744 1743//1743
f 1405//1405 1745//1745 1744//1744
f 1745//1745 1743//1743 1744//1744
f 1308//1308 1589//1589 1747//1747
f 1364//1364 1746//1746 1589//1589
f 1406//1406 1747//1747 1746//1746
f 1747//1747 1589//1589 1746//1746
f 1364//1364 1742//1742 1746//1746
f 1405//1405 1744//1744 1742//1742
f 1406//1406 1746//1746 1744//1744
f 1746//1746 1742//1742 1744//1744
f 1318//1318 1735//1735 1743//1743
f 1402//1402 1748//1748 1735//1735
f 1406//1406 1743//1743 1748//1748
f 1743//1743 1735//1735 1748//1748
f 1309//1309 1740//1740 1731//1731
f 1404//1404 1749//1749 1740//1740
f 1402//1402 1731//1731 1749//1749
f 1731//1731 1740//1740 1749//1749
f 1308//1308 1747//1747 1737//1737
f 1406//1406 1750//1750 1747//1747
f 1404//1404 1737//1737 1750//1750
f 1737//1737 1747//1747 1750//1750
f 1406//1406 1748//1748 1750//1750
f 1402//1402 1749//1749 1748//1748
f 1404//1404 1750//1750 1749//1749
f 1750//1750 1748//1748 1749//1749
f 1293//1293 1638//1638 1752//1752
f 1380//1380 1751//1751 1638//1638
f 1408//1408 1752//1752 1751//1751
f 1752//1752 1638//1638 1751//1751
f 1311//1311 1753//1753 1642//1642
f 1407//1407 1754//1754 1753//1753
f 1380//1380 1642//1642 1754//1754
f 1642//1642 1753//1753 1754//1754
f 1319//1319 1755//1755 1757//1757
f 1408//1408 1756//1756 1755//1755
f 1407//1407 1757//1757 1756//1756
f 1757//1757 1755//1755 1756//1756
f 1408//1408 1751//1751 1756//1756
f 1380//1380 1754//1754 1751//1751
f 1407//1407 1756//1756 1754//1754
f 1756//1756 1751//1751 1754//1754
f 1288//1288 1620//1620 1629//1629
f 1375//1375 1758//1758 1620//1620
f 1376//1376 1629//1629 1758//1758
f 1629//1629 1620//1620 1758//1758
f 1310//1310 1759//1759 1623//1623
f 1409//1409 1760//1760 1759//1759
f 1375//1375 1623//1623 1760//1760
f 1623//1623 1759//1759 1760//1760
f 1311//1311 1633//1633 1762//1762
f 1376//1376 1761//1761 1633//1633
f 1409//1409 1762//1762 1761//1761
f 1762//1762 1633//1633 1761//1761
f 1376//1376 1758//1758 1761//1761
f 1375//1375 1760//1760 1758//1758
f 1409//1409 1761//1761 1760//1760
f 1761//1761 1758//1758 1760//1760
f 1292//1292 1763//1763 1610//1610
f 1410//1410 1764//1764 1763//1763
f 1371//1371 1610//1610 1764//1764
f 1610//1610 1763//1763 1764//1764
f 1319//1319 1765//1765 1767//1767
f 1411//1411 1766//1766 1765//1765
f 1410//1410 1767//1767 1766//1766
f 1767//1767 1765//1765 1766//1766
f 1310//1310 1615//1615 1769//1769
f 1371//1371 1768//1768 1615//1615
f 1411//1411 1769//1769 1768//1768
f 1769//1769 1615//1615 1768//1768
f 1371//1371 1764//1764 1768//1768
f 1410//1410 1766//1766 1764//1764
f 1411//1411 1768//1768 1766//1766
f 1768//1768 1764//1764 1766//1766
f 1319//1319 1757//1757 1765//1765
f 1407//1407 1770//1770 1757//1757
f 1411//1411 1765//1765 1770//1770
f 1765//1765 1757//1757 1770//1770
f 1311//1311 1762//1762 1753//1753
f 1409//1409 1771//1771 1762//1762
f 1407//1407 1753//1753 1771//1771
f 1753//1753 1762//1762 1771//1771
f 1310//1310 1769//1769 1759//1759
f 1411//1411 1772//1772 1769//1769
f 1409//1409 1759//1759 1772//1772
f 1759//1759 1769//1769 1772//1772
f 1411//1411 1770//1770 1772//1772
f 1407//1407 1771//1771 1770//1770
f 1409//1409 1772//1772 1771//1771
f 1772//1772 1770//1770 1771//1771
f 1294//1294 1664//1664 1774//1774
f 1387//1387 1773//1773 1664//1664
f 1413//1413 1774//1774 1773//1773
f 1774//1774 1664//1664 1773//1773
f 1313//1313 1775//1775 1668//1668
f 1412//1412 1776//1776 1775//1775
f 1387//1387 1668//1668 1776//1776
f 1668//1668 1775//1775 1776//1776
f 1320//1320 1777//1777 1779//1779
f 1413//1413 1778//1778 1777//1777
f 1412//1412 1779//1779 1778//1778
f 1779//1779 1777//1777 1778//1778
f 1413//1413 1773//1773 1778//1778
f 1387//1387 1776//1776 1773//1773
f 1412//1412 1778//1778 1776//1776
f 1778//1778 1773//1773 1776//1776
f 1289//1289 1646//1646 1655//1655
f 1382//1382 1780//1780 1646//1646
f 1383//1383 1655//1655 1780//1780
f 1655//1655 1646//1646 1780//1780
f 1312//1312 1781//1781 1649//1649
f 1414//1414 1782//1782 1781//1781
f 1382//1382 1649//1649 1782//1782
f 1649//1649 1781//1781 1782//1782
f 1313//1313 1659//1659 1784//1784
f 1383//1383 1783//1783 1659//1659
f 1414//1414 1784//1784 1783//1783
f 1784//1784 1659//1659 1783//1783
f 1383//1383 1780//1780 1783//1783
f 1382//1382 1782//1782 1780//1780
f 1414//1414 1783//1783 1782//1782
f 1783//1783 1780//1780 1782//1782
f 1293//1293 1785//1785 1636//1636
f 1415//1415 1786//1786 1785//1785
f 1378//1378 1636//1636 1786//1786
f 1636//1636 1785//1785 1786//1786
f 1320//1320 1787//1787 1789//1789
f 1416//1416 1788//1788 1787//1787
f 1415//1415 1789//1789 1788//1788
f 1789//1789 1787//1787 1788//1788
f 1312//1312 1641//1641 1791//1791
f 1378//1378 1790//1790 1641//1641
f 1416//1416 1791//1791 1790//1790
f 1791//1791 1641//1641 1790//1790
f 1378//1378 1786//1786 1790//1790
f 1415//1415 1788//1788 1786//1786
f 1416//1416 1790//1790 1788//1788
f 1790//1790 1786//1786 1788//1788
f 1320//1320 1779//1779 1787//1787
f 1412//1412 1792//1792 1779//1779
f 1416//1416 1787//1787 1792//1792
f 1787//1787 1779//1779 1792//1792
f 1313//1313 1784//1784 1775//1775
f 1414//1414 1793//1793 1784//1784
f 1412//1412 1775//1775 1793//1793
f 1775//1775 1784//1784 1793//1793
f 1312//1312 1791//1791 1781//1781
f 1416//1416 1794//1794 1791//1791
f 1414//1414 1781//1781 1794//1794
f 1781//1781 1791//1791 1794//1794
f 1416//1416 1792//1792 1794//1794
f 1412//1412 1793//1793 1792//1792
f 1414//1414 1794//1794 1793//1793
f 1794//1794 1792//1792 1793//1793
f 1295//1295 1690//1690 1796//1796
f 1394//1394 1795//1795 1690//1690
f 1418//1418 1796//1796 1795//1795
f 1796//1796 1690//1690 1795//1795
f 1315//1315 1797//1797 1694//1694
f 1417//1417 1798//1798 1797//1797
f 1394//1394 1694//1694 1798//1798
f 1694//1694 1797//1797 1798//1798
f 1321//1321 1799//1799 1801//1801
f 1418//1418 1800//1800 1799//1799
f 1417//1417 1801//1801 1800//1800
f 1801//1801 1799//1799 1800//1800
f 1418//1418 1795//1795 1800//1800
f 1394//1394 1798//1798 1795//1795
f 1417//1417 1800//1800 1798//1798
f 1800//1800 1795//1795 1798//1798
f 1290//1290 1672//1672 1681//1681
f 1389//1389 1802//1802 1672//1672
f 1390//1390 1681//1681 1802//1802
f 1681//1681 1672//1672 1802//1802
f 1314//1314 1803//1803 1675//1675
f 1419//1419 1804//1804 1803//1803
f 1389//1389 1675//1675 1804//1804
f 1675//1675 1803//1803 1804//1804
f 1315//1315 1685//1685 1806//1806
f 1390//1390 1805//1805 1685//1685
f 1419//1419 1806//1806 1805//1805
f 1806//1806 1685//1685 1805//1805
f 1390//1390 1802//1802 1805//1805
f 1389//1389 1804//1804 1802//1802
f 1419//1419 1805//1805 1804//1804
f 1805//1805 1802//1802 1804//1804
f 1294//1294 1807//1807 1662//1662
f 1420//1420 1808//1808 1807//1807
f 1385//1385 1662//1662 1808//1808
f 1662//1662 1807//1807 1808//1808
f 1321//1321 1809//1809 1811//1811
f 1421//1421 1810//1810 1809//1809
f 1420//1420 1811//1811 1810//1810
f 1811//1811 1809//1809 1810//1810
f 1314//1314 1667//1667 1813//1813
f 1385//1385 1812//1812 1667//1667
f 1421//1421 1813//1813 1812//1812
f 1813//1813 1667//1667 1812//1812
f 1385//1385 1808//1808 1812//1812
f 1420//1420 1810//1810 1808//1808
f 1421//1421 1812//1812 1810//1810
f 1812//1812 1808//1808 1810//1810
f 1321//1321 1801//1801 1809//1809
f 1417//1417 1814//1814 1801//1801
f 1421//1421 1809//1809 1814//1814
f 1809//1809 1801//1801 1814//1814
f 1315//1315 1806//1806 1797//1797
f 1419//1419 1815//1815 1806//1806
f 1417//1417 1797//1797 1815//1815
f 1797//1797 1806//1806 1815//1815
f 1314//1314 1813//1813 1803//1803
f 1421//1421 1816//1816 1813//1813
f 1419//1419 1803//1803 1816//1816
f 1803//1803 1813//1813 1816//1816
f 1421//1421 1814//1814 1816//1816
f 1417//1417 1815//1815 1814//1814
f 1419//1419 1816//1816 1815//1815
f 1816//1816 1814//1814 1815//1815
f 1296//1296 1817//1817 1819//1819
f 1422//1422 1818//1818 1817//1817
f 1424//1424 1819//1819 1818//1818
f 1819//1819 1817//1817 1818//1818
f 1322//1322 1820//1820 1822//1822
f 1423//1423 1821//1821 1820//1820
f 1422//1422 1822//1822 1821//1821
f 1822//1822 1820//1820 1821//1821
f 1323//1323 1823//1823 1825//1825
f 1424//1424 1824//1824 1823//1823
f 1423//1423 1825//1825 1824//1824
f 1825//1825 1823//1823 1824//1824
f 1424//1424 1818//1818 1824//1824
f 1422//1422 1821//1821 1818//1818
f 1423//1423 1824//1824 1821//1821
f 1824//1824 1818//1818 1821//1821
f 1291//1291 1708//1708 1827//1827
f 1398//1398 1826//1826 1708//1708
f 1426//1426 1827//1827 1826//1826
f 1827//1827 1708//1708 1826//1826
f 1317//1317 1828//1828 1711//1711
f 1425//1425 1829//1829 1828//1828
f 1398//1398 1711//1711 1829//1829
f 1711//1711 1828//1828 1829//1829
f 1322//1322 1830//1830 1832//1832
f 1426//1426 1831//1831 1830//1830
f 1425//1425 1832//1832 1831//1831
f 1832//1832 1830//1830 1831//1831
f 1426//1426 1826//1826 1831//1831
f 1398//1398 1829//1829 1826//1826
f 1425//1425 1831//1831 1829//1829
f 1831//1831 1826//1826 1829//1829
f 1295//1295 1833//1833 1719//1719
f 1427//1427 1834//1834 1833//1833
f 1400//1400 1719//1719 1834//1834
f 1719//1719 1833//1833 1834//1834
f 1323//1323 1835//1835 1837//1837
f 1428//1428 1836//1836 1835//1835
f 1427//1427 1837//1837 1836//1836
f 1837//1837 1835//1835 1836//1836
f 1317//1317 1723//1723 1839//1839
f 1400//1400 1838//1838 1723//1723
f 1428//1428 1839//1839 1838//1838
f 1839//1839 1723//1723 1838//1838
f 1400//1400 1834//1834 1838//1838
f 1427//1427 1836//1836 1834//1834
f 1428//1428 1838//1838 1836//1836
f 1838//1838 1834//1834 1836//1836
f 1323//1323 1825//1825 1835//1835
f 1423//1423 1840//1840 1825//1825
f 1428//1428 1835//1835 1840//1840
f 1835//1835 1825//1825 1840//1840
f 1322//1322 1832//1832 1820//1820
f 1425//1425 1841//1841 1832//1832
f 1423//1423 1820//1820 1841//1841
f 1820//1820 1832//1832 1841//1841
f 1317//1317 1839//1839 1828//1828
f 1428//1428 1842//1842 1839//1839
f 1425//1425 1828//1828 1842//1842
f 1828//1828 1839//1839 1842//1842
f 1428//1428 1840//1840 1842//1842
f 1423//1423 1841//1841 1840//1840
f 1425//1425 1842//1842 1841//1841
f 1842//1842 1840//1840 1841//1841
f 1296//1296 1843//1843 1817//1817
f 1429//1429 1844//1844 1843//1843
f 1422//1422 1817//1817 1844//1844
f 1817//1817 1843//1843 1844//1844
f 1324//1324 1845//1845 1847//1847
f 1430//1430 1846//1846 1845//1845
f 1429//1429 1847//1847 1846//1846
f 1847//1847 1845//1845 1846//1846
f 1322//1322 1822//1822 1849//1849
f 1422//1422 1848//1848 1822//1822
f 1430//1430 1849//1849 1848//1848
f 1849//1849 1822//1822 1848//1848
f 1422//1422 1844//1844 1848//1848
f 1429//1429 1846//1846 1844//1844
f 1430//1430 1848//1848 1846//1846
f 1848//1848 1844//1844 1846//1846
f 1292//1292 1730//1730 1851//1851
f 1403//1403 1850//1850 1730//1730
f 1432//1432 1851//1851 1850//1850
f 1851//1851 1730//1730 1850//1850
f 1318//1318 1852//1852 1733//1733
f 1431//1431 1853//1853 1852//1852
f 1403//1403 1733//1733 1853//1853
f 1733//1733 1852//1852 1853//1853
f 1324//1324 1854//1854 1856//1856
f 1432//1432 1855//1855 1854//1854
f 1431//1431 1856//1856 1855//1855
f 1856//1856 1854//1854 1855//1855
f 1432//1432 1850//1850 1855//1855
f 1403//1403 1853//1853 1850//1850
f 1431//1431 1855//1855 1853//1853
f 1855//1855 1850//1850 1853//1853
f 1291//1291 1827//1827 1741//1741
f 1426//1426 1857//1857 1827//1827
f 1405//1405 1741//1741 1857//1857
f 1741//1741 1827//1827 1857//1857
f 1322//1322 1858//1858 1830//1830
f 1433//1433 1859//1859 1858//1858
f 1426//1426 1830//1830 1859//1859
f 1830//1830 1858//1858 1859//1859
f 1318//1318 1745//1745 1861//1861
f 1405//1405 1860//1860 1745//1745
f 1433//1433 1861//1861 1860//1860
f 1861//1861 1745//1745 1860//1860
f 1405//1405 1857//1857 1860//1860
f 1426//1426 1859//1859 1857//1857
f 1433//1433 1860//1860 1859//1859
f 1860//1860 1857//1857 1859//1859
f 1322//1322 1849//1849 1858//1858
f 1430//1430 1862//1862 1849//1849
f 1433//1433 1858//1858 1862//1862
f 1858//1858 1849//1849 1862//1862
f 1324//1324 1856//1856 1845//1845
f 1431//1431 1863//1863 1856//1856
f 1430//1430 1845//1845 1863//1863
f 1845//1845 1856//1856 1863//1863
f 1318//1318 1861//1861 1852//1852
f 1433//1433 1864//1864 1861//1861
f 1431//1431 1852//1852 1864//1864
f 1852//1852 1861//1861 1864//1864
f 1433//1433 1862//1862 1864//1864
f 1430//1430 1863//1863 1862//1862
f 1431//1431 1864//1864 1863//1863
f 1864//1864 1862//1862 1863//1863
f 1296//1296 1865//1865 1843//1843
f 1434//1434 1866//1866 1865//1865
f 1429//1429 1843//1843 1866//1866
f 1843//1843 1865//1865 1866//1866
f 1325//1325 1867//1867 1869//1869
f 1435//1435 1868//1868 1867//1867
f 1434//1434 1869//1869 1868//1868
f 1869//1869 1867//1867 1868//1868
f 1324//1324 1847//1847 1871//1871
f 1429//1429 1870//1870 1847//1847
f 1435//1435 1871//1871 1870//1870
f 1871//1871 1847//1847 1870//1870
f 1429//1429 1866//1866 1870//1870
f 1434//1434 1868//1868 1866//1866
f 1435//1435 1870//1870 1868//1868
f 1870//1870 1866//1866 1868//1868
f 1293//1293 1752//1752 1873//1873
f 1408//1408 1872//1872 1752//1752
f 1437//1437 1873//1873 1872//1872
f 1873//1873 1752//1752 1872//1872
f 1319//1319 1874//1874 1755//1755
f 1436//1436 1875//1875 1874//1874
f 1408//1408 1755//1755 1875//1875
f 1755//1755 1874//1874 1875//1875
f 1325//1325 1876//1876 1878//1878
f 1437//1437 1877//1877 1876//1876
f 1436//1436 1878//1878 1877//1877
f 1878//1878 1876//1876 1877//1877
f 1437//1437 1872//1872 1877//1877
f 1408//1408 1875//1875 1872//1872
f 1436//1436 1877//1877 1875//1875
f 1877//1877 1872//1872 1875//1875
f 1292//1292 1851//1851 1763//1763
f 1432//1432 1879//1879 1851//1851
f 1410//1410 1763//1763 1879//1879
f 1763//1763 1851//1851 1879//1879
f 1324//1324 1880//1880 1854//1854
f 1438//1438 1881//1881 1880//1880
f 1432//1432 1854//1854 1881//1881
f 1854//1854 1880//1880 1881//1881
f 1319//1319 1767//1767 1883//1883
f 1410//1410 1882//1882 1767//1767
f 1438//1438 1883//1883 1882//1882
f 1883//1883 1767//1767 1882//1882
f 1410//1410 1879//1879 1882//1882
f 1432//1432 1881//1881 1879//1879
f 1438//1438 1882//1882 1881//1881
f 1882//1882 1879//1879 1881//1881
f 1324//1324 1871//1871 1880//1880
f 1435//1435 1884//1884 1871//1871
f 1438//1438 1880//1880 1884//1884
f 1880//1880 1871//1871 1884//1884
f 1325//1325 1878//1878 1867//1867
f 1436//1436 1885//1885 1878//1878
f 1435//1435 1867//1867 1885//1885
f 1867//1867 1878//1878 1885//1885
f 1319//1319 1883//1883 1874//1874
f 1438//1438 1886//1886 1883//1883
f 1436//1436 1874//1874 1886//1886
f 1874//1874 1883//1883 1886//1886
f 1438//1438 1884//1884 1886//1886
f 1435//1435 1885//1885 1884//1884
f 1436//1436 1886//1886 1885//1885
f 1886//1886 1884//1884 1885//1885
f 1296//1296 1887//1887 1865//1865
f 1439//1439 1888//1888 1887//1887
f 1434//1434 1865//1865 1888//1888
f 1865//1865 1887//1887 1888//1888
f 1326//1326 1889//1889 1891//1891
f 1440//1440 1890//1890 1889//1889
f 1439//1439 1891//1891 1890//1890
f 1891//1891 1889//1889 1890//1890
f 1325//1325 1869//1869 1893//1893
f 1434//1434 1892//1892 1869//1869
f 1440//1440 1893//1893 1892//1892
f 1893//1893 1869//1869 1892//1892
f 1434//1434 1888//1888 1892//1892
f 1439//1439 1890//1890 1888//1888
f 1440//1440 1892//1892 1890//1890
f 1892//1892 1888//1888 1890//1890
f 1294//1294 1774//1774 1895//1895
f 1413//1413 1894//1894 1774//1774
f 1442//1442 1895//1895 1894//1894
f 1895//1895 1774//1774 1894//1894
f 1320//1320 1896//1896 1777//1777
f 1441//1441 1897//1897 1896//1896
f 1413//1413 1777//1777 1897//1897
f 1777//1777 1896//1896 1897//1897
f 1326//1326 1898//1898 1900//1900
f 1442//1442 1899//1899 1898//1898
f 1441//1441 1900//1900 1899//1899
f 1900//1900 1898//1898 1899//1899
f 1442//1442 1894//1894 1899//1899
f 1413//1413 1897//1897 1894//1894
f 1441//1441 1899//1899 1897//1897
f 1899//1899 1894//1894 1897//1897
f 1293//1293 1873//1873 1785//1785
f 1437//1437 1901//1901 1873//1873
f 1415//1415 1785//1785 1901//1901
f 1785//1785 1873//1873 1901//1901
f 1325//1325 1902//1902 1876//1876
f 1443//1443 1903//1903 1902//1902
f 1437//1437 1876//1876 1903//1903
f 1876//1876 1902//1902 1903//1903
f 1320//1320 1789//1789 1905//1905
f 1415//1415 1904//1904 1789//1789
f 1443//1443 1905//1905 1904//1904
f 1905//1905 1789//1789 1904//1904
f 1415//1415 1901//1901 1904//1904
f 1437//1437 1903//1903 1901//1901
f 1443//1443 1904//1904 1903//1903
f 1904//1904 1901//1901 1903//1903
f 1325//1325 1893//1893 1902//1902
f 1440//1440 1906//1906 1893//1893
f 1443//1443 1902//1902 1906//1906
f 1902//1902 1893//1893 1906//1906
f 1326//1326 1900//1900 1889//1889
f 1441//1441 1907//1907 1900//1900
f 1440//1440 1889//1889 1907//1907
f 1889//1889 1900//1900 1907//1907
f 1320//1320 1905//1905 1896//1896
f 1443//1443 1908//1908 1905//1905
f 1441//1441 1896//1896 1908//1908
f 1896//1896 1905//1905 1908//1908
f 1443//1443 1906//1906 1908//1908
f 1440//1440 1907//1907 1906//1906
f 1441//1441 1908//1908 1907//1907
f 1908//1908 1906//1906 1907//1907
f 1296//1296 1819//1819 1887//1887
f 1424//1424 1909//1909 1819//1819
f 1439//1439 1887//1887 1909//1909
f 1887//1887 1819//1819 1909//1909
f 1323//1323 1910//1910 1823//1823
f 1444//1444 1911//1911 1910//1910
f 1424//1424 1823//1823 1911//1911
f 1823//1823 1910//1910 1911//1911
f 1326//1326 1891//1891 1913//1913
f 1439//1439 1912//1912 1891//1891
f 1444//1444 1913//1913 1912//1912
f 1913//1913 1891//1891 1912//1912
f 1439//1439 1909//1909 1912//1912
f 1424//1424 1911//1911 1909//1909
f 1444//1444 1912//1912 1911//1911
f 1912//1912 1909//1909 1911//1911
f 1295//1295 1796//1796 1833//1833
f 1418//1418 1914//1914 1796//1796
f 1427//1427 1833//1833 1914//1914
f 1833//1833 1796//1796 1914//1914
f 1321//1321 1915//1915 1799//1799
f 1445//1445 1916//1916 1915//1915
f 1418//1418 1799//1799 1916//1916
f 1799//1799 1915//1915 1916//1916
f 1323//1323 1837//1837 1918//1918
f 1427//1427 1917//1917 1837//1837
f 1445//1445 1918//1918 1917//1917
f 1918//1918 1837//1837 1917//1917
f 1427//1427 1914//1914 1917//1917
f 1418//1418 1916//1916 1914//1914
f 1445//1445 1917//1917 1916//1916
f 1917//1917 1914//1914 1916//1916
f 1294//1294 1895//1895 1807//1807
f 1442//1442 1919//1919 1895//1895
f 1420//1420 1807//1807 1919//1919
f 1807//1807 1895//1895 1919//1919
f 1326//1326 1920//1920 1898//1898
f 1446//1446 1921//1921 1920//1920
f 1442//1442 1898//1898 1921//1921
f 1898//1898 1920//1920 1921//1921
f 1321//1321 1811//1811 1923//1923
f 1420//1420 1922//1922 1811//1811
f 1446//1446 1923//1923 1922//1922
f 1923//1923 1811//1811 1922//1922
f 1420//1420 1919//1919 1922//1922
f 1442//1442 1921//1921 1919//1919
f 1446//1446 1922//1922 1921//1921
f 1922//1922 1919//1919 1921//1921
f 1326//1326 1913//1913 1920//1920
f 1444//1444 1924//1924 1913//1913
f 1446//1446 1920//1920 1924//1924
f 1920//1920 1913//1913 1924//1924
f 1323//1323 1918//1918 1910//1910
f 1445//1445 1925//1925 1918//1918
f 1444//1444 1910//1910 1925//1925
f 1910//1910 1918//1918 1925//1925
f 1321//1321 1923//1923 1915//1915
f 1446//1446 1926//1926 1923//1923
f 1445//1445 1915//1915 1926//1926
f 1915//1915 1923//1923 1926//1926
f 1446//1446 1924//1924 1926//1926
f 1444//1444 1925//1925 1924//1924
f 1445//1445 1926//1926 1925//1925
f 1926//1926 1924//1924 1925//1925

g Cylinder1
usemtl kff0d0d
# Number of vertices: 72
v 0.24856922978387366 -0.25876943502788696 -0.35845
v 0.26733949050227507 -0.263692548310682 -0.3409259769853312
v 0.2872054315542666 -0.26422380940511564 -0.32393441254237965
v 0.3075634363736347 -0.26034707621166453 -0.3079915867585979
v 0.32779493728559034 -0.25218014130669 -0.293581914327967
v 0.3472852103725573 -0.23997115287461127 -0.28114322585564566
v 0.36544205354934195 -0.22409107485089083 -0.2710534645965853
v 0.3817137803238238 -0.2050224153705722 -0.2636192028409769
v 0.39560598251185125 -0.1833445660027576 -0.25906632687034664
v 0.4066965525797346 -0.15971619723096697 -0.25753317351719573
v 0.41464850916806034 -0.13485524508379967 -0.25906632687034664
v 0.41922023609977654 -0.10951709701199862 -0.2636192028409769
v 0.42027282376546826 -0.0844716398230039 -0.2710534645965853
v 0.41777428982154874 -0.06047986705989017 -0.28114322585564566
v 0.41180055095758467 -0.038270756597641994 -0.293581914327967
v 0.4025331162060999 -0.018519121019302476 -0.3079915867585979
v 0.39025357188247 -0.0018251037771097323 -0.32393441254237965
v 0.3753350257272193 0.0113040558626126 -0.34092597698533117
v 0.35823077021612637 0.02046943502788695 -0.35845
v 0.3394605094977249 0.025392548310681995 -0.37597402301466876
v 0.3195945684457334 0.025923809405115628 -0.39296558745762034
v 0.2992365636263653 0.022047076211664463 -0.40890841324140215
v 0.27900506271440967 0.013880141306689936 -0.423318085672033
v 0.2595147896274428 0.0016711528746112675 -0.4357567741443543
v 0.2413579464506581 -0.014208925149109153 -0.4458465354034147
v 0.22508621967617623 -0.03327758462942773 -0.4532807971590231
v 0.21119401748814876 -0.054955433997242426 -0.45783367312965334
v 0.20010344742026545 -0.07858380276903301 -0.45936682648280425
v 0.19215149083193966 -0.10344475491620028 -0.45783367312965334
v 0.1875797639002235 -0.12878290298800144 -0.4532807971590231
v 0.18652717623453172 -0.15382836017699617 -0.4458465354034147
v 0.18902571017845127 -0.17782013294010982 -0.4357567741443543
v 0.19499944904241534 -0.200029243402358 -0.423318085672033
v 0.2042668837939001 -0.21978087898069748 -0.40890841324140215
v 0.21654642811752997 -0.23647489622289022 -0.3929655874576204
v 0.23146497427278076 -0.24960405586261264 -0.37597402301466876
v -0.0456192348182326 -0.14262371797545886 0.008795480967845326
v -0.02622734192600873 -0.14536132257608397 0.026119196665056188
v -0.006038544521038358 -0.14368219694661316 0.042649293788550535
v 0.014333731003552674 -0.13763736046961939 0.05788351370186373
v 0.034270483364818694 -0.1274104824426211 0.07135897234181704
v 0.053165944430746015 -0.11331230137941883 0.08266622471654655
v 0.07044598517841111 -0.09577118337759404 0.09146170568439188
v 0.0855855603138187 -0.0753201064313982 0.09747816900687323
v 0.09812466150747406 -0.052580466165097234 0.10053280749041427
v 0.1076822945146994 -0.02824319504136942 0.10053280749041427
v 0.11396805549296579 -0.0030477687280558996 0.09747816900687323
v 0.11679095477569718 0.02224026249581415 0.09146170568439194
v 0.11606521999664365 0.04685253459786476 0.08266622471654661
v 0.11181290223982732 0.07004121614468575 0.07135897234181704
v 0.1041632060285124 0.09110173078151598 0.05788351370186373
v 0.09334856351114665 0.10939416542824992 0.042649293788550535
v 0.07969757212814707 0.1243627137145652 0.026119196665056188
v 0.0636250103449511 0.13555256387523304 0.008795480967845326
v 0.045619234818232546 0.14262371797545884 -0.008795480967845326
v 0.026227341926008618 0.145361322576084 -0.026119196665056132
v 0.006038544521038303 0.1436821969466132 -0.04264929378855048
v -0.014333731003552785 0.1376373604696194 -0.05788351370186373
v -0.034270483364818805 0.12741048244262118 -0.07135897234181704
v -0.05316594443074607 0.11331230137941886 -0.08266622471654655
v -0.07044598517841127 0.09577118337759402 -0.09146170568439194
v -0.08558556031381881 0.07532010643139822 -0.09747816900687323
v -0.09812466150747418 0.052580466165097234 -0.10053280749041427
v -0.10768229451469946 0.02824319504136949 -0.10053280749041427
v -0.1139680554929659 0.0030477687280560106 -0.09747816900687323
v -0.11679095477569729 -0.022240262495814053 -0.09146170568439194
v -0.11606521999664376 -0.04685253459786477 -0.08266622471654655
v -0.11181290223982743 -0.07004121614468573 -0.07135897234181704
v -0.10416320602851259 -0.09110173078151591 -0.05788351370186379
v -0.09334856351114673 -0.10939416542824994 -0.04264929378855048
v -0.07969757212814715 -0.12436271371456518 -0.026119196665056188
v -0.06362501034495122 -0.135552563875233 -0.008795480967845382
# Number of normals: 36
vn 1 0 0
vn .985 .174 0
vn .94 .342 0
vn .866 .5 0
vn .766 .643 0
vn .643 .766 0
vn .5 .866 0
vn .342 .94 0
vn .174 .985 0
vn 0 1 0
vn -.174 .985 0
vn -.342 .94 0
vn -.5 .866 0
vn -.643 .766 0
vn -.766 .643 0
vn -.866 .5 0
vn -.94 .342 0
vn -.985 .174 0
vn -1 0 0
vn -.985 -.174 0
vn -.94 -.342 0
vn -.866 -.5 0
vn -.766 -.643 0
vn -.643 -.766 0
vn -.5 -.866 0
vn -.342 -.94 0
vn -.174 -.985 0
vn 0 -1 0
vn .174 -.985 0
vn .342 -.94 0
vn .5 -.866 0
vn .643 -.766 0
vn .766 -.643 0
vn .866 -.5 0
vn .94 -.342 0
vn .985 -.174 0
# Number of faces: 72
f 1927//1927 1928//1928 1963//1927
f 1928//1928 1964//1928 1963//1927
f 1928//1928 1929//1929 1964//1928
f 1929//1929 1965//1929 1964//1928
f 1929//1929 1930//1930 1965//1929
f 1930//1930 1966//1930 1965//1929
f 1930//1930 1931//1931 1966//1930
f 1931//1931 1967//1931 1966//1930
f 1931//1931 1932//1932 1967//1931
f 1932//1932 1968//1932 1967//1931
f 1932//1932 1933//1933 1968//1932
f 1933//1933 1969//1933 1968//1932
f 1933//1933 1934//1934 1969//1933
f 1934//1934 1970//1934 1969//1933
f 1934//1934 1935//1935 1970//1934
f 1935//1935 1971//1935 1970//1934
f 1935//1935 1936//1936 1971//1935
f 1936//1936 1972//1936 1971//1935
f 1936//1936 1937//1937 1972//1936
f 1937//1937 1973//1937 1972//1936
f 1937//1937 1938//1938 1973//1937
f 1938//1938 1974//1938 1973//1937
f 1938//1938 1939//1939 1974//1938
f 1939//1939 1975//1939 1974//1938
f 1939//1939 1940//1940 1975//1939
f 1940//1940 1976//1940 1975//1939
f 1940//1940 1941//1941 1976//1940
f 1941//1941 1977//1941 1976//1940
f 1941//1941 1942//1942 1977//1941
f 1942//1942 1978//1942 1977//1941
f 1942//1942 1943//1943 1978//1942
f 1943//1943 1979//1943 1978//1942
f 1943//1943 1944//1944 1979//1943
f 1944//1944 1980//1944 1979//1943
f 1944//1944 1945//1945 1980//1944
f 1945//1945 1981//1945 1980//1944
f 1945//1945 1946//1946 1981//1945
f 1946//1946 1982//1946 1981//1945
f 1946//1946 1947//1947 1982//1946
f 1947//1947 1983//1947 1982//1946
f 1947//1947 1948//1948 1983//1947
f 1948//1948 1984//1948 1983//1947
f 1948//1948 1949//1949 1984//1948
f 1949//1949 1985//1949 1984//1948
f 1949//1949 1950//1950 1985//1949
f 1950//1950 1986//1950 1985//1949
f 1950//1950 1951//1951 1986//1950
f 1951//1951 1987//1951 1986//1950
f 1951//1951 1952//1952 1987//1951
f 1952//1952 1988//1952 1987//1951
f 1952//1952 1953//1953 1988//1952
f 1953//1953 1989//1953 1988//1952
f 1953//1953 1954//1954 1989//1953
f 1954//1954 1990//1954 1989//1953
f 1954//1954 1955//1955 1990//1954
f 1955//1955 1991//1955 1990//1954
f 1955//1955 1956//1956 1991//1955
f 1956//1956 1992//1956 1991//1955
f 1956//1956 1957//1957 1992//1956
f 1957//1957 1993//1957 1992//1956
f 1957//1957 1958//1958 1993//1957
f 1958//1958 1994//1958 1993//1957
f 1958//1958 1959//1959 1994//1958
f 1959//1959 1995//1959 1994//1958
f 1959//1959 1960//1960 1995//1959
f 1960//1960 1996//1960 1995//1959
f 1960//1960 1961//1961 1996//1960
f 1961//1961 1997//1961 1996//1960
f 1961//1961 1962//1962 1997//1961
f 1962//1962 1998//1962 1997//1961
f 1962//1962 1927//1927 1998//1962
f 1927//1927 1963//1927 1998//1962

g Cylinder2
usemtl kffffff
# Number of vertices: 72
v 0.35823077021612637 0.02046943502788695 -0.35845
v 0.3753350257272192 0.011304055862612628 -0.3409259769853312
v 0.39025357188247 -0.0018251037771097045 -0.32393441254237965
v 0.4025331162060999 -0.018519121019302476 -0.3079915867585979
v 0.41180055095758467 -0.03827075659764197 -0.293581914327967
v 0.41777428982154874 -0.06047986705989017 -0.28114322585564566
v 0.42027282376546826 -0.08447163982300385 -0.2710534645965853
v 0.4192202360997765 -0.1095170970119986 -0.2636192028409769
v 0.41464850916806034 -0.13485524508379967 -0.25906632687034664
v 0.4066965525797346 -0.15971619723096697 -0.25753317351719573
v 0.39560598251185125 -0.18334456600275756 -0.25906632687034664
v 0.38171378032382386 -0.2050224153705722 -0.2636192028409769
v 0.365442053549342 -0.2240910748508908 -0.2710534645965853
v 0.3472852103725573 -0.23997115287461127 -0.28114322585564566
v 0.3277949372855904 -0.25218014130669 -0.293581914327967
v 0.3075634363736347 -0.26034707621166453 -0.3079915867585979
v 0.28720543155426664 -0.2642238094051156 -0.32393441254237965
v 0.2673394905022751 -0.263692548310682 -0.34092597698533117
v 0.2485692297838737 -0.25876943502788696 -0.35845
v 0.23146497427278073 -0.24960405586261264 -0.37597402301466876
v 0.21654642811753003 -0.2364748962228903 -0.39296558745762034
v 0.20426688379390012 -0.2197808789806975 -0.40890841324140215
v 0.19499944904241534 -0.20002924340235806 -0.423318085672033
v 0.18902571017845127 -0.17782013294010984 -0.4357567741443543
v 0.1865271762345317 -0.15382836017699622 -0.4458465354034147
v 0.1875797639002235 -0.1287829029880015 -0.4532807971590231
v 0.19215149083193966 -0.10344475491620034 -0.45783367312965334
v 0.20010344742026542 -0.07858380276903307 -0.45936682648280425
v 0.2111940174881487 -0.05495543399724248 -0.45783367312965334
v 0.2250862196761762 -0.03327758462942779 -0.4532807971590231
v 0.24135794645065806 -0.01420892514910918 -0.4458465354034147
v 0.25951478962744273 0.0016711528746112536 -0.4357567741443543
v 0.2790050627144096 0.013880141306689936 -0.423318085672033
v 0.29923656362636525 0.022047076211664435 -0.40890841324140215
v 0.3195945684457333 0.0259238094051156 -0.3929655874576204
v 0.33946050949772494 0.025392548310681995 -0.37597402301466876
v 0.6704250103449512 -0.10274743612476701 -0.7081045190321547
v 0.6864975721281472 -0.11393728628543483 -0.6907808033349438
v 0.7001485635111467 -0.12890583457175012 -0.6742507062114494
v 0.7109632060285125 -0.14719826921848406 -0.6590164862981363
v 0.7186129022398274 -0.16825878385531423 -0.645541027658183
v 0.7228652199966438 -0.19144746540213523 -0.6342337752834535
v 0.7235909547756973 -0.21605973750418586 -0.625438294315608
v 0.7207680554929659 -0.24134776872805597 -0.6194218309931268
v 0.7144822945146996 -0.2665431950413695 -0.6163671925095857
v 0.7049246615074742 -0.2908804661650972 -0.6163671925095857
v 0.6923855603138188 -0.31362010643139826 -0.6194218309931268
v 0.6772459851784112 -0.33407118337759406 -0.625438294315608
v 0.6599659444307462 -0.3516123013794188 -0.6342337752834534
v 0.6410704833648189 -0.36571048244262117 -0.645541027658183
v 0.6211337310035527 -0.37593736046961945 -0.6590164862981363
v 0.6007614554789618 -0.3819821969466132 -0.6742507062114494
v 0.5805726580739914 -0.383661322576084 -0.6907808033349438
v 0.5611807651817675 -0.3809237179754589 -0.7081045190321547
v 0.543174989655049 -0.373852563875233 -0.7256954809678453
v 0.527102427871853 -0.36266271371456527 -0.7430191966650561
v 0.5134514364888534 -0.34769416542824993 -0.7595492937885504
v 0.5026367939714876 -0.329401730781516 -0.7747835137018637
v 0.4949870977601727 -0.3083412161446858 -0.788258972341817
v 0.49073478000335635 -0.2851525345978648 -0.7995662247165465
v 0.4900090452243029 -0.2605402624958142 -0.8083617056843919
v 0.4928319445070342 -0.23525223127194408 -0.8143781690068732
v 0.4991177054853006 -0.2100568049586306 -0.8174328074904142
v 0.5086753384925259 -0.18571953383490283 -0.8174328074904142
v 0.5212144396861813 -0.16297989356860187 -0.8143781690068732
v 0.5363540148215888 -0.14252881662240605 -0.8083617056843919
v 0.553634055569254 -0.12498769862058119 -0.7995662247165465
v 0.5725295166351813 -0.1108895175573789 -0.788258972341817
v 0.5924662689964473 -0.10066263953038067 -0.7747835137018637
v 0.6128385445210385 -0.09461780305338684 -0.7595492937885504
v 0.6330273419260087 -0.09293867742391605 -0.7430191966650561
v 0.6524192348182326 -0.09567628202454116 -0.7256954809678453
# Number of normals: 36
vn 1 0 0
vn .985 .174 0
vn .94 .342 0
vn .866 .5 0
vn .766 .643 0
vn .643 .766 0
vn .5 .866 0
vn .342 .94 0
vn .174 .985 0
vn 0 1 0
vn -.174 .985 0
vn -.342 .94 0
vn -.5 .866 0
vn -.643 .766 0
vn -.766 .643 0
vn -.866 .5 0
vn -.94 .342 0
vn -.985 .174 0
vn -1 0 0
vn -.985 -.174 0
vn -.94 -.342 0
vn -.866 -.5 0
vn -.766 -.643 0
vn -.643 -.766 0
vn -.5 -.866 0
vn -.342 -.94 0
vn -.174 -.985 0
vn 0 -1 0
vn .174 -.985 0
vn .342 -.94 0
vn .5 -.866 0
vn .643 -.766 0
vn .766 -.643 0
vn .866 -.5 0
vn .94 -.342 0
vn .985 -.174 0
# Number of faces: 72
f 1999//1963 2000//1964 2035//1963
f 2000//1964 2036//1964 2035//1963
f 2000//1964 2001//1965 2036//1964
f 2001//1965 2037//1965 2036//1964
f 2001//1965 2002//1966 2037//1965
f 2002//1966 2038//1966 2037//1965
f 2002//1966 2003//1967 2038//1966
f 2003//1967 2039//1967 2038//1966
f 2003//1967 2004//1968 2039//1967
f 2004//1968 2040//1968 2039//1967
f 2004//1968 2005//1969 2040//1968
f 2005//1969 2041//1969 2040//1968
f 2005//1969 2006//1970 2041//1969
f 2006//1970 2042//1970 2041//1969
f 2006//1970 2007//1971 2042//1970
f 2007//1971 2043//1971 2042//1970
f 2007//1971 2008//1972 2043//1971
f 2008//1972 2044//1972 2043//1971
f 2008//1972 2009//1973 2044//1972
f 2009//1973 2045//1973 2044//1972
f 2009//1973 2010//1974 2045//1973
f 2010//1974 2046//1974 2045//1973
f 2010//1974 2011//1975 2046//1974
f 2011//1975 2047//1975 2046//1974
f 2011//1975 2012//1976 2047//1975
f 2012//1976 2048//1976 2047//1975
f 2012//1976 2013//1977 2048//1976
f 2013//1977 2049//1977 2048//1976
f 2013//1977 2014//1978 2049//1977
f 2014//1978 2050//1978 2049//1977
f 2014//1978 2015//1979 2050//1978
f 2015//1979 2051//1979 2050//1978
f 2015//1979 2016//1980 2051//1979
f 2016//1980 2052//1980 2051//1979
f 2016//1980 2017//1981 2052//1980
f 2017//1981 2053//1981 2052//1980
f 2017//1981 2018//1982 2053//1981
f 2018//1982 2054//1982 2053//1981
f 2018//1982 2019//1983 2054//1982
f 2019//1983 2055//1983 2054//1982
f 2019//1983 2020//1984 2055//1983
f 2020//1984 2056//1984 2055//1983
f 2020//1984 2021//1985 2056//1984
f 2021//1985 2057//1985 2056//1984
f 2021//1985 2022//1986 2057//1985
f 2022//1986 2058//1986 2057//1985
f 2022//1986 2023//1987 2058//1986
f 2023//1987 2059//1987 2058//1986
f 2023//1987 2024//1988 2059//1987
f 2024//1988 2060//1988 2059//1987
f 2024//1988 2025//1989 2060//1988
f 2025//1989 2061//1989 2060//1988
f 2025//1989 2026//1990 2061//1989
f 2026//1990 2062//1990 2061//1989
f 2026//1990 2027//1991 2062//1990
f 2027//1991 2063//1991 2062//1990
f 2027//1991 2028//1992 2063//1991
f 2028//1992 2064//1992 2063//1991
f 2028//1992 2029//1993 2064//1992
f 2029//1993 2065//1993 2064//1992
f 2029//1993 2030//1994 2065//1993
f 2030//1994 2066//1994 2065//1993
f 2030//1994 2031//1995 2066//1994
f 2031//1995 2067//1995 2066//1994
f 2031//1995 2032//1996 2067//1995
f 2032//1996 2068//1996 2067//1995
f 2032//1996 2033//1997 2068//1996
f 2033//1997 2069//1997 2068//1996
f 2033//1997 2034//1998 2069//1997
f 2034//1998 2070//1998 2069//1997
f 2034//1998 1999//1963 2070//1998
f 1999//1963 2035//1963 2070//1998

g Sphere1
usemtl kff0d0d
# Number of vertices: 642
v 0 0 0.1515
v 0.13550571943648726 0 0.06775285971824363
v 0.04187356517098607 0.12887359908014975 0.06775285971824363
v -0.10962643600224593 0.07964825503076306 0.06775285971824363
v -0.10962642064443437 -0.07964827616897636 0.06775285971824363
v 0.041873590020446 -0.1288735910060692 0.06775285971824363
v 0.10962642832334067 0.07964826559987007 -0.06775285971824363
v -0.04187357759571625 0.12887359504311008 -0.06775285971824363
v -0.13550571943648662 -1.3064134434335351e-8 -0.06775285971824363
v -0.041873552746255455 -0.12887360311718826 -0.06775285971824363
v 0.1096264436811502 -0.07964824446165528 -0.06775285971824363
v 0 0 -0.1515
v 0.07964826348604874 0 0.12887359746533406
v 0.10426092861137277 0.07575000171705544 0.07964826429345667
v 0.024612664068413365 0.07575000094916487 0.12887359746533406
v -0.03982413867879546 0.12256607186955018 0.07964826429345667
v -0.0644368023435048 0.04681606967791232 0.12887359746533406
v -0.12887359696632789 -1.2424730164136146e-8 0.07964826429345667
v -0.06443679331640964 -0.046816082102642355 0.12887359746533406
v -0.03982411504555399 -0.12256607954845482 0.07964826429345666
v 0.024612678674559435 -0.07574999620333939 0.12887359746533406
v 0.10426093793296536 -0.07574999313177759 0.07964826025641736
v 0.144085061767361 0.046816076036931595 0
v 0.08904946217732346 0.1225660772233877 0
v -7.303073185634e-9 0.1514999999999998 0
v -0.08904947399394392 0.12256606863811005 0
v -0.1440850662809079 0.04681606214566077 0
v -0.14408505725381276 -0.04681608992820202 0
v -0.08904945036070212 -0.12256608580866424 0
v 2.1909219561845237e-8 -0.1514999999999984 0
v 0.08904948581056356 -0.12256606005283126 0
v 0.14408506628090792 -0.04681606214566073 0
v 0.12887359946135538 1.2424730414274633e-8 -0.07964826025641736
v 0.0398241268621749 0.12256607570900308 -0.07964826429345667
v -0.10426093591444563 0.07574999166523741 -0.07964826429345667
v -0.10426092130829893 -0.07575001176887283 -0.0796482642934567
v 0.039824150495415676 -0.12256606803009615 -0.07964826429345667
v 0.06443679782995752 0.04681607589027754 -0.12887359746533406
v 0.06443680685705147 -0.04681606346554662 -0.12887359746533406
v -0.024612671371486528 0.07574999857625249 -0.12887359746533406
v -0.07964826348604837 -7.67890555446859e-9 -0.12887359746533406
v -0.024612656765339944 -0.07575000332207657 -0.12887359746533406
v 0.04139987913026977 0 0.1457336612042635
v 0.05481321354735788 0.039824132353610896 0.13550571981615323
v 0.012793264697914336 0.03937362531403534 0.14573366120426348
v 0.12462682596358278 0.03937362580490404 0.07661672037628761
v 0.09668678414204633 0.039824132667043925 0.10962643034226292
v 0.1118335604259512 0 0.10220325221075463
v 0.034558466611399226 0.10636003771630435 0.10220325221075463
v 0.06775285723858708 0.07964826493038386 0.1096264303422629
v 0.07595834646799975 0.10636003836323615 0.07661672037628761
v -0.020936788563211597 0.06443679679938745 0.13550571981615323
v -0.03349320765831203 0.024334235816193914 0.14573366120426348
v 0.0010652587457301902 0.13069427448280357 0.07661672037628761
v -0.007997145468167453 0.10426092956987265 0.10962643034226292
v -0.09047525599600373 0.06573411055154293 0.10220325221075463
v -0.05481322050357212 0.08904946169651874 0.1096264303422629
v -0.0776819916889096 0.10510773675627277 0.07661672037628761
v -0.06775285895891135 -6.532067157769951e-9 0.13550571981615325
v -0.033493202966173974 -0.02433424227436763 0.1457336612042635
v -0.12396845993004861 0.041399868373627524 0.07661672037628761
v -0.10162929126773443 0.02461265785791883 0.1096264303422629
v -0.09047524332112364 -0.06573412799701804 0.10220325221075463
v -0.10162928652190967 -0.024612677454120397 0.10962643034226292
v -0.12396845194730655 -0.04139989227727653 0.07661672037628761
v -0.020936776138481373 -0.0644368008364265 0.13550571981615323
v 0.012793272289952825 -0.03937362284723201 0.14573366120426348
v -0.07768197142199083 -0.10510775173494463 0.0766167203762876
v -0.05481320333301701 -0.08904947226562497 0.10962643034226288
v 0.03455848711978507 -0.10636003105272453 0.10220325221075463
v -0.007997125364531702 -0.10426093111188363 0.10962643034226288
v 0.0010652839462542774 -0.13069427427739752 0.0766167203762876
v 0.05481322045837271 -0.03982412930067769 0.13550571791782345
v 0.07595836334473166 -0.10636002846499773 0.07661671738540225
v 0.06775286963686933 -0.07964825770870732 0.10962642792655765
v 0.0966867887840098 -0.03982412804694585 0.10962642792655765
v 0.12462682935703503 -0.03937362088375755 0.07661671738540224
v 0.1453267660774277 0.02433423913902846 0.03521684067319471
v 0.13056321391663778 0.06443680046660981 0.041873570630943345
v 0.10326851457582055 0.10510774486355587 -0.03521684067319471
v 0.12256607293074905 0.0890494680856338 0
v 0.13187512911838287 0.06573411939783375 -0.03521684067319471
v 0.1016292868927054 0.10426093289576677 0.041873570630943345
v 0.0680516721176305 0.13069427705524572 0.03521684067319471
v 0.021765198133135193 0.1457336621485379 0.03521684067319471
v -0.020936792589035382 0.1440850609837783 0.041873570630943345
v -0.06805168471789248 0.13069427049436932 -0.03521684067319471
v -0.04681608298256687 0.14408505951058706 0
v -0.021765212183347638 0.14573366005014995 -0.035216840673194715
v -0.06775286781936964 0.12887359304708793 0.041873570630943345
v -0.1032685247092795 0.10510773490741651 0.03521684067319471
v -0.1318751354558223 0.06573410668372498 0.035216840673194715
v -0.14350286181628685 0.024612653923359783 0.041873570630943345
v -0.145326763731358 -0.024334253150011937 -0.03521684067319471
v -0.1514999999999993 -1.460614635657916e-8 0
v -0.14532676842349607 0.02433422512804477 -0.035216840673194715
v -0.1435028570704621 -0.024612681593640547 0.041873570630943345
v -0.13187512278094218 -0.06573413211194197 0.03521684067319471
v -0.1032685044423606 -0.10510775481969428 0.035216840673194715
v -0.06775284296990877 -0.12887360611122156 0.04187357063094334
v -0.02176518408292252 -0.14573366424692447 -0.03521684067319471
v -0.04681605520002514 -0.1440850685376809 0
v -0.06805165951736782 -0.13069428361612095 -0.03521684067319471
v -0.020936764806493865 -0.14408506502081664 0.04187357063094334
v 0.021765226233559858 -0.14573365795176066 0.03521684067319471
v 0.06805169731815383 -0.1306942639334917 0.03521684067319471
v 0.10162930306625037 -0.1042609181734615 0.04187356803396378
v 0.1318751384977717 -0.06573410071682809 -0.03521684041965486
v 0.12256608580866422 -0.08904945036070215 0
v 0.1032685348427375 -0.10510772495127617 -0.03521684067319471
v 0.13056322062498144 -0.06443678837103632 0.04187356832727183
v 0.14532676737723196 -0.024334231743378856 0.03521684041965486
v 0.14350285912867025 0.02461267401161499 -0.04187356803396378
v 0.12396845579146126 0.04139988630136455 -0.07661671738540224
v 0.1514999999999998 7.303073187701373e-9 0
v 0.1239684637742022 -0.04139986239771478 -0.07661671738540224
v 0.14350286250676395 -0.024612653816809292 -0.04187356832727182
v 0.020936778697764724 0.14408506300229815 -0.041873570630943345
v -0.0010652713459922514 0.13069427438010114 -0.07661672037628761
v 0.04681606909129623 0.14408506402413462 0
v 0.07768198155545059 0.10510774424560919 -0.07661672037628761
v 0.06775285539463953 0.12887359957915534 -0.041873570630943345
v -0.13056322012900243 0.06443678787898305 -0.041873570630943345
v -0.12462682975960161 0.03937361378960579 -0.07661672037628761
v -0.1225660815160261 0.08904945626901291 0
v -0.0759583567221927 0.10636003104007577 -0.07661672037628761
v -0.10162929694452304 0.1042609230976657 -0.041873570630943345
v -0.10162927684088677 -0.10426094269386688 -0.041873570630943345
v -0.07595833621380604 -0.1063600456863956 -0.07661672037628761
v -0.12256606434547081 -0.08904947990225386 0
v -0.12462682216756278 -0.039373637820201944 -0.07661672037628761
v -0.13056320770427188 -0.064436813054236 -0.041873570630943345
v 0.06775288024409912 -0.1288735865150193 -0.041873570630943345
v 0.07768200182236794 -0.10510772926693536 -0.07661672037628761
v 0.04681609687383707 -0.14408505499703814 0
v -0.0010652461454680765 -0.13069427458550478 -0.07661672037628761
v 0.02093680648030587 -0.1440850589652571 -0.041873570630943345
v 0.03349320531224316 0.02433423904528088 -0.1457336612042635
v 0.06775286275557087 6.5320675305042755e-9 -0.13550571791782343
v 0.03349321000438059 -0.024334232587106704 -0.1457336612042635
v 0.10162928993462422 0.024612674122235275 -0.10962642792655762
v 0.0904752496585641 0.06573411927428079 -0.10220325221075463
v 0.09047526233344252 -0.06573410182880444 -0.10220325221075463
v 0.10162929468044836 -0.02461265452603304 -0.10962642792655765
v -0.012793268493933647 0.039373624080633864 -0.14573366120426348
v 0.02093678235084658 0.06443679881790726 -0.13550571981615323
v 0.007997135416349605 0.10426093034087862 -0.1096264303422629
v -0.03455847686559233 0.10636003438451494 -0.10220325221075463
v 0.054813211918294816 0.08904946698107227 -0.10962643034226292
v -0.04139987913026957 -3.991370908713426e-9 -0.1457336612042635
v -0.05481321738681047 0.03982412706905746 -0.13550571981615323
v -0.09668678798149877 0.03982412334545088 -0.1096264303422629
v -0.11183356042595068 -1.078189668857321e-8 -0.10220325221075463
v -0.06775286491749247 0.07964825839831652 -0.1096264303422629
v -0.012793260901894893 -0.039373626547436466 -0.14573366120426348
v -0.05481320970790477 -0.03982413763816399 -0.13550571981615325
v -0.06775284955968101 -0.0796482714624505 -0.1096264303422629
v -0.034558456357205766 -0.10636004104809278 -0.10220325221075463
v -0.096686780302593 -0.03982414198863661 -0.1096264303422629
v 0.020936794775576438 -0.06443679478086703 -0.13550571981615323
v 0.054813229088848926 -0.08904945641196438 -0.1096264303422629
v 0.007997155519985257 -0.10426092879886573 -0.1096264303422629
v 0.020899764682336508 0 0.15005149061646458
v 0.027453022288681798 0.019945789023781708 0.14765076047022557
v 0.006458381698746526 0.019876857639233025 0.15005149061646458
v 0.06806877817561781 0.020160272600165608 0.13383741945496985
v 0.048604218337789405 0.02011806054830223 0.14207442978786627
v 0.061108335315530705 0 0.13862907831679708
v 0.018883511869214404 0.058117481230010086 0.13862907831679708
v 0.03415294050147815 0.0400085372833743 0.14207442978786627
v 0.040207965612994785 0.05850738974607123 0.13383741945496988
v 0.13132185654640577 0.019876857898389198 0.07288161985914188
v 0.11978548937910596 0.019945789261718718 0.09058615802061146
v 0.12486347434874388 0 0.08579838444609882
v 0.10172627564811815 0.0585073902611489 0.09581701376891633
v 0.11180157219237039 0.040008537690245705 0.09408493698357022
v 0.11554865165100235 0.058117481898658827 0.07888673779156022
v 0.09666513875832462 0 0.11665376525785116
v 0.10533876501750673 0.020118060718395635 0.10701055189801352
v 0.08926654310044856 0.020160272747697678 0.12073648034307691
v 0.038584930970891676 0.1187522224146182 0.08579838444609882
v 0.05598532059203693 0.10775918454253285 0.09058615802061148
v 0.05948469605387367 0.11875222280903124 0.07288161985914189
v 0.04675843458038159 0.07866766241574728 0.12073648034307691
v 0.051684877674606444 0.0939662982257124 0.10701055189801352
v 0.029871167094583907 0.09193401126663407 0.11665376525785116
v 0.09097950336230488 0.09193401203338172 0.07888673779156022
v 0.07259896265930436 0.09396629849893283 0.09408493698357022
v 0.08707897967528197 0.07866766280447848 0.09581701376891631
v 0.062108132294693065 0.06054046938518137 0.12421626894045247
v 0.07676987471983326 0.040360313006891864 0.12421626894045247
v 0.08332680440435647 0.060540469577385216 0.11110240866474412
v -0.010486123434136286 0.03227296310982505 0.14765076047022557
v -0.016908265753934126 0.012284572152556999 0.15005149061646458
v 0.0018608478791483267 0.07096712195661539 0.13383741945496985
v -0.004113885137380519 0.05244218101422841 0.14207442978786627
v -0.049437684538561004 0.03591857447757445 0.13862907831679708
v -0.027496542797352037 0.044844693494838904 0.14207442978786627
v -0.043218891757684785 0.05631982376456783 0.13383741945496985
v 0.021676665124658684 0.13103679512175553 0.07288161985914188
v 0.01804617441663576 0.12008635877562934 0.09058615802061148
v -0.02420869123775662 0.11482721428721618 0.09581701376891633
v -0.003501799249752473 0.11869293169692983 0.09408493698357022
v -0.019566517763632326 0.1278525869242038 0.07888673779156022
v 0.013418051712210895 0.10639994206169 0.10701055189801352
v 0.008411316565912446 0.09112739471747125 0.12073648034307691
v -0.10101667838549426 0.07339290098096031 0.08579838444609883
v -0.0851846624888727 0.08654462000449047 0.09058615802061148
v -0.09455829693805058 0.09326975912311014 0.07288161985914189
v -0.06036824469891721 0.06877955616560386 0.1207364803430769
v -0.0733957577014728 0.07819241992616194 0.10701055189801352
v -0.07820374440139134 0.056818336941237585 0.11665376525785116
v -0.059320232967154385 0.11493581931377247 0.07888673779156022
v -0.06693295104630533 0.09808289706687151 0.09408493698357022
v -0.04790851289065834 0.10712667391930415 0.09581701376891631
v -0.038384942539771 0.07777637634096654 0.12421626894045247
v -0.014661746037084214 0.0854845116594651 0.12421626894045247
v -0.03182801322084123 0.09795653303024839 0.11110240866474412
v -0.03393380221201361 -3.2715648966863092e-9 0.14765076047022557
v -0.016908263385217517 -0.012284575412815576 0.15005149061646458
v -0.06691871107491022 0.023699815647112956 0.13383741945496985
v -0.051146738876736764 0.012292985915861204 0.14207442978786627
v -0.049437677612725675 -0.035918584010168585 0.13862907831679708
v -0.05114673650639717 -0.012292995777996342 0.14207442978786627
v -0.0669187065051007 -0.023699828550406095 0.13383741945496985
v -0.11792494232667095 0.06110832565173802 0.07288161985914189
v -0.10863234154646172 0.054271653238110326 0.09058615802061148
v -0.11668806788041745 0.01245972257886944 0.09581701376891631
v -0.11396580289362797 0.03334771961631498 0.09408493698357022
v -0.12764142323513816 0.020899752991697357 0.07888673779156022
v -0.09704595398081428 0.045640712071967335 0.10701055189801352
v -0.08406806418957698 0.03615954780943707 0.1207364803430769
v -0.10101666423384281 -0.0733929204590367 0.08579838444609883
v -0.10863233108177704 -0.0542716741846424 0.09058615802061146
v -0.1179249305437361 -0.0611083483900731 0.07288161985914189
v -0.08406805721727642 -0.03615956401947535 0.12073648034307691
v -0.0970459451803515 -0.04564073078440752 0.10701055189801352
v -0.07820373344565464 -0.056818352020514905 0.11665376525785116
v -0.12764141920523675 -0.02089977760356905 0.07888673779156022
v -0.11396579646350471 -0.03334774159124767 0.09408493698357022
v -0.11668806547792641 -0.012459745078710774 0.09581701376891633
v -0.08583132862482314 -0.012472030989810473 0.12421626894045248
v -0.08583133102968374 0.01247201443977792 0.12421626894045247
v -0.10299759603452932 -9.93001955694057e-9 0.11110240866474413
v -0.010486117211249984 -0.0322729651317631 0.14765076047022557
v 0.006458385531410322 -0.01987685639392482 0.15005149061646458
v -0.043218880898072236 -0.05631983209805138 0.13383741945496985
v -0.027496534150379153 -0.04484469879673284 0.14207442978786627
v 0.018883523075450836 -0.05811747758888243 0.13862907831679708
v -0.004113875025457392 -0.05244218180746847 0.14207442978786627
v 0.001860861563058121 -0.0709671215978046 0.13383741945496985
v -0.09455827895373524 -0.0932697773558784 0.07288161985914186
v -0.08518464580130165 -0.08654463642983073 0.09058615802061146
v -0.04790849223444783 -0.10712668315704148 0.09581701376891631
v -0.06693293213391927 -0.09808290997290904 0.0940849369835702
v -0.05932021080518101 -0.11493583075192224 0.07888673779156019
v -0.07339574262437666 -0.07819243407836089 0.10701055189801349
v -0.06036823143681359 -0.06877956780583251 0.1207364803430769
v 0.03858495386874363 -0.11875221497465364 0.08579838444609882
v 0.018046197571736828 -0.12008635529595628 0.09058615802061146
v 0.02167669039122735 -0.1310367909420496 0.07288161985914186
v 0.008411334137134258 -0.09112739309559603 0.1207364803430769
v 0.013418072228291514 -0.10639993947441374 0.10701055189801349
v 0.029871184821337455 -0.09193400550686157 0.11665376525785116
v -0.019566493111043217 -0.12785259069702548 0.07888673779156019
v -0.0035017763633321836 -0.11869293237214604 0.09408493698357019
v -0.024208669096725175 -0.11482721895514393 0.09581701376891631
v -0.014661729553925014 -0.08548451448654745 0.12421626894045244
v -0.03838492754289719 -0.07777638374236562 0.12421626894045247
v -0.03182799433282138 -0.09795653916733726 0.1111024086647441
v 0.027453026038162128 -0.019945787704061812 0.14765075995135443
v 0.040207976368394245 -0.05850738559831519 0.1338374180369926
v 0.03415294782442926 -0.04000853449074435 0.14207442881393093
v 0.0486042218239299 -0.020118059003926905 0.14207442881393093
v 0.06806878144178123 -0.020160270985835206 0.1338374180369926
v 0.05948471694849811 -0.1187522133970017 0.07288161814113368
v 0.055985339484282935 -0.10775917606374602 0.09058615643072716
v 0.0870789906138055 -0.07866765475118413 0.09581701043984446
v 0.0725989774355168 -0.09396628983395368 0.09408493423582083
v 0.09097951632810689 -0.0919340024398714 0.07888673401839784
v 0.051684894141708876 -0.09396629092683528 0.10701055035375577
v 0.04675844822041128 -0.07866765630610874 0.12073647904143578
v 0.1197854909992819 -0.019945786752313944 0.09058615643072715
v 0.13132185788449283 -0.019876855357300313 0.07288161814113367
v 0.08926654539215076 -0.020160270395707044 0.12073647904143578
v 0.10533876704365018 -0.020118058323553432 0.10701055035375577
v 0.11554865773992214 -0.05811747491428793 0.07888673401839782
v 0.11180157623204956 -0.040008532863259054 0.09408493423582082
v 0.10172628265058903 -0.05850738353800485 0.09581701043984449
v 0.07676988050399186 -0.04036030908186691 0.12421626664096364
v 0.06210814202261403 -0.06054046412342593 0.12421626664096364
v 0.08332681273340084 -0.06054046335461072 0.11110240580879328
v 0.1417717391145956 0.012284573832180767 0.051981854855177506
v 0.1367523906845138 0.03227296503306156 0.05665235537949757
v 0.1390359005470055 0.056319828823217524 0.02119776498611762
v 0.13937205903813535 0.044844697053005686 0.038943963661839325
v 0.14610282025886434 0.03591857937157222 0.017778401737334103
v 0.12891501638036645 0.05244218312566794 0.05985804858716793
v 0.11887562754672147 0.07096712418044274 0.06151830996484522
v 0.1074750531381139 0.0932697685146417 -0.051981854855177506
v 0.11911845735511987 0.0865446286481576 -0.03568011167988384
v 0.12191643617988807 0.07339291079532502 -0.05198185485517752
v 0.10712667476773563 0.10712667993178819 0
v 0.11408544612887764 0.0980829044080922 -0.017790583027208554
v 0.09708725106142546 0.11493582606394619 -0.017778401737334103
v 0.13931207465786274 0.056818344627312264 -0.017778401737334103
v 0.12853672402372235 0.07819242759245575 -0.017790583027208554
v 0.13498748741987998 0.06877956266266709 0
v 0.07295222180675558 0.12008636043869866 0.05665235537949757
v 0.05549319564819213 0.13103679636867932 0.051981854855177506
v 0.1042283315092166 0.09112739681278112 0.06151830996484522
v 0.08971240677885202 0.10639994402856624 0.05985804858716794
v 0.07930884842297804 0.12785259087514436 0.017778401737334103
v 0.08571817156007135 0.11869293474635934 0.038943963661839325
v 0.09652779186799208 0.11482721871003812 0.021197764986117626
v 0.11765933651300846 0.08548451525987846 0.042437344192376616
v 0.12826867287838828 0.07777638145886251 0.02121867208810495
v 0.11360693038804769 0.09795653792689267 0.02121867208810495
v 0.03212654736939378 0.13862907963316123 0.051981854855177506
v 0.011565393647846856 0.14003214737954087 0.05665235537949757
v -0.010598889872227067 0.14963478303212033 0.02119776498611762
v 0.000418487784160488 0.14640847845080507 0.03894396366183933
v 0.010987649632100865 0.15005149111964247 0.017778401737334103
v -0.01003855445187088 0.13881099179767092 0.05985804858716794
v -0.030759161971282485 0.1349874864344604 0.06151830996484522
v -0.05549320828147653 0.13103679101856824 -0.051981854855177506
v -0.045499210759926266 0.14003214434812755 -0.03568011167988384
v -0.03212656073465189 0.13862907653583348 -0.051981854855177506
v -0.06877956916975281 0.13498748410435385 0
v -0.05802804906291852 0.13881098903726433 -0.017790583027208554
v -0.0793088607492724 0.12785258322896126 -0.0177784017373341
v -0.010987664098596146 0.1500514900603202 -0.017778401737334103
v -0.03464539130823789 0.1464084765874267 -0.017790583027208557
v -0.023699829388071206 0.14963478234346556 0
v -0.0916654434043998 0.10649040856072386 0.05665235537949757
v -0.10747506213027108 0.09326975815294915 0.051981854855177506
v -0.05445898372882031 0.12728694603255003 0.06151830996484522
v -0.07346970635917559 0.11820095713162715 0.05985804858716795
v -0.09708726214241181 0.11493581670374368 0.017778401737334103
v -0.08639532184822268 0.11820095624421723 0.03894396366183933
v -0.07937845139423744 0.1272869443966898 0.02119776498611762
v -0.04494187608490184 0.13831684493172583 0.04243734419237662
v -0.034332540266285315 0.14602497948529689 0.021218672088104955
v -0.05805573687446852 0.1383168441325204 0.02121867208810495
v -0.12191644325571321 0.07339289904133584 0.05198185485517752
v -0.12960458516523146 0.05427165129331682 0.05665235537949757
v -0.14558637395359586 0.03615954201365201 0.021197764986117626
v -0.13911341939434496 0.04564070813121141 0.038943963661839325
v -0.13931208013573046 0.05681833119620607 0.017778401737334103
v -0.13511918349317867 0.03334771763513887 0.05985804858716794
v -0.1378858328541529 0.01245972059019899 0.06151830996484522
v -0.14177173793023665 -0.012284587500423407 -0.051981854855177506
v -0.1472385127285345 -1.419529547314061e-8 -0.035680111679883844
v -0.14177174029895326 0.012284560163938023 -0.05198185485517752
v -0.14963478120101265 -0.023699836601231337 0
v -0.14994874849406203 -0.012293005353310292 -0.017790583027208554
v -0.14610281679594597 -0.03591859345737519 -0.017778401737334096
v -0.14610282372178132 0.035918565285768936 -0.017778401737334103
v -0.14994875086440165 0.01229297644013032 -0.017790583027208557
v -0.14963478577082218 0.02369980774859045 0
v -0.1296045747005468 -0.05427167628372558 0.05665235537949758
v -0.12191642910406177 -0.07339292254931352 0.051981854855177506
v -0.13788583045166186 -0.012459747177402135 0.06151830996484522
v -0.13511917706305546 -0.03334774368887516 0.05985804858716794
v -0.13931206917999375 -0.05681835805841797 0.017778401737334103
v -0.13911341059388213 -0.045640734955117675 0.038943963661839325
v -0.14558636698129532 -0.03615957008567623 0.02119776498611762
v -0.1454349401550314 -1.4021412684042966e-8 0.04243734419237662
v -0.14948734716467374 0.012472008358150986 0.02121867208810496
v -0.14948734475981315 -0.012472037182362918 0.021218672088104955
v -0.10747504414595568 -0.0932697788763334 0.05198185485517752
v -0.09166542287087343 -0.10649042623569065 0.05665235537949756
v -0.07937842685071461 -0.12728695970247333 0.02119776498611762
v -0.08639529905666372 -0.11820097290299678 0.038943963661839325
v -0.0970872399804382 -0.11493583542414766 0.017778401737334103
v -0.07346968356761671 -0.11820097129808414 0.05985804858716794
v -0.054458959185297647 -0.12728695653335148 0.06151830996484521
v -0.032126534004135315 -0.13862908273048766 -0.051981854855177506
v -0.045499183758869334 -0.1400321531213016 -0.03568011167988384
v -0.055493183014907146 -0.1310368017187892 -0.051981854855177506
v -0.02369980053543005 -0.1496347869132737 0
v -0.034645363077694134 -0.14640848326776268 -0.017790583027208554
v -0.010987635165605468 -0.15005149217896335 -0.017778401737334103
v -0.07930883609668286 -0.12785259852132627 -0.017778401737334103
v -0.05802802229732501 -0.1388110002262542 -0.017790583027208554
v -0.06877954314140892 -0.13498749736645635 0
v 0.01156542064890327 -0.1400321451494943 0.05665235537949755
v 0.0321265740999097 -0.13862907343850447 0.051981854855177506
v -0.030759135942938883 -0.13498749236545224 0.06151830996484521
v -0.010038527686277781 -0.13881099373330658 0.05985804858716793
v 0.010987678565091315 -0.15005148900099655 0.017778401737334103
v 0.00041851601470391546 -0.14640847837010934 0.038943963661839325
v -0.010598861019586035 -0.1496347850757999 0.021197764986117616
v -0.04494184941458966 -0.13831685359743442 0.042437344192376616
v -0.05805571020415626 -0.1383168553268491 0.02121867208810495
v -0.03433251210968765 -0.14602498610530878 0.02121867208810495
v 0.055493220914760395 -0.1310367856684559 0.051981854855177506
v 0.07295224290348439 -0.12008634841735857 0.05665235369457985
v 0.09652781175283968 -0.11482720224764048 0.021197763612886437
v 0.08571819219608219 -0.11869292031331292 0.03894396222950428
v 0.07930887307556607 -0.127852575582777 0.017778401737334103
v 0.08971242345338994 -0.10639993156537596 0.05985804574994876
v 0.10422834412777066 -0.09112738476199816 0.061518306436553975
v 0.12191644845271235 -0.07339289056398565 -0.051981854635439445
v 0.11911847189390005 -0.08654460874938963 -0.03568011140785878
v 0.1074750711224273 -0.09326974779125573 -0.051981854855177506
v 0.13498749570869384 -0.06877954639495207 0
v 0.12853673524005452 -0.07819240918447633 -0.01779058289532813
v 0.13931208142551155 -0.05681832808367672 -0.01777840157796276
v 0.09708727322339722 -0.1149358073435401 -0.0177784017373341
v 0.11408546264731066 -0.0980828852009966 -0.017790582992055114
v 0.10712669284191853 -0.10712666185760311 0
v 0.13675239287937638 -0.032272958750549856 0.05665235366028487
v 0.14177173952055416 -0.012284570076977908 0.05198185463543943
v 0.11887563553616882 -0.07096711363624336 0.06151830669006158
v 0.1289150212197609 -0.05244217442199219 0.059858045790035175
v 0.14610282293573787 -0.035918568561972446 0.01777840157796276
v 0.1393720626466727 -0.04484468706597666 0.038943962247909025
v 0.139035906081192 -0.0563198156084064 0.02119776379755785
v 0.1176593476098036 -0.08548450130845127 0.042437341529374756
v 0.11360694494149028 -0.0979565213401104 0.02121867074078145
v 0.1282686823953197 -0.07777636610043957 0.02121867085326013
v 0.1296045794698522 0.05427166665311641 -0.05665235369457984
v 0.11792493602412464 0.06110833986319776 -0.07288161814113368
v 0.14558636990597243 0.036159559115309346 -0.021197763612886434
v 0.13911341440500458 0.04564072456094892 -0.038943962229504296
v 0.12764142204091722 0.020899774527085333 -0.07888673401839782
v 0.13511918001230053 0.03334773683176367 -0.059858045749948775
v 0.1378858323757696 0.012459743304715906 -0.061518306436553975
v 0.14723851279445463 3.746468985723429e-9 0.03568011140785878
v 0.1496347851995963 -0.02369981135517059 0
v 0.14994875030383764 -0.012292983468703257 0.017790582895328134
v 0.14994874938294006 0.012292994561742404 0.017790582992055114
v 0.1496347829146919 0.02369982578149111 0
v 0.11792494780705785 -0.06110831712486161 -0.07288161814113367
v 0.1296045884804865 -0.05427164517087857 -0.056652353660284864
v 0.1378858343212726 -0.012459720523113005 -0.06151830669006158
v 0.1351191855075002 -0.03334771449421673 -0.059858045790035175
v 0.12764142607081805 -0.02089974991521307 -0.07888673401839782
v 0.1391134208437159 -0.045640704919979375 -0.038943962247909025
v 0.1455863741495264 -0.03615954192155993 -0.021197763797557848
v 0.14543494093208514 1.0233351298096412e-8 -0.04243734152937475
v 0.14948734558190094 0.012472029621181439 -0.02121867074078145
v 0.14948734703900982 -0.012472011965182158 -0.02121867085326013
v -0.01156540714837513 0.1400321462645182 -0.05665235537949757
v -0.021676677757943137 0.13103679303190316 -0.07288161985914188
v 0.010598875445906604 0.1496347840539608 -0.021197764986117626
v -0.00041850189943220704 0.14640847841045787 -0.038943963661839325
v 0.01956650543733785 0.12785258881061523 -0.07888673779156022
v 0.01003854106907437 0.13881099276548942 -0.05985804858716794
v 0.030759148957110828 0.13498748939995694 -0.06151830996484522
v 0.04549919725939804 0.1400321487347152 0.03568011167988384
v 0.0687795561555812 0.13498749073540572 0
v 0.058028035680122075 0.13881099463175992 0.017790583027208557
v 0.03464537719296619 0.14640847992759534 0.017790583027208557
v 0.02369981496175074 0.14963478462837032 0
v 0.09455828794589335 0.09326976823949469 -0.07288161985914188
v 0.09166543313763705 0.10649041739820775 -0.05665235537949757
v 0.05445897145705923 0.12728695128295134 -0.06151830996484522
v 0.07346969496339649 0.1182009642148562 -0.05985804858716794
v 0.05932022188616798 0.11493582503284788 -0.07888673779156022
v 0.08639531045244363 0.11820096457360754 -0.03894396366183933
v 0.07937843912247643 0.12728695204958218 -0.02119776498611762
v 0.04494186274974596 0.13831684926458074 -0.042437344192376616
v 0.03433252618798665 0.1460249827953035 -0.021218672088104955
v 0.05805572353931267 0.1383168497296854 -0.02121867208810496
v -0.13675239379595638 0.032272951848735146 -0.05665235537949757
v -0.13132185846273714 0.01987684523762176 -0.07288161985914188
v -0.1390359059768112 0.05631981541873734 -0.021197764986117626
v -0.1393720633616212 0.04484468361611644 -0.038943963661839325
v -0.11554865725412025 0.058117470758589154 -0.07888673779156022
v -0.12891502143632758 0.05244217069694431 -0.05985804858716794
v -0.11887563438867604 0.07096711271961857 -0.06151830996484522
v -0.1191184656989049 0.08654461716392207 0.035680111679883844
v -0.10712668509584052 0.1071266696036828 0
v -0.11408545558507022 0.0980828934090903 0.017790583027208557
v -0.12853673156226986 0.07819241520020323 0.017790583027208554
v -0.1349874940509312 0.06877954964849517 0
v -0.059484707502799765 0.11875221707409883 -0.07288161985914188
v -0.07295223338430608 0.12008635340535931 -0.05665235537949757
v -0.1042283402948273 0.09112738676410567 -0.06151830996484522
v -0.08971241703689223 0.10639993537937405 -0.05985804858716794
v -0.0909795122256816 0.09193400326202857 -0.07888673779156022
v -0.08571818300328135 0.11869292648225212 -0.038943963661839325
v -0.09652780293850757 0.11482720940377318 -0.021197764986117626
v -0.11765934475458771 0.0854845039163171 -0.042437344192376616
v -0.1282686803768247 0.07777636909245286 -0.021218672088104955
v -0.11360693983205727 0.09795652697402453 -0.02121867208810495
v -0.07295221022920431 -0.12008636747203692 -0.05665235537949757
v -0.059484684604946964 -0.11875222854396258 -0.07288161985914189
v -0.09652778079747568 -0.11482722801630199 -0.021197764986117626
v -0.08571816011686051 -0.11869294301046548 -0.03894396366183933
v -0.0909794944989273 -0.09193402080473409 -0.07888673779156022
v -0.08971239652081095 -0.10639995267775745 -0.05985804858716795
v -0.10422832272360491 -0.0911274068614557 -0.06151830996484524
v -0.11911844901133375 -0.08654464013239235 0.035680111679883844
v -0.13498748078882747 -0.06877957567683839 0
v -0.1285367164851736 -0.07819243998470758 0.017790583027208554
v -0.11408543667268396 -0.09808291540709325 0.017790583027208554
v -0.10712666443962972 -0.1071266902598926 0
v -0.13132185463007318 -0.01987687055915647 -0.07288161985914189
v -0.13675238757306993 -0.0322729782173877 -0.05665235537949757
v -0.11887562070476576 -0.07096713564126629 -0.06151830996484524
v -0.12891501132440414 -0.05244219555439112 -0.05985804858716795
v -0.11554864604788335 -0.05811749303872799 -0.07888673779156022
v -0.13937205471464814 -0.044844710489894545 -0.038943963661839325
v -0.1390358951171985 -0.05631984222769722 -0.02119776498611762
v -0.11765932827142807 -0.08548452660343905 -0.042437344192376616
v -0.11360692094403706 -0.0979565488797599 -0.02121867208810496
v -0.12826866537995063 -0.07777639382527148 -0.021218672088104955
v 0.0916654536711617 -0.10649039972323898 -0.05665235537949757
v 0.09455830593020695 -0.0932697500067247 -0.07288161985914188
v 0.07937846366599775 -0.1272869367437963 -0.02119776498611762
v 0.08639533324400096 -0.1182009479148258 -0.03894396366183933
v 0.05932024404814028 -0.11493581359469598 -0.07888673779156022
v 0.07346971775495402 -0.11820095004839697 -0.05985804858716794
v 0.0544589960005809 -0.12728694078214756 -0.06151830996484522
v 0.04549922426045408 -0.14003213996153854 0.03568011167988384
v 0.02369984381439144 -0.14963478005855943 0
v 0.034645405423509266 -0.14640847324725667 0.017790583027208557
v 0.05802806244571444 -0.13881098344276746 0.017790583027208557
v 0.06877958218392377 -0.13498747747330073 0
v -0.021676652491373988 -0.13103679721160671 -0.07288161985914189
v -0.011565380147318442 -0.14003214849456222 -0.05665235537949757
v 0.030759174985453896 -0.13498748346896258 -0.06151830996484522
v 0.010038567834667328 -0.13881099082985118 -0.05985804858716794
v 0.019566530089926655 -0.12785258503779115 -0.07888673779156022
v -0.000418473668888737 -0.14640847849115088 -0.038943963661839325
v 0.010598904298547446 -0.14963478201027847 -0.02119776498611762
v 0.0449418894200573 -0.1383168405988696 -0.042437344192376616
v 0.058055750209623835 -0.13831683853535418 -0.02121867208810495
v 0.034332554344583675 -0.1460249761752889 -0.021218672088104955
v 0.0169082645695759 0.012284573782686343 -0.15005149061646458
v 0.03393380446969513 3.2715651173749935e-9 -0.14765075995135443
v 0.016908266938292196 -0.012284570522427535 -0.15005149061646458
v 0.06691871048350782 0.023699825324583097 -0.1338374180369926
v 0.05114673960415302 0.012292994145456732 -0.14207442881393093
v 0.04943768107564358 0.03591857924387167 -0.13862907831679708
v 0.04943768800147799 -0.03591856971127686 -0.13862907831679708
v 0.05114674197449229 -0.012292984283320985 -0.14207442881393093
v 0.06691871505331672 -0.023699812421289178 -0.1338374180369926
v 0.10863233614987856 0.05427166669384323 -0.09058615643072715
v 0.10101667130966901 0.07339291071999883 -0.08579838444609883
v 0.11668806839252532 0.012459743383877139 -0.09581701043984446
v 0.1139658001095043 0.033347736883359555 -0.09408493423582082
v 0.07820373892352335 0.056818344480876505 -0.11665376525785116
v 0.09704594981211487 0.04564072455659292 -0.10701055035375577
v 0.08406806117498765 0.03615955916428553 -0.12073647904143579
v 0.10101668546131859 -0.07339289124192105 -0.08579838444609883
v 0.10863234661456181 -0.054271645747310165 -0.09058615643072716
v 0.08406806814728726 -0.03615954295424648 -0.12073647904143579
v 0.09704595861257646 -0.04564070584415183 -0.10701055035375577
v 0.07820374987925863 -0.05681832940159811 -0.11665376525785118
v 0.11396580653962664 -0.03334771490842616 -0.09408493423582082
v 0.11668807079501602 -0.012459720884035224 -0.09581701043984446
v 0.0858313346045248 -0.012472012740016072 -0.12421626664096365
v 0.08583133219966455 0.012472029290049329 -0.12421626664096364
v 0.10299759911521297 9.930019859295539e-9 -0.11110240580879327
v -0.006458383615078457 0.019876857016579017 -0.15005149061646458
v 0.010486120322693181 0.03227296412079422 -0.14765076047022557
v -0.0018608547211032397 0.07096712177721032 -0.13383741945496985
v 0.004113880081418969 0.05244218141084868 -0.14207442978786627
v -0.018883517472332717 0.05811747940944654 -0.13862907831679708
v 0.027496538473865725 0.04484469614578607 -0.14207442978786627
v 0.04321888632787872 0.05631982793130985 -0.13383741945496985
v -0.01804618599418639 0.12008635703579336 -0.09058615802061146
v -0.03858494241981785 0.11875221869463647 -0.08579838444609882
v 0.024208680167241006 0.11482721662118059 -0.09581701376891631
v 0.0035017878065423335 0.11869293203453847 -0.09408493698357022
v -0.029871175957960832 0.09193400838674824 -0.11665376525785116
v -0.013418061970251282 0.10639994076805236 -0.10701055189801352
v -0.008411325351523401 0.09112739390653404 -0.1207364803430769
v 0.08518465414508757 0.08654462821716098 -0.09058615802061146
v 0.060368238067865676 0.0687795619857185 -0.12073648034307691
v 0.07339575016292509 0.07819242700226178 -0.10701055189801352
v 0.0669329415901126 0.09808290351989073 -0.09408493698357022
v 0.0479085025625533 0.10712667853817331 -0.09581701376891633
v 0.038384935041334264 0.07777638004166643 -0.12421626894045247
v 0.014661737795504679 0.08548451307300668 -0.12421626894045247
v 0.031828003776831454 0.09795653609879328 -0.11110240866474412
v -0.02089976468233641 -2.014950635231255e-9 -0.15005149061646458
v -0.027453024211659318 0.019945786377030057 -0.14765076047022557
v -0.06806878011927354 0.020160266037640536 -0.13383741945496985
v -0.04860422027737556 0.0201180558623594 -0.14207442978786627
v -0.061108335315530414 -5.891467245371284e-9 -0.13862907831679708
v -0.03415294435870936 0.04000853399068206 -0.14207442978786627
v -0.04020797125370415 0.05850738586961268 -0.13383741945496985
v -0.11978549130208309 0.019945777713174823 -0.09058615802061146
v -0.12486347434874331 -1.203811338454055e-8 -0.08579838444609882
v -0.10172628128882728 0.05850738045369737 -0.09581701376891631
v -0.11180157604960127 0.040008526911432814 -0.09408493698357022
v -0.09666513875832418 -9.31950601866913e-9 -0.11665376525785116
v -0.10533876695709264 0.02011805056266342 -0.10701055189801352
v -0.08926654504410422 0.020160264141491704 -0.1207364803430769
v -0.05598533098112196 0.10775917914497601 -0.09058615802061146
v -0.04675844216474698 0.07866765790775657 -0.1207364803430769
v -0.051684886733916476 0.09396629324276222 -0.10701055189801352
v -0.0725989717186143 0.09396629149965141 -0.09408493698357022
v -0.08707898725964722 0.07866765440917568 -0.09581701376891631
v -0.062108138131411965 0.060540463397323226 -0.12421626894045247
v -0.07676987861097904 0.04036030560549219 -0.12421626894045247
v -0.0833268102410753 0.0605404615438305 -0.11110240866474412
v -0.0064583797824145275 -0.019876858261886857 -0.15005149061646458
v -0.02745302036570401 -0.019945791670533182 -0.14765076047022557
v -0.04020795997228502 -0.05850739362252925 -0.13383741945496988
v -0.034152936644246616 -0.04000854057606619 -0.14207442978786627
v -0.0188835062660959 -0.05811748305057311 -0.13862907831679708
v -0.04860421639820278 -0.02011806523424489 -0.14207442978786627
v -0.06806877623196143 -0.020160279162690507 -0.13383741945496988
v -0.055985310202951354 -0.10775918994008873 -0.09058615802061148
v -0.0385849195219651 -0.11875222613459883 -0.08579838444609882
v -0.08707897209091588 -0.07866767119978062 -0.09581701376891633
v -0.0725989535999937 -0.09396630549821344 -0.09408493698357022
v -0.02987115823120668 -0.09193401414651906 -0.11665376525785116
v -0.051684868615295906 -0.09396630320866174 -0.10701055189801352
v -0.04675842699601571 -0.0786676669237373 -0.12073648034307691
v -0.11978548745612776 -0.019945800810262444 -0.09058615802061148
v -0.08926654115679207 -0.020160281353903475 -0.1207364803430769
v -0.10533876307791984 -0.02011807087412767 -0.10701055189801352
v -0.11180156833513848 -0.040008548469058235 -0.09408493698357022
v -0.10172627000740807 -0.058507400068599946 -0.09581701376891633
v -0.07676987082868676 -0.0403603204082912 -0.12421626894045247
v -0.062108126457973555 -0.060540475373039006 -0.12421626894045247
v -0.08332679856763686 -0.06054047761093942 -0.11110240866474413
v 0.010486126545579304 -0.032272962098855565 -0.14765076047022557
v 0.043218897187490474 -0.05631981959782525 -0.13383741945496985
v 0.027496547120838107 -0.0448446908438913 -0.14207442978786627
v 0.004113890193342046 -0.05244218061760765 -0.14207442978786627
v -0.001860841037193373 -0.07096712213601979 -0.13383741945496985
v 0.08518467083265707 -0.08654461179181908 -0.09058615802061146
v 0.04790852321876297 -0.107126669300434 -0.09581701376891631
v 0.06693296050249746 -0.09808289061385136 -0.09408493698357022
v 0.07339576524001988 -0.07819241285006136 -0.10701055189801352
v 0.060368251329968196 -0.06877955034548855 -0.1207364803430769
v -0.018046162839084917 -0.12008636051546419 -0.09058615802061148
v -0.008411307780301382 -0.0911273955284076 -0.1207364803430769
v -0.013418041454170351 -0.10639994335532665 -0.10701055189801352
v 0.0035018106929626167 -0.11869293135932008 -0.09408493698357022
v 0.024208702308272052 -0.11482721195325073 -0.09581701376891631
v 0.014661754278663643 -0.08548451024592274 -0.12421626894045247
v 0.03838495003820739 -0.07777637264026592 -0.12421626894045247
v 0.03182802266485074 -0.0979565299617026 -0.11110240866474412
# Number of normals: 642
vn 0 0 1
vn .894 0 .447
vn .276 .851 .447
vn -.724 .526 .447
vn -.724 -.526 .447
vn .276 -.851 .447
vn .724 .526 -.447
vn -.276 .851 -.447
vn -.894 0 -.447
vn -.276 -.851 -.447
vn .724 -.526 -.447
vn 0 0 -1
vn .526 0 .851
vn .688 .5 .526
vn .162 .5 .851
vn -.263 .809 .526
vn -.425 .309 .851
vn -.851 0 .526
vn -.425 -.309 .851
vn -.263 -.809 .526
vn .162 -.5 .851
vn .688 -.5 .526
vn .951 .309 0
vn .588 .809 0
vn 0 1 0
vn -.588 .809 0
vn -.951 .309 0
vn -.951 -.309 0
vn -.588 -.809 0
vn 0 -1 0
vn .588 -.809 0
vn .951 -.309 0
vn .851 0 -.526
vn .263 .809 -.526
vn -.688 .5 -.526
vn -.688 -.5 -.526
vn .263 -.809 -.526
vn .425 .309 -.851
vn .425 -.309 -.851
vn -.162 .5 -.851
vn -.526 0 -.851
vn -.162 -.5 -.851
vn .273 0 .962
vn .362 .263 .894
vn .084 .26 .962
vn .823 .26 .506
vn .638 .263 .724
vn .738 0 .675
vn .228 .702 .675
vn .447 .526 .724
vn .501 .702 .506
vn -.138 .425 .894
vn -.221 .161 .962
vn .007 .863 .506
vn -.053 .688 .724
vn -.597 .434 .675
vn -.362 .588 .724
vn -.513 .694 .506
vn -.447 0 .894
vn -.221 -.161 .962
vn -.818 .273 .506
vn -.671 .162 .724
vn -.597 -.434 .675
vn -.671 -.162 .724
vn -.818 -.273 .506
vn -.138 -.425 .894
vn .084 -.26 .962
vn -.513 -.694 .506
vn -.362 -.588 .724
vn .228 -.702 .675
vn -.053 -.688 .724
vn .007 -.863 .506
vn .362 -.263 .894
vn .501 -.702 .506
vn .447 -.526 .724
vn .638 -.263 .724
vn .823 -.26 .506
vn .959 .161 .232
vn .862 .425 .276
vn .682 .694 -.232
vn .809 .588 0
vn .87 .434 -.232
vn .671 .688 .276
vn .449 .863 .232
vn .144 .962 .232
vn -.138 .951 .276
vn -.449 .863 -.232
vn -.309 .951 0
vn -.144 .962 -.232
vn -.447 .851 .276
vn -.682 .694 .232
vn -.87 .434 .232
vn -.947 .162 .276
vn -.959 -.161 -.232
vn -1 0 0
vn -.959 .161 -.232
vn -.947 -.162 .276
vn -.87 -.434 .232
vn -.682 -.694 .232
vn -.447 -.851 .276
vn -.144 -.962 -.232
vn -.309 -.951 0
vn -.449 -.863 -.232
vn -.138 -.951 .276
vn .144 -.962 .232
vn .449 -.863 .232
vn .671 -.688 .276
vn .87 -.434 -.232
vn .809 -.588 0
vn .682 -.694 -.232
vn .862 -.425 .276
vn .959 -.161 .232
vn .947 .162 -.276
vn .818 .273 -.506
vn 1 0 0
vn .818 -.273 -.506
vn .947 -.162 -.276
vn .138 .951 -.276
vn -.007 .863 -.506
vn .309 .951 0
vn .513 .694 -.506
vn .447 .851 -.276
vn -.862 .425 -.276
vn -.823 .26 -.506
vn -.809 .588 0
vn -.501 .702 -.506
vn -.671 .688 -.276
vn -.671 -.688 -.276
vn -.501 -.702 -.506
vn -.809 -.588 0
vn -.823 -.26 -.506
vn -.862 -.425 -.276
vn .447 -.851 -.276
vn .513 -.694 -.506
vn .309 -.951 0
vn -.007 -.863 -.506
vn .138 -.951 -.276
vn .221 .161 -.962
vn .447 0 -.894
vn .221 -.161 -.962
vn .671 .162 -.724
vn .597 .434 -.675
vn .597 -.434 -.675
vn .671 -.162 -.724
vn -.084 .26 -.962
vn .138 .425 -.894
vn .053 .688 -.724
vn -.228 .702 -.675
vn .362 .588 -.724
vn -.273 0 -.962
vn -.362 .263 -.894
vn -.638 .263 -.724
vn -.738 0 -.675
vn -.447 .526 -.724
vn -.084 -.26 -.962
vn -.362 -.263 -.894
vn -.447 -.526 -.724
vn -.228 -.702 -.675
vn -.638 -.263 -.724
vn .138 -.425 -.894
vn .362 -.588 -.724
vn .053 -.688 -.724
vn .138 0 .99
vn .181 .132 .975
vn .043 .131 .99
vn .449 .133 .883
vn .321 .133 .938
vn .403 0 .915
vn .125 .384 .915
vn .225 .264 .938
vn .265 .386 .883
vn .867 .131 .481
vn .791 .132 .598
vn .824 0 .566
vn .671 .386 .632
vn .738 .264 .621
vn .763 .384 .521
vn .638 0 .77
vn .695 .133 .706
vn .589 .133 .797
vn .255 .784 .566
vn .37 .711 .598
vn .393 .784 .481
vn .309 .519 .797
vn .341 .62 .706
vn .197 .607 .77
vn .601 .607 .521
vn .479 .62 .621
vn .575 .519 .632
vn .41 .4 .82
vn .507 .266 .82
vn .55 .4 .733
vn -.069 .213 .975
vn -.112 .081 .99
vn .012 .468 .883
vn -.027 .346 .938
vn -.326 .237 .915
vn -.181 .296 .938
vn -.285 .372 .883
vn .143 .865 .481
vn .119 .793 .598
vn -.16 .758 .632
vn -.023 .783 .621
vn -.129 .844 .521
vn .089 .702 .706
vn .056 .602 .797
vn -.667 .484 .566
vn -.562 .571 .598
vn -.624 .616 .481
vn -.398 .454 .797
vn -.484 .516 .706
vn -.516 .375 .77
vn -.392 .759 .521
vn -.442 .647 .621
vn -.316 .707 .632
vn -.253 .513 .82
vn -.097 .564 .82
vn -.21 .647 .733
vn -.224 0 .975
vn -.112 -.081 .99
vn -.442 .156 .883
vn -.338 .081 .938
vn -.326 -.237 .915
vn -.338 -.081 .938
vn -.442 -.156 .883
vn -.778 .403 .481
vn -.717 .358 .598
vn -.77 .082 .632
vn -.752 .22 .621
vn -.843 .138 .521
vn -.641 .301 .706
vn -.555 .239 .797
vn -.667 -.484 .566
vn -.717 -.358 .598
vn -.778 -.403 .481
vn -.555 -.239 .797
vn -.641 -.301 .706
vn -.516 -.375 .77
vn -.843 -.138 .521
vn -.752 -.22 .621
vn -.77 -.082 .632
vn -.567 -.082 .82
vn -.567 .082 .82
vn -.68 0 .733
vn -.069 -.213 .975
vn .043 -.131 .99
vn -.285 -.372 .883
vn -.181 -.296 .938
vn .125 -.384 .915
vn -.027 -.346 .938
vn .012 -.468 .883
vn -.624 -.616 .481
vn -.562 -.571 .598
vn -.316 -.707 .632
vn -.442 -.647 .621
vn -.392 -.759 .521
vn -.484 -.516 .706
vn -.398 -.454 .797
vn .255 -.784 .566
vn .119 -.793 .598
vn .143 -.865 .481
vn .056 -.602 .797
vn .089 -.702 .706
vn .197 -.607 .77
vn -.129 -.844 .521
vn -.023 -.783 .621
vn -.16 -.758 .632
vn -.097 -.564 .82
vn -.253 -.513 .82
vn -.21 -.647 .733
vn .181 -.132 .975
vn .265 -.386 .883
vn .225 -.264 .938
vn .321 -.133 .938
vn .449 -.133 .883
vn .393 -.784 .481
vn .37 -.711 .598
vn .575 -.519 .632
vn .479 -.62 .621
vn .601 -.607 .521
vn .341 -.62 .706
vn .309 -.519 .797
vn .791 -.132 .598
vn .867 -.131 .481
vn .589 -.133 .797
vn .695 -.133 .706
vn .763 -.384 .521
vn .738 -.264 .621
vn .671 -.386 .632
vn .507 -.266 .82
vn .41 -.4 .82
vn .55 -.4 .733
vn .936 .081 .343
vn .903 .213 .374
vn .918 .372 .14
vn .92 .296 .257
vn .964 .237 .117
vn .851 .346 .395
vn .785 .468 .406
vn .709 .616 -.343
vn .786 .571 -.236
vn .805 .484 -.343
vn .707 .707 0
vn .753 .647 -.117
vn .641 .759 -.117
vn .92 .375 -.117
vn .848 .516 -.117
vn .891 .454 0
vn .482 .793 .374
vn .366 .865 .343
vn .688 .602 .406
vn .592 .702 .395
vn .523 .844 .117
vn .566 .783 .257
vn .637 .758 .14
vn .777 .564 .28
vn .847 .513 .14
vn .75 .647 .14
vn .212 .915 .343
vn .076 .924 .374
vn -.07 .988 .14
vn .003 .966 .257
vn .073 .99 .117
vn -.066 .916 .395
vn -.203 .891 .406
vn -.366 .865 -.343
vn -.3 .924 -.236
vn -.212 .915 -.343
vn -.454 .891 0
vn -.383 .916 -.117
vn -.523 .844 -.117
vn -.073 .99 -.117
vn -.229 .966 -.117
vn -.156 .988 0
vn -.605 .703 .374
vn -.709 .616 .343
vn -.359 .84 .406
vn -.485 .78 .395
vn -.641 .759 .117
vn -.57 .78 .257
vn -.524 .84 .14
vn -.297 .913 .28
vn -.227 .964 .14
vn -.383 .913 .14
vn -.805 .484 .343
vn -.855 .358 .374
vn -.961 .239 .14
vn -.918 .301 .257
vn -.92 .375 .117
vn -.892 .22 .395
vn -.91 .082 .406
vn -.936 -.081 -.343
vn -.972 0 -.236
vn -.936 .081 -.343
vn -.988 -.156 0
vn -.99 -.081 -.117
vn -.964 -.237 -.117
vn -.964 .237 -.117
vn -.99 .081 -.117
vn -.988 .156 0
vn -.855 -.358 .374
vn -.805 -.484 .343
vn -.91 -.082 .406
vn -.892 -.22 .395
vn -.92 -.375 .117
vn -.918 -.301 .257
vn -.961 -.239 .14
vn -.96 0 .28
vn -.987 .082 .14
vn -.987 -.082 .14
vn -.709 -.616 .343
vn -.605 -.703 .374
vn -.524 -.84 .14
vn -.57 -.78 .257
vn -.641 -.759 .117
vn -.485 -.78 .395
vn -.359 -.84 .406
vn -.212 -.915 -.343
vn -.3 -.924 -.236
vn -.366 -.865 -.343
vn -.156 -.988 0
vn -.229 -.966 -.117
vn -.073 -.99 -.117
vn -.523 -.844 -.117
vn -.383 -.916 -.117
vn -.454 -.891 0
vn .076 -.924 .374
vn .212 -.915 .343
vn -.203 -.891 .406
vn -.066 -.916 .395
vn .073 -.99 .117
vn .003 -.966 .257
vn -.07 -.988 .14
vn -.297 -.913 .28
vn -.383 -.913 .14
vn -.227 -.964 .14
vn .366 -.865 .343
vn .482 -.793 .374
vn .637 -.758 .14
vn .566 -.783 .257
vn .523 -.844 .117
vn .592 -.702 .395
vn .688 -.602 .406
vn .805 -.484 -.343
vn .786 -.571 -.236
vn .709 -.616 -.343
vn .891 -.454 0
vn .848 -.516 -.117
vn .92 -.375 -.117
vn .641 -.759 -.117
vn .753 -.647 -.117
vn .707 -.707 0
vn .903 -.213 .374
vn .936 -.081 .343
vn .785 -.468 .406
vn .851 -.346 .395
vn .964 -.237 .117
vn .92 -.296 .257
vn .918 -.372 .14
vn .777 -.564 .28
vn .75 -.647 .14
vn .847 -.513 .14
vn .855 .358 -.374
vn .778 .403 -.481
vn .961 .239 -.14
vn .918 .301 -.257
vn .843 .138 -.521
vn .892 .22 -.395
vn .91 .082 -.406
vn .972 0 .236
vn .988 -.156 0
vn .99 -.081 .117
vn .99 .081 .117
vn .988 .156 0
vn .778 -.403 -.481
vn .855 -.358 -.374
vn .91 -.082 -.406
vn .892 -.22 -.395
vn .843 -.138 -.521
vn .918 -.301 -.257
vn .961 -.239 -.14
vn .96 0 -.28
vn .987 .082 -.14
vn .987 -.082 -.14
vn -.076 .924 -.374
vn -.143 .865 -.481
vn .07 .988 -.14
vn -.003 .966 -.257
vn .129 .844 -.521
vn .066 .916 -.395
vn .203 .891 -.406
vn .3 .924 .236
vn .454 .891 0
vn .383 .916 .117
vn .229 .966 .117
vn .156 .988 0
vn .624 .616 -.481
vn .605 .703 -.374
vn .359 .84 -.406
vn .485 .78 -.395
vn .392 .759 -.521
vn .57 .78 -.257
vn .524 .84 -.14
vn .297 .913 -.28
vn .227 .964 -.14
vn .383 .913 -.14
vn -.903 .213 -.374
vn -.867 .131 -.481
vn -.918 .372 -.14
vn -.92 .296 -.257
vn -.763 .384 -.521
vn -.851 .346 -.395
vn -.785 .468 -.406
vn -.786 .571 .236
vn -.707 .707 0
vn -.753 .647 .117
vn -.848 .516 .117
vn -.891 .454 0
vn -.393 .784 -.481
vn -.482 .793 -.374
vn -.688 .602 -.406
vn -.592 .702 -.395
vn -.601 .607 -.521
vn -.566 .783 -.257
vn -.637 .758 -.14
vn -.777 .564 -.28
vn -.847 .513 -.14
vn -.75 .647 -.14
vn -.482 -.793 -.374
vn -.393 -.784 -.481
vn -.637 -.758 -.14
vn -.566 -.783 -.257
vn -.601 -.607 -.521
vn -.592 -.702 -.395
vn -.688 -.602 -.406
vn -.786 -.571 .236
vn -.891 -.454 0
vn -.848 -.516 .117
vn -.753 -.647 .117
vn -.707 -.707 0
vn -.867 -.131 -.481
vn -.903 -.213 -.374
vn -.785 -.468 -.406
vn -.851 -.346 -.395
vn -.763 -.384 -.521
vn -.92 -.296 -.257
vn -.918 -.372 -.14
vn -.777 -.564 -.28
vn -.75 -.647 -.14
vn -.847 -.513 -.14
vn .605 -.703 -.374
vn .624 -.616 -.481
vn .524 -.84 -.14
vn .57 -.78 -.257
vn .392 -.759 -.521
vn .485 -.78 -.395
vn .359 -.84 -.406
vn .3 -.924 .236
vn .156 -.988 0
vn .229 -.966 .117
vn .383 -.916 .117
vn .454 -.891 0
vn -.143 -.865 -.481
vn -.076 -.924 -.374
vn .203 -.891 -.406
vn .066 -.916 -.395
vn .129 -.844 -.521
vn -.003 -.966 -.257
vn .07 -.988 -.14
vn .297 -.913 -.28
vn .383 -.913 -.14
vn .227 -.964 -.14
vn .112 .081 -.99
vn .224 0 -.975
vn .112 -.081 -.99
vn .442 .156 -.883
vn .338 .081 -.938
vn .326 .237 -.915
vn .326 -.237 -.915
vn .338 -.081 -.938
vn .442 -.156 -.883
vn .717 .358 -.598
vn .667 .484 -.566
vn .77 .082 -.632
vn .752 .22 -.621
vn .516 .375 -.77
vn .641 .301 -.706
vn .555 .239 -.797
vn .667 -.484 -.566
vn .717 -.358 -.598
vn .555 -.239 -.797
vn .641 -.301 -.706
vn .516 -.375 -.77
vn .752 -.22 -.621
vn .77 -.082 -.632
vn .567 -.082 -.82
vn .567 .082 -.82
vn .68 0 -.733
vn -.043 .131 -.99
vn .069 .213 -.975
vn -.012 .468 -.883
vn .027 .346 -.938
vn -.125 .384 -.915
vn .181 .296 -.938
vn .285 .372 -.883
vn -.119 .793 -.598
vn -.255 .784 -.566
vn .16 .758 -.632
vn .023 .783 -.621
vn -.197 .607 -.77
vn -.089 .702 -.706
vn -.056 .602 -.797
vn .562 .571 -.598
vn .398 .454 -.797
vn .484 .516 -.706
vn .442 .647 -.621
vn .316 .707 -.632
vn .253 .513 -.82
vn .097 .564 -.82
vn .21 .647 -.733
vn -.138 0 -.99
vn -.181 .132 -.975
vn -.449 .133 -.883
vn -.321 .133 -.938
vn -.403 0 -.915
vn -.225 .264 -.938
vn -.265 .386 -.883
vn -.791 .132 -.598
vn -.824 0 -.566
vn -.671 .386 -.632
vn -.738 .264 -.621
vn -.638 0 -.77
vn -.695 .133 -.706
vn -.589 .133 -.797
vn -.37 .711 -.598
vn -.309 .519 -.797
vn -.341 .62 -.706
vn -.479 .62 -.621
vn -.575 .519 -.632
vn -.41 .4 -.82
vn -.507 .266 -.82
vn -.55 .4 -.733
vn -.043 -.131 -.99
vn -.181 -.132 -.975
vn -.265 -.386 -.883
vn -.225 -.264 -.938
vn -.125 -.384 -.915
vn -.321 -.133 -.938
vn -.449 -.133 -.883
vn -.37 -.711 -.598
vn -.255 -.784 -.566
vn -.575 -.519 -.632
vn -.479 -.62 -.621
vn -.197 -.607 -.77
vn -.341 -.62 -.706
vn -.309 -.519 -.797
vn -.791 -.132 -.598
vn -.589 -.133 -.797
vn -.695 -.133 -.706
vn -.738 -.264 -.621
vn -.671 -.386 -.632
vn -.507 -.266 -.82
vn -.41 -.4 -.82
vn -.55 -.4 -.733
vn .069 -.213 -.975
vn .285 -.372 -.883
vn .181 -.296 -.938
vn .027 -.346 -.938
vn -.012 -.468 -.883
vn .562 -.571 -.598
vn .316 -.707 -.632
vn .442 -.647 -.621
vn .484 -.516 -.706
vn .398 -.454 -.797
vn -.119 -.793 -.598
vn -.056 -.602 -.797
vn -.089 -.702 -.706
vn .023 -.783 -.621
vn .16 -.758 -.632
vn .097 -.564 -.82
vn .253 -.513 -.82
vn .21 -.647 -.733
# Number of faces: 1280
f 2071//1999 2233//2161 2235//2163
f 2113//2041 2234//2162 2233//2161
f 2115//2043 2235//2163 2234//2162
f 2235//2163 2233//2161 2234//2162
f 2083//2011 2236//2164 2238//2166
f 2114//2042 2237//2165 2236//2164
f 2113//2041 2238//2166 2237//2165
f 2238//2166 2236//2164 2237//2165
f 2085//2013 2239//2167 2241//2169
f 2115//2043 2240//2168 2239//2167
f 2114//2042 2241//2169 2240//2168
f 2241//2169 2239//2167 2240//2168
f 2115//2043 2234//2162 2240//2168
f 2113//2041 2237//2165 2234//2162
f 2114//2042 2240//2168 2237//2165
f 2240//2168 2234//2162 2237//2165
f 2072//2000 2242//2170 2244//2172
f 2116//2044 2243//2171 2242//2170
f 2118//2046 2244//2172 2243//2171
f 2244//2172 2242//2170 2243//2171
f 2084//2012 2245//2173 2247//2175
f 2117//2045 2246//2174 2245//2173
f 2116//2044 2247//2175 2246//2174
f 2247//2175 2245//2173 2246//2174
f 2083//2011 2248//2176 2250//2178
f 2118//2046 2249//2177 2248//2176
f 2117//2045 2250//2178 2249//2177
f 2250//2178 2248//2176 2249//2177
f 2118//2046 2243//2171 2249//2177
f 2116//2044 2246//2174 2243//2171
f 2117//2045 2249//2177 2246//2174
f 2249//2177 2243//2171 2246//2174
f 2073//2001 2251//2179 2253//2181
f 2119//2047 2252//2180 2251//2179
f 2121//2049 2253//2181 2252//2180
f 2253//2181 2251//2179 2252//2180
f 2085//2013 2254//2182 2256//2184
f 2120//2048 2255//2183 2254//2182
f 2119//2047 2256//2184 2255//2183
f 2256//2184 2254//2182 2255//2183
f 2084//2012 2257//2185 2259//2187
f 2121//2049 2258//2186 2257//2185
f 2120//2048 2259//2187 2258//2186
f 2259//2187 2257//2185 2258//2186
f 2121//2049 2252//2180 2258//2186
f 2119//2047 2255//2183 2252//2180
f 2120//2048 2258//2186 2255//2183
f 2258//2186 2252//2180 2255//2183
f 2085//2013 2241//2169 2254//2182
f 2114//2042 2260//2188 2241//2169
f 2120//2048 2254//2182 2260//2188
f 2254//2182 2241//2169 2260//2188
f 2083//2011 2250//2178 2236//2164
f 2117//2045 2261//2189 2250//2178
f 2114//2042 2236//2164 2261//2189
f 2236//2164 2250//2178 2261//2189
f 2084//2012 2259//2187 2245//2173
f 2120//2048 2262//2190 2259//2187
f 2117//2045 2245//2173 2262//2190
f 2245//2173 2259//2187 2262//2190
f 2120//2048 2260//2188 2262//2190
f 2114//2042 2261//2189 2260//2188
f 2117//2045 2262//2190 2261//2189
f 2262//2190 2260//2188 2261//2189
f 2071//1999 2235//2163 2264//2192
f 2115//2043 2263//2191 2235//2163
f 2123//2051 2264//2192 2263//2191
f 2264//2192 2235//2163 2263//2191
f 2085//2013 2265//2193 2239//2167
f 2122//2050 2266//2194 2265//2193
f 2115//2043 2239//2167 2266//2194
f 2239//2167 2265//2193 2266//2194
f 2087//2015 2267//2195 2269//2197
f 2123//2051 2268//2196 2267//2195
f 2122//2050 2269//2197 2268//2196
f 2269//2197 2267//2195 2268//2196
f 2123//2051 2263//2191 2268//2196
f 2115//2043 2266//2194 2263//2191
f 2122//2050 2268//2196 2266//2194
f 2268//2196 2263//2191 2266//2194
f 2073//2001 2270//2198 2251//2179
f 2124//2052 2271//2199 2270//2198
f 2119//2047 2251//2179 2271//2199
f 2251//2179 2270//2198 2271//2199
f 2086//2014 2272//2200 2274//2202
f 2125//2053 2273//2201 2272//2200
f 2124//2052 2274//2202 2273//2201
f 2274//2202 2272//2200 2273//2201
f 2085//2013 2256//2184 2276//2204
f 2119//2047 2275//2203 2256//2184
f 2125//2053 2276//2204 2275//2203
f 2276//2204 2256//2184 2275//2203
f 2119//2047 2271//2199 2275//2203
f 2124//2052 2273//2201 2271//2199
f 2125//2053 2275//2203 2273//2201
f 2275//2203 2271//2199 2273//2201
f 2074//2002 2277//2205 2279//2207
f 2126//2054 2278//2206 2277//2205
f 2128//2056 2279//2207 2278//2206
f 2279//2207 2277//2205 2278//2206
f 2087//2015 2280//2208 2282//2210
f 2127//2055 2281//2209 2280//2208
f 2126//2054 2282//2210 2281//2209
f 2282//2210 2280//2208 2281//2209
f 2086//2014 2283//2211 2285//2213
f 2128//2056 2284//2212 2283//2211
f 2127//2055 2285//2213 2284//2212
f 2285//2213 2283//2211 2284//2212
f 2128//2056 2278//2206 2284//2212
f 2126//2054 2281//2209 2278//2206
f 2127//2055 2284//2212 2281//2209
f 2284//2212 2278//2206 2281//2209
f 2087//2015 2269//2197 2280//2208
f 2122//2050 2286//2214 2269//2197
f 2127//2055 2280//2208 2286//2214
f 2280//2208 2269//2197 2286//2214
f 2085//2013 2276//2204 2265//2193
f 2125//2053 2287//2215 2276//2204
f 2122//2050 2265//2193 2287//2215
f 2265//2193 2276//2204 2287//2215
f 2086//2014 2285//2213 2272//2200
f 2127//2055 2288//2216 2285//2213
f 2125//2053 2272//2200 2288//2216
f 2272//2200 2285//2213 2288//2216
f 2127//2055 2286//2214 2288//2216
f 2122//2050 2287//2215 2286//2214
f 2125//2053 2288//2216 2287//2215
f 2288//2216 2286//2214 2287//2215
f 2071//1999 2264//2192 2290//2218
f 2123//2051 2289//2217 2264//2192
f 2130//2058 2290//2218 2289//2217
f 2290//2218 2264//2192 2289//2217
f 2087//2015 2291//2219 2267//2195
f 2129//2057 2292//2220 2291//2219
f 2123//2051 2267//2195 2292//2220
f 2267//2195 2291//2219 2292//2220
f 2089//2017 2293//2221 2295//2223
f 2130//2058 2294//2222 2293//2221
f 2129//2057 2295//2223 2294//2222
f 2295//2223 2293//2221 2294//2222
f 2130//2058 2289//2217 2294//2222
f 2123//2051 2292//2220 2289//2217
f 2129//2057 2294//2222 2292//2220
f 2294//2222 2289//2217 2292//2220
f 2074//2002 2296//2224 2277//2205
f 2131//2059 2297//2225 2296//2224
f 2126//2054 2277//2205 2297//2225
f 2277//2205 2296//2224 2297//2225
f 2088//2016 2298//2226 2300//2228
f 2132//2060 2299//2227 2298//2226
f 2131//2059 2300//2228 2299//2227
f 2300//2228 2298//2226 2299//2227
f 2087//2015 2282//2210 2302//2230
f 2126//2054 2301//2229 2282//2210
f 2132//2060 2302//2230 2301//2229
f 2302//2230 2282//2210 2301//2229
f 2126//2054 2297//2225 2301//2229
f 2131//2059 2299//2227 2297//2225
f 2132//2060 2301//2229 2299//2227
f 2301//2229 2297//2225 2299//2227
f 2075//2003 2303//2231 2305//2233
f 2133//2061 2304//2232 2303//2231
f 2135//2063 2305//2233 2304//2232
f 2305//2233 2303//2231 2304//2232
f 2089//2017 2306//2234 2308//2236
f 2134//2062 2307//2235 2306//2234
f 2133//2061 2308//2236 2307//2235
f 2308//2236 2306//2234 2307//2235
f 2088//2016 2309//2237 2311//2239
f 2135//2063 2310//2238 2309//2237
f 2134//2062 2311//2239 2310//2238
f 2311//2239 2309//2237 2310//2238
f 2135//2063 2304//2232 2310//2238
f 2133//2061 2307//2235 2304//2232
f 2134//2062 2310//2238 2307//2235
f 2310//2238 2304//2232 2307//2235
f 2089//2017 2295//2223 2306//2234
f 2129//2057 2312//2240 2295//2223
f 2134//2062 2306//2234 2312//2240
f 2306//2234 2295//2223 2312//2240
f 2087//2015 2302//2230 2291//2219
f 2132//2060 2313//2241 2302//2230
f 2129//2057 2291//2219 2313//2241
f 2291//2219 2302//2230 2313//2241
f 2088//2016 2311//2239 2298//2226
f 2134//2062 2314//2242 2311//2239
f 2132//2060 2298//2226 2314//2242
f 2298//2226 2311//2239 2314//2242
f 2134//2062 2312//2240 2314//2242
f 2129//2057 2313//2241 2312//2240
f 2132//2060 2314//2242 2313//2241
f 2314//2242 2312//2240 2313//2241
f 2071//1999 2290//2218 2316//2244
f 2130//2058 2315//2243 2290//2218
f 2137//2065 2316//2244 2315//2243
f 2316//2244 2290//2218 2315//2243
f 2089//2017 2317//2245 2293//2221
f 2136//2064 2318//2246 2317//2245
f 2130//2058 2293//2221 2318//2246
f 2293//2221 2317//2245 2318//2246
f 2091//2019 2319//2247 2321//2249
f 2137//2065 2320//2248 2319//2247
f 2136//2064 2321//2249 2320//2248
f 2321//2249 2319//2247 2320//2248
f 2137//2065 2315//2243 2320//2248
f 2130//2058 2318//2246 2315//2243
f 2136//2064 2320//2248 2318//2246
f 2320//2248 2315//2243 2318//2246
f 2075//2003 2322//2250 2303//2231
f 2138//2066 2323//2251 2322//2250
f 2133//2061 2303//2231 2323//2251
f 2303//2231 2322//2250 2323//2251
f 2090//2018 2324//2252 2326//2254
f 2139//2067 2325//2253 2324//2252
f 2138//2066 2326//2254 2325//2253
f 2326//2254 2324//2252 2325//2253
f 2089//2017 2308//2236 2328//2256
f 2133//2061 2327//2255 2308//2236
f 2139//2067 2328//2256 2327//2255
f 2328//2256 2308//2236 2327//2255
f 2133//2061 2323//2251 2327//2255
f 2138//2066 2325//2253 2323//2251
f 2139//2067 2327//2255 2325//2253
f 2327//2255 2323//2251 2325//2253
f 2076//2004 2329//2257 2331//2259
f 2140//2068 2330//2258 2329//2257
f 2142//2070 2331//2259 2330//2258
f 2331//2259 2329//2257 2330//2258
f 2091//2019 2332//2260 2334//2262
f 2141//2069 2333//2261 2332//2260
f 2140//2068 2334//2262 2333//2261
f 2334//2262 2332//2260 2333//2261
f 2090//2018 2335//2263 2337//2265
f 2142//2070 2336//2264 2335//2263
f 2141//2069 2337//2265 2336//2264
f 2337//2265 2335//2263 2336//2264
f 2142//2070 2330//2258 2336//2264
f 2140//2068 2333//2261 2330//2258
f 2141//2069 2336//2264 2333//2261
f 2336//2264 2330//2258 2333//2261
f 2091//2019 2321//2249 2332//2260
f 2136//2064 2338//2266 2321//2249
f 2141//2069 2332//2260 2338//2266
f 2332//2260 2321//2249 2338//2266
f 2089//2017 2328//2256 2317//2245
f 2139//2067 2339//2267 2328//2256
f 2136//2064 2317//2245 2339//2267
f 2317//2245 2328//2256 2339//2267
f 2090//2018 2337//2265 2324//2252
f 2141//2069 2340//2268 2337//2265
f 2139//2067 2324//2252 2340//2268
f 2324//2252 2337//2265 2340//2268
f 2141//2069 2338//2266 2340//2268
f 2136//2064 2339//2267 2338//2266
f 2139//2067 2340//2268 2339//2267
f 2340//2268 2338//2266 2339//2267
f 2071//1999 2316//2244 2233//2161
f 2137//2065 2341//2269 2316//2244
f 2113//2041 2233//2161 2341//2269
f 2233//2161 2316//2244 2341//2269
f 2091//2019 2342//2270 2319//2247
f 2143//2071 2343//2271 2342//2270
f 2137//2065 2319//2247 2343//2271
f 2319//2247 2342//2270 2343//2271
f 2083//2011 2238//2166 2345//2273
f 2113//2041 2344//2272 2238//2166
f 2143//2071 2345//2273 2344//2272
f 2345//2273 2238//2166 2344//2272
f 2113//2041 2341//2269 2344//2272
f 2137//2065 2343//2271 2341//2269
f 2143//2071 2344//2272 2343//2271
f 2344//2272 2341//2269 2343//2271
f 2076//2004 2346//2274 2329//2257
f 2144//2072 2347//2275 2346//2274
f 2140//2068 2329//2257 2347//2275
f 2329//2257 2346//2274 2347//2275
f 2092//2020 2348//2276 2350//2278
f 2145//2073 2349//2277 2348//2276
f 2144//2072 2350//2278 2349//2277
f 2350//2278 2348//2276 2349//2277
f 2091//2019 2334//2262 2352//2280
f 2140//2068 2351//2279 2334//2262
f 2145//2073 2352//2280 2351//2279
f 2352//2280 2334//2262 2351//2279
f 2140//2068 2347//2275 2351//2279
f 2144//2072 2349//2277 2347//2275
f 2145//2073 2351//2279 2349//2277
f 2351//2279 2347//2275 2349//2277
f 2072//2000 2244//2172 2354//2282
f 2118//2046 2353//2281 2244//2172
f 2147//2075 2354//2282 2353//2281
f 2354//2282 2244//2172 2353//2281
f 2083//2011 2355//2283 2248//2176
f 2146//2074 2356//2284 2355//2283
f 2118//2046 2248//2176 2356//2284
f 2248//2176 2355//2283 2356//2284
f 2092//2020 2357//2285 2359//2287
f 2147//2075 2358//2286 2357//2285
f 2146//2074 2359//2287 2358//2286
f 2359//2287 2357//2285 2358//2286
f 2147//2075 2353//2281 2358//2286
f 2118//2046 2356//2284 2353//2281
f 2146//2074 2358//2286 2356//2284
f 2358//2286 2353//2281 2356//2284
f 2083//2011 2345//2273 2355//2283
f 2143//2071 2360//2288 2345//2273
f 2146//2074 2355//2283 2360//2288
f 2355//2283 2345//2273 2360//2288
f 2091//2019 2352//2280 2342//2270
f 2145//2073 2361//2289 2352//2280
f 2143//2071 2342//2270 2361//2289
f 2342//2270 2352//2280 2361//2289
f 2092//2020 2359//2287 2348//2276
f 2146//2074 2362//2290 2359//2287
f 2145//2073 2348//2276 2362//2290
f 2348//2276 2359//2287 2362//2290
f 2146//2074 2360//2288 2362//2290
f 2143//2071 2361//2289 2360//2288
f 2145//2073 2362//2290 2361//2289
f 2362//2290 2360//2288 2361//2289
f 2072//2000 2363//2291 2242//2170
f 2148//2076 2364//2292 2363//2291
f 2116//2044 2242//2170 2364//2292
f 2242//2170 2363//2291 2364//2292
f 2093//2021 2365//2293 2367//2295
f 2149//2077 2366//2294 2365//2293
f 2148//2076 2367//2295 2366//2294
f 2367//2295 2365//2293 2366//2294
f 2084//2012 2247//2175 2369//2297
f 2116//2044 2368//2296 2247//2175
f 2149//2077 2369//2297 2368//2296
f 2369//2297 2247//2175 2368//2296
f 2116//2044 2364//2292 2368//2296
f 2148//2076 2366//2294 2364//2292
f 2149//2077 2368//2296 2366//2294
f 2368//2296 2364//2292 2366//2294
f 2077//2005 2370//2298 2372//2300
f 2150//2078 2371//2299 2370//2298
f 2152//2080 2372//2300 2371//2299
f 2372//2300 2370//2298 2371//2299
f 2094//2022 2373//2301 2375//2303
f 2151//2079 2374//2302 2373//2301
f 2150//2078 2375//2303 2374//2302
f 2375//2303 2373//2301 2374//2302
f 2093//2021 2376//2304 2378//2306
f 2152//2080 2377//2305 2376//2304
f 2151//2079 2378//2306 2377//2305
f 2378//2306 2376//2304 2377//2305
f 2152//2080 2371//2299 2377//2305
f 2150//2078 2374//2302 2371//2299
f 2151//2079 2377//2305 2374//2302
f 2377//2305 2371//2299 2374//2302
f 2073//2001 2253//2181 2380//2308
f 2121//2049 2379//2307 2253//2181
f 2154//2082 2380//2308 2379//2307
f 2380//2308 2253//2181 2379//2307
f 2084//2012 2381//2309 2257//2185
f 2153//2081 2382//2310 2381//2309
f 2121//2049 2257//2185 2382//2310
f 2257//2185 2381//2309 2382//2310
f 2094//2022 2383//2311 2385//2313
f 2154//2082 2384//2312 2383//2311
f 2153//2081 2385//2313 2384//2312
f 2385//2313 2383//2311 2384//2312
f 2154//2082 2379//2307 2384//2312
f 2121//2049 2382//2310 2379//2307
f 2153//2081 2384//2312 2382//2310
f 2384//2312 2379//2307 2382//2310
f 2084//2012 2369//2297 2381//2309
f 2149//2077 2386//2314 2369//2297
f 2153//2081 2381//2309 2386//2314
f 2381//2309 2369//2297 2386//2314
f 2093//2021 2378//2306 2365//2293
f 2151//2079 2387//2315 2378//2306
f 2149//2077 2365//2293 2387//2315
f 2365//2293 2378//2306 2387//2315
f 2094//2022 2385//2313 2373//2301
f 2153//2081 2388//2316 2385//2313
f 2151//2079 2373//2301 2388//2316
f 2373//2301 2385//2313 2388//2316
f 2153//2081 2386//2314 2388//2316
f 2149//2077 2387//2315 2386//2314
f 2151//2079 2388//2316 2387//2315
f 2388//2316 2386//2314 2387//2315
f 2073//2001 2389//2317 2270//2198
f 2155//2083 2390//2318 2389//2317
f 2124//2052 2270//2198 2390//2318
f 2270//2198 2389//2317 2390//2318
f 2095//2023 2391//2319 2393//2321
f 2156//2084 2392//2320 2391//2319
f 2155//2083 2393//2321 2392//2320
f 2393//2321 2391//2319 2392//2320
f 2086//2014 2274//2202 2395//2323
f 2124//2052 2394//2322 2274//2202
f 2156//2084 2395//2323 2394//2322
f 2395//2323 2274//2202 2394//2322
f 2124//2052 2390//2318 2394//2322
f 2155//2083 2392//2320 2390//2318
f 2156//2084 2394//2322 2392//2320
f 2394//2322 2390//2318 2392//2320
f 2078//2006 2396//2324 2398//2326
f 2157//2085 2397//2325 2396//2324
f 2159//2087 2398//2326 2397//2325
f 2398//2326 2396//2324 2397//2325
f 2096//2024 2399//2327 2401//2329
f 2158//2086 2400//2328 2399//2327
f 2157//2085 2401//2329 2400//2328
f 2401//2329 2399//2327 2400//2328
f 2095//2023 2402//2330 2404//2332
f 2159//2087 2403//2331 2402//2330
f 2158//2086 2404//2332 2403//2331
f 2404//2332 2402//2330 2403//2331
f 2159//2087 2397//2325 2403//2331
f 2157//2085 2400//2328 2397//2325
f 2158//2086 2403//2331 2400//2328
f 2403//2331 2397//2325 2400//2328
f 2074//2002 2279//2207 2406//2334
f 2128//2056 2405//2333 2279//2207
f 2161//2089 2406//2334 2405//2333
f 2406//2334 2279//2207 2405//2333
f 2086//2014 2407//2335 2283//2211
f 2160//2088 2408//2336 2407//2335
f 2128//2056 2283//2211 2408//2336
f 2283//2211 2407//2335 2408//2336
f 2096//2024 2409//2337 2411//2339
f 2161//2089 2410//2338 2409//2337
f 2160//2088 2411//2339 2410//2338
f 2411//2339 2409//2337 2410//2338
f 2161//2089 2405//2333 2410//2338
f 2128//2056 2408//2336 2405//2333
f 2160//2088 2410//2338 2408//2336
f 2410//2338 2405//2333 2408//2336
f 2086//2014 2395//2323 2407//2335
f 2156//2084 2412//2340 2395//2323
f 2160//2088 2407//2335 2412//2340
f 2407//2335 2395//2323 2412//2340
f 2095//2023 2404//2332 2391//2319
f 2158//2086 2413//2341 2404//2332
f 2156//2084 2391//2319 2413//2341
f 2391//2319 2404//2332 2413//2341
f 2096//2024 2411//2339 2399//2327
f 2160//2088 2414//2342 2411//2339
f 2158//2086 2399//2327 2414//2342
f 2399//2327 2411//2339 2414//2342
f 2160//2088 2412//2340 2414//2342
f 2156//2084 2413//2341 2412//2340
f 2158//2086 2414//2342 2413//2341
f 2414//2342 2412//2340 2413//2341
f 2074//2002 2415//2343 2296//2224
f 2162//2090 2416//2344 2415//2343
f 2131//2059 2296//2224 2416//2344
f 2296//2224 2415//2343 2416//2344
f 2097//2025 2417//2345 2419//2347
f 2163//2091 2418//2346 2417//2345
f 2162//2090 2419//2347 2418//2346
f 2419//2347 2417//2345 2418//2346
f 2088//2016 2300//2228 2421//2349
f 2131//2059 2420//2348 2300//2228
f 2163//2091 2421//2349 2420//2348
f 2421//2349 2300//2228 2420//2348
f 2131//2059 2416//2344 2420//2348
f 2162//2090 2418//2346 2416//2344
f 2163//2091 2420//2348 2418//2346
f 2420//2348 2416//2344 2418//2346
f 2079//2007 2422//2350 2424//2352
f 2164//2092 2423//2351 2422//2350
f 2166//2094 2424//2352 2423//2351
f 2424//2352 2422//2350 2423//2351
f 2098//2026 2425//2353 2427//2355
f 2165//2093 2426//2354 2425//2353
f 2164//2092 2427//2355 2426//2354
f 2427//2355 2425//2353 2426//2354
f 2097//2025 2428//2356 2430//2358
f 2166//2094 2429//2357 2428//2356
f 2165//2093 2430//2358 2429//2357
f 2430//2358 2428//2356 2429//2357
f 2166//2094 2423//2351 2429//2357
f 2164//2092 2426//2354 2423//2351
f 2165//2093 2429//2357 2426//2354
f 2429//2357 2423//2351 2426//2354
f 2075//2003 2305//2233 2432//2360
f 2135//2063 2431//2359 2305//2233
f 2168//2096 2432//2360 2431//2359
f 2432//2360 2305//2233 2431//2359
f 2088//2016 2433//2361 2309//2237
f 2167//2095 2434//2362 2433//2361
f 2135//2063 2309//2237 2434//2362
f 2309//2237 2433//2361 2434//2362
f 2098//2026 2435//2363 2437//2365
f 2168//2096 2436//2364 2435//2363
f 2167//2095 2437//2365 2436//2364
f 2437//2365 2435//2363 2436//2364
f 2168//2096 2431//2359 2436//2364
f 2135//2063 2434//2362 2431//2359
f 2167//2095 2436//2364 2434//2362
f 2436//2364 2431//2359 2434//2362
f 2088//2016 2421//2349 2433//2361
f 2163//2091 2438//2366 2421//2349
f 2167//2095 2433//2361 2438//2366
f 2433//2361 2421//2349 2438//2366
f 2097//2025 2430//2358 2417//2345
f 2165//2093 2439//2367 2430//2358
f 2163//2091 2417//2345 2439//2367
f 2417//2345 2430//2358 2439//2367
f 2098//2026 2437//2365 2425//2353
f 2167//2095 2440//2368 2437//2365
f 2165//2093 2425//2353 2440//2368
f 2425//2353 2437//2365 2440//2368
f 2167//2095 2438//2366 2440//2368
f 2163//2091 2439//2367 2438//2366
f 2165//2093 2440//2368 2439//2367
f 2440//2368 2438//2366 2439//2367
f 2075//2003 2441//2369 2322//2250
f 2169//2097 2442//2370 2441//2369
f 2138//2066 2322//2250 2442//2370
f 2322//2250 2441//2369 2442//2370
f 2099//2027 2443//2371 2445//2373
f 2170//2098 2444//2372 2443//2371
f 2169//2097 2445//2373 2444//2372
f 2445//2373 2443//2371 2444//2372
f 2090//2018 2326//2254 2447//2375
f 2138//2066 2446//2374 2326//2254
f 2170//2098 2447//2375 2446//2374
f 2447//2375 2326//2254 2446//2374
f 2138//2066 2442//2370 2446//2374
f 2169//2097 2444//2372 2442//2370
f 2170//2098 2446//2374 2444//2372
f 2446//2374 2442//2370 2444//2372
f 2080//2008 2448//2376 2450//2378
f 2171//2099 2449//2377 2448//2376
f 2173//2101 2450//2378 2449//2377
f 2450//2378 2448//2376 2449//2377
f 2100//2028 2451//2379 2453//2381
f 2172//2100 2452//2380 2451//2379
f 2171//2099 2453//2381 2452//2380
f 2453//2381 2451//2379 2452//2380
f 2099//2027 2454//2382 2456//2384
f 2173//2101 2455//2383 2454//2382
f 2172//2100 2456//2384 2455//2383
f 2456//2384 2454//2382 2455//2383
f 2173//2101 2449//2377 2455//2383
f 2171//2099 2452//2380 2449//2377
f 2172//2100 2455//2383 2452//2380
f 2455//2383 2449//2377 2452//2380
f 2076//2004 2331//2259 2458//2386
f 2142//2070 2457//2385 2331//2259
f 2175//2103 2458//2386 2457//2385
f 2458//2386 2331//2259 2457//2385
f 2090//2018 2459//2387 2335//2263
f 2174//2102 2460//2388 2459//2387
f 2142//2070 2335//2263 2460//2388
f 2335//2263 2459//2387 2460//2388
f 2100//2028 2461//2389 2463//2391
f 2175//2103 2462//2390 2461//2389
f 2174//2102 2463//2391 2462//2390
f 2463//2391 2461//2389 2462//2390
f 2175//2103 2457//2385 2462//2390
f 2142//2070 2460//2388 2457//2385
f 2174//2102 2462//2390 2460//2388
f 2462//2390 2457//2385 2460//2388
f 2090//2018 2447//2375 2459//2387
f 2170//2098 2464//2392 2447//2375
f 2174//2102 2459//2387 2464//2392
f 2459//2387 2447//2375 2464//2392
f 2099//2027 2456//2384 2443//2371
f 2172//2100 2465//2393 2456//2384
f 2170//2098 2443//2371 2465//2393
f 2443//2371 2456//2384 2465//2393
f 2100//2028 2463//2391 2451//2379
f 2174//2102 2466//2394 2463//2391
f 2172//2100 2451//2379 2466//2394
f 2451//2379 2463//2391 2466//2394
f 2174//2102 2464//2392 2466//2394
f 2170//2098 2465//2393 2464//2392
f 2172//2100 2466//2394 2465//2393
f 2466//2394 2464//2392 2465//2393
f 2076//2004 2467//2395 2346//2274
f 2176//2104 2468//2396 2467//2395
f 2144//2072 2346//2274 2468//2396
f 2346//2274 2467//2395 2468//2396
f 2101//2029 2469//2397 2471//2399
f 2177//2105 2470//2398 2469//2397
f 2176//2104 2471//2399 2470//2398
f 2471//2399 2469//2397 2470//2398
f 2092//2020 2350//2278 2473//2401
f 2144//2072 2472//2400 2350//2278
f 2177//2105 2473//2401 2472//2400
f 2473//2401 2350//2278 2472//2400
f 2144//2072 2468//2396 2472//2400
f 2176//2104 2470//2398 2468//2396
f 2177//2105 2472//2400 2470//2398
f 2472//2400 2468//2396 2470//2398
f 2081//2009 2474//2402 2476//2404
f 2178//2106 2475//2403 2474//2402
f 2180//2108 2476//2404 2475//2403
f 2476//2404 2474//2402 2475//2403
f 2102//2030 2477//2405 2479//2407
f 2179//2107 2478//2406 2477//2405
f 2178//2106 2479//2407 2478//2406
f 2479//2407 2477//2405 2478//2406
f 2101//2029 2480//2408 2482//2410
f 2180//2108 2481//2409 2480//2408
f 2179//2107 2482//2410 2481//2409
f 2482//2410 2480//2408 2481//2409
f 2180//2108 2475//2403 2481//2409
f 2178//2106 2478//2406 2475//2403
f 2179//2107 2481//2409 2478//2406
f 2481//2409 2475//2403 2478//2406
f 2072//2000 2354//2282 2484//2412
f 2147//2075 2483//2411 2354//2282
f 2182//2110 2484//2412 2483//2411
f 2484//2412 2354//2282 2483//2411
f 2092//2020 2485//2413 2357//2285
f 2181//2109 2486//2414 2485//2413
f 2147//2075 2357//2285 2486//2414
f 2357//2285 2485//2413 2486//2414
f 2102//2030 2487//2415 2489//2417
f 2182//2110 2488//2416 2487//2415
f 2181//2109 2489//2417 2488//2416
f 2489//2417 2487//2415 2488//2416
f 2182//2110 2483//2411 2488//2416
f 2147//2075 2486//2414 2483//2411
f 2181//2109 2488//2416 2486//2414
f 2488//2416 2483//2411 2486//2414
f 2092//2020 2473//2401 2485//2413
f 2177//2105 2490//2418 2473//2401
f 2181//2109 2485//2413 2490//2418
f 2485//2413 2473//2401 2490//2418
f 2101//2029 2482//2410 2469//2397
f 2179//2107 2491//2419 2482//2410
f 2177//2105 2469//2397 2491//2419
f 2469//2397 2482//2410 2491//2419
f 2102//2030 2489//2417 2477//2405
f 2181//2109 2492//2420 2489//2417
f 2179//2107 2477//2405 2492//2420
f 2477//2405 2489//2417 2492//2420
f 2181//2109 2490//2418 2492//2420
f 2177//2105 2491//2419 2490//2418
f 2179//2107 2492//2420 2491//2419
f 2492//2420 2490//2418 2491//2419
f 2077//2005 2372//2300 2494//2422
f 2152//2080 2493//2421 2372//2300
f 2184//2112 2494//2422 2493//2421
f 2494//2422 2372//2300 2493//2421
f 2093//2021 2495//2423 2376//2304
f 2183//2111 2496//2424 2495//2423
f 2152//2080 2376//2304 2496//2424
f 2376//2304 2495//2423 2496//2424
f 2103//2031 2497//2425 2499//2427
f 2184//2112 2498//2426 2497//2425
f 2183//2111 2499//2427 2498//2426
f 2499//2427 2497//2425 2498//2426
f 2184//2112 2493//2421 2498//2426
f 2152//2080 2496//2424 2493//2421
f 2183//2111 2498//2426 2496//2424
f 2498//2426 2493//2421 2496//2424
f 2072//2000 2484//2412 2363//2291
f 2182//2110 2500//2428 2484//2412
f 2148//2076 2363//2291 2500//2428
f 2363//2291 2484//2412 2500//2428
f 2102//2030 2501//2429 2487//2415
f 2185//2113 2502//2430 2501//2429
f 2182//2110 2487//2415 2502//2430
f 2487//2415 2501//2429 2502//2430
f 2093//2021 2367//2295 2504//2432
f 2148//2076 2503//2431 2367//2295
f 2185//2113 2504//2432 2503//2431
f 2504//2432 2367//2295 2503//2431
f 2148//2076 2500//2428 2503//2431
f 2182//2110 2502//2430 2500//2428
f 2185//2113 2503//2431 2502//2430
f 2503//2431 2500//2428 2502//2430
f 2081//2009 2505//2433 2474//2402
f 2186//2114 2506//2434 2505//2433
f 2178//2106 2474//2402 2506//2434
f 2474//2402 2505//2433 2506//2434
f 2103//2031 2507//2435 2509//2437
f 2187//2115 2508//2436 2507//2435
f 2186//2114 2509//2437 2508//2436
f 2509//2437 2507//2435 2508//2436
f 2102//2030 2479//2407 2511//2439
f 2178//2106 2510//2438 2479//2407
f 2187//2115 2511//2439 2510//2438
f 2511//2439 2479//2407 2510//2438
f 2178//2106 2506//2434 2510//2438
f 2186//2114 2508//2436 2506//2434
f 2187//2115 2510//2438 2508//2436
f 2510//2438 2506//2434 2508//2436
f 2103//2031 2499//2427 2507//2435
f 2183//2111 2512//2440 2499//2427
f 2187//2115 2507//2435 2512//2440
f 2507//2435 2499//2427 2512//2440
f 2093//2021 2504//2432 2495//2423
f 2185//2113 2513//2441 2504//2432
f 2183//2111 2495//2423 2513//2441
f 2495//2423 2504//2432 2513//2441
f 2102//2030 2511//2439 2501//2429
f 2187//2115 2514//2442 2511//2439
f 2185//2113 2501//2429 2514//2442
f 2501//2429 2511//2439 2514//2442
f 2187//2115 2512//2440 2514//2442
f 2183//2111 2513//2441 2512//2440
f 2185//2113 2514//2442 2513//2441
f 2514//2442 2512//2440 2513//2441
f 2078//2006 2398//2326 2516//2444
f 2159//2087 2515//2443 2398//2326
f 2189//2117 2516//2444 2515//2443
f 2516//2444 2398//2326 2515//2443
f 2095//2023 2517//2445 2402//2330
f 2188//2116 2518//2446 2517//2445
f 2159//2087 2402//2330 2518//2446
f 2402//2330 2517//2445 2518//2446
f 2104//2032 2519//2447 2521//2449
f 2189//2117 2520//2448 2519//2447
f 2188//2116 2521//2449 2520//2448
f 2521//2449 2519//2447 2520//2448
f 2189//2117 2515//2443 2520//2448
f 2159//2087 2518//2446 2515//2443
f 2188//2116 2520//2448 2518//2446
f 2520//2448 2515//2443 2518//2446
f 2073//2001 2380//2308 2389//2317
f 2154//2082 2522//2450 2380//2308
f 2155//2083 2389//2317 2522//2450
f 2389//2317 2380//2308 2522//2450
f 2094//2022 2523//2451 2383//2311
f 2190//2118 2524//2452 2523//2451
f 2154//2082 2383//2311 2524//2452
f 2383//2311 2523//2451 2524//2452
f 2095//2023 2393//2321 2526//2454
f 2155//2083 2525//2453 2393//2321
f 2190//2118 2526//2454 2525//2453
f 2526//2454 2393//2321 2525//2453
f 2155//2083 2522//2450 2525//2453
f 2154//2082 2524//2452 2522//2450
f 2190//2118 2525//2453 2524//2452
f 2525//2453 2522//2450 2524//2452
f 2077//2005 2527//2455 2370//2298
f 2191//2119 2528//2456 2527//2455
f 2150//2078 2370//2298 2528//2456
f 2370//2298 2527//2455 2528//2456
f 2104//2032 2529//2457 2531//2459
f 2192//2120 2530//2458 2529//2457
f 2191//2119 2531//2459 2530//2458
f 2531//2459 2529//2457 2530//2458
f 2094//2022 2375//2303 2533//2461
f 2150//2078 2532//2460 2375//2303
f 2192//2120 2533//2461 2532//2460
f 2533//2461 2375//2303 2532//2460
f 2150//2078 2528//2456 2532//2460
f 2191//2119 2530//2458 2528//2456
f 2192//2120 2532//2460 2530//2458
f 2532//2460 2528//2456 2530//2458
f 2104//2032 2521//2449 2529//2457
f 2188//2116 2534//2462 2521//2449
f 2192//2120 2529//2457 2534//2462
f 2529//2457 2521//2449 2534//2462
f 2095//2023 2526//2454 2517//2445
f 2190//2118 2535//2463 2526//2454
f 2188//2116 2517//2445 2535//2463
f 2517//2445 2526//2454 2535//2463
f 2094//2022 2533//2461 2523//2451
f 2192//2120 2536//2464 2533//2461
f 2190//2118 2523//2451 2536//2464
f 2523//2451 2533//2461 2536//2464
f 2192//2120 2534//2462 2536//2464
f 2188//2116 2535//2463 2534//2462
f 2190//2118 2536//2464 2535//2463
f 2536//2464 2534//2462 2535//2463
f 2079//2007 2424//2352 2538//2466
f 2166//2094 2537//2465 2424//2352
f 2194//2122 2538//2466 2537//2465
f 2538//2466 2424//2352 2537//2465
f 2097//2025 2539//2467 2428//2356
f 2193//2121 2540//2468 2539//2467
f 2166//2094 2428//2356 2540//2468
f 2428//2356 2539//2467 2540//2468
f 2105//2033 2541//2469 2543//2471
f 2194//2122 2542//2470 2541//2469
f 2193//2121 2543//2471 2542//2470
f 2543//2471 2541//2469 2542//2470
f 2194//2122 2537//2465 2542//2470
f 2166//2094 2540//2468 2537//2465
f 2193//2121 2542//2470 2540//2468
f 2542//2470 2537//2465 2540//2468
f 2074//2002 2406//2334 2415//2343
f 2161//2089 2544//2472 2406//2334
f 2162//2090 2415//2343 2544//2472
f 2415//2343 2406//2334 2544//2472
f 2096//2024 2545//2473 2409//2337
f 2195//2123 2546//2474 2545//2473
f 2161//2089 2409//2337 2546//2474
f 2409//2337 2545//2473 2546//2474
f 2097//2025 2419//2347 2548//2476
f 2162//2090 2547//2475 2419//2347
f 2195//2123 2548//2476 2547//2475
f 2548//2476 2419//2347 2547//2475
f 2162//2090 2544//2472 2547//2475
f 2161//2089 2546//2474 2544//2472
f 2195//2123 2547//2475 2546//2474
f 2547//2475 2544//2472 2546//2474
f 2078//2006 2549//2477 2396//2324
f 2196//2124 2550//2478 2549//2477
f 2157//2085 2396//2324 2550//2478
f 2396//2324 2549//2477 2550//2478
f 2105//2033 2551//2479 2553//2481
f 2197//2125 2552//2480 2551//2479
f 2196//2124 2553//2481 2552//2480
f 2553//2481 2551//2479 2552//2480
f 2096//2024 2401//2329 2555//2483
f 2157//2085 2554//2482 2401//2329
f 2197//2125 2555//2483 2554//2482
f 2555//2483 2401//2329 2554//2482
f 2157//2085 2550//2478 2554//2482
f 2196//2124 2552//2480 2550//2478
f 2197//2125 2554//2482 2552//2480
f 2554//2482 2550//2478 2552//2480
f 2105//2033 2543//2471 2551//2479
f 2193//2121 2556//2484 2543//2471
f 2197//2125 2551//2479 2556//2484
f 2551//2479 2543//2471 2556//2484
f 2097//2025 2548//2476 2539//2467
f 2195//2123 2557//2485 2548//2476
f 2193//2121 2539//2467 2557//2485
f 2539//2467 2548//2476 2557//2485
f 2096//2024 2555//2483 2545//2473
f 2197//2125 2558//2486 2555//2483
f 2195//2123 2545//2473 2558//2486
f 2545//2473 2555//2483 2558//2486
f 2197//2125 2556//2484 2558//2486
f 2193//2121 2557//2485 2556//2484
f 2195//2123 2558//2486 2557//2485
f 2558//2486 2556//2484 2557//2485
f 2080//2008 2450//2378 2560//2488
f 2173//2101 2559//2487 2450//2378
f 2199//2127 2560//2488 2559//2487
f 2560//2488 2450//2378 2559//2487
f 2099//2027 2561//2489 2454//2382
f 2198//2126 2562//2490 2561//2489
f 2173//2101 2454//2382 2562//2490
f 2454//2382 2561//2489 2562//2490
f 2106//2034 2563//2491 2565//2493
f 2199//2127 2564//2492 2563//2491
f 2198//2126 2565//2493 2564//2492
f 2565//2493 2563//2491 2564//2492
f 2199//2127 2559//2487 2564//2492
f 2173//2101 2562//2490 2559//2487
f 2198//2126 2564//2492 2562//2490
f 2564//2492 2559//2487 2562//2490
f 2075//2003 2432//2360 2441//2369
f 2168//2096 2566//2494 2432//2360
f 2169//2097 2441//2369 2566//2494
f 2441//2369 2432//2360 2566//2494
f 2098//2026 2567//2495 2435//2363
f 2200//2128 2568//2496 2567//2495
f 2168//2096 2435//2363 2568//2496
f 2435//2363 2567//2495 2568//2496
f 2099//2027 2445//2373 2570//2498
f 2169//2097 2569//2497 2445//2373
f 2200//2128 2570//2498 2569//2497
f 2570//2498 2445//2373 2569//2497
f 2169//2097 2566//2494 2569//2497
f 2168//2096 2568//2496 2566//2494
f 2200//2128 2569//2497 2568//2496
f 2569//2497 2566//2494 2568//2496
f 2079//2007 2571//2499 2422//2350
f 2201//2129 2572//2500 2571//2499
f 2164//2092 2422//2350 2572//2500
f 2422//2350 2571//2499 2572//2500
f 2106//2034 2573//2501 2575//2503
f 2202//2130 2574//2502 2573//2501
f 2201//2129 2575//2503 2574//2502
f 2575//2503 2573//2501 2574//2502
f 2098//2026 2427//2355 2577//2505
f 2164//2092 2576//2504 2427//2355
f 2202//2130 2577//2505 2576//2504
f 2577//2505 2427//2355 2576//2504
f 2164//2092 2572//2500 2576//2504
f 2201//2129 2574//2502 2572//2500
f 2202//2130 2576//2504 2574//2502
f 2576//2504 2572//2500 2574//2502
f 2106//2034 2565//2493 2573//2501
f 2198//2126 2578//2506 2565//2493
f 2202//2130 2573//2501 2578//2506
f 2573//2501 2565//2493 2578//2506
f 2099//2027 2570//2498 2561//2489
f 2200//2128 2579//2507 2570//2498
f 2198//2126 2561//2489 2579//2507
f 2561//2489 2570//2498 2579//2507
f 2098//2026 2577//2505 2567//2495
f 2202//2130 2580//2508 2577//2505
f 2200//2128 2567//2495 2580//2508
f 2567//2495 2577//2505 2580//2508
f 2202//2130 2578//2506 2580//2508
f 2198//2126 2579//2507 2578//2506
f 2200//2128 2580//2508 2579//2507
f 2580//2508 2578//2506 2579//2507
f 2081//2009 2476//2404 2582//2510
f 2180//2108 2581//2509 2476//2404
f 2204//2132 2582//2510 2581//2509
f 2582//2510 2476//2404 2581//2509
f 2101//2029 2583//2511 2480//2408
f 2203//2131 2584//2512 2583//2511
f 2180//2108 2480//2408 2584//2512
f 2480//2408 2583//2511 2584//2512
f 2107//2035 2585//2513 2587//2515
f 2204//2132 2586//2514 2585//2513
f 2203//2131 2587//2515 2586//2514
f 2587//2515 2585//2513 2586//2514
f 2204//2132 2581//2509 2586//2514
f 2180//2108 2584//2512 2581//2509
f 2203//2131 2586//2514 2584//2512
f 2586//2514 2581//2509 2584//2512
f 2076//2004 2458//2386 2467//2395
f 2175//2103 2588//2516 2458//2386
f 2176//2104 2467//2395 2588//2516
f 2467//2395 2458//2386 2588//2516
f 2100//2028 2589//2517 2461//2389
f 2205//2133 2590//2518 2589//2517
f 2175//2103 2461//2389 2590//2518
f 2461//2389 2589//2517 2590//2518
f 2101//2029 2471//2399 2592//2520
f 2176//2104 2591//2519 2471//2399
f 2205//2133 2592//2520 2591//2519
f 2592//2520 2471//2399 2591//2519
f 2176//2104 2588//2516 2591//2519
f 2175//2103 2590//2518 2588//2516
f 2205//2133 2591//2519 2590//2518
f 2591//2519 2588//2516 2590//2518
f 2080//2008 2593//2521 2448//2376
f 2206//2134 2594//2522 2593//2521
f 2171//2099 2448//2376 2594//2522
f 2448//2376 2593//2521 2594//2522
f 2107//2035 2595//2523 2597//2525
f 2207//2135 2596//2524 2595//2523
f 2206//2134 2597//2525 2596//2524
f 2597//2525 2595//2523 2596//2524
f 2100//2028 2453//2381 2599//2527
f 2171//2099 2598//2526 2453//2381
f 2207//2135 2599//2527 2598//2526
f 2599//2527 2453//2381 2598//2526
f 2171//2099 2594//2522 2598//2526
f 2206//2134 2596//2524 2594//2522
f 2207//2135 2598//2526 2596//2524
f 2598//2526 2594//2522 2596//2524
f 2107//2035 2587//2515 2595//2523
f 2203//2131 2600//2528 2587//2515
f 2207//2135 2595//2523 2600//2528
f 2595//2523 2587//2515 2600//2528
f 2101//2029 2592//2520 2583//2511
f 2205//2133 2601//2529 2592//2520
f 2203//2131 2583//2511 2601//2529
f 2583//2511 2592//2520 2601//2529
f 2100//2028 2599//2527 2589//2517
f 2207//2135 2602//2530 2599//2527
f 2205//2133 2589//2517 2602//2530
f 2589//2517 2599//2527 2602//2530
f 2207//2135 2600//2528 2602//2530
f 2203//2131 2601//2529 2600//2528
f 2205//2133 2602//2530 2601//2529
f 2602//2530 2600//2528 2601//2529
f 2082//2010 2603//2531 2605//2533
f 2208//2136 2604//2532 2603//2531
f 2210//2138 2605//2533 2604//2532
f 2605//2533 2603//2531 2604//2532
f 2108//2036 2606//2534 2608//2536
f 2209//2137 2607//2535 2606//2534
f 2208//2136 2608//2536 2607//2535
f 2608//2536 2606//2534 2607//2535
f 2109//2037 2609//2537 2611//2539
f 2210//2138 2610//2538 2609//2537
f 2209//2137 2611//2539 2610//2538
f 2611//2539 2609//2537 2610//2538
f 2210//2138 2604//2532 2610//2538
f 2208//2136 2607//2535 2604//2532
f 2209//2137 2610//2538 2607//2535
f 2610//2538 2604//2532 2607//2535
f 2077//2005 2494//2422 2613//2541
f 2184//2112 2612//2540 2494//2422
f 2212//2140 2613//2541 2612//2540
f 2613//2541 2494//2422 2612//2540
f 2103//2031 2614//2542 2497//2425
f 2211//2139 2615//2543 2614//2542
f 2184//2112 2497//2425 2615//2543
f 2497//2425 2614//2542 2615//2543
f 2108//2036 2616//2544 2618//2546
f 2212//2140 2617//2545 2616//2544
f 2211//2139 2618//2546 2617//2545
f 2618//2546 2616//2544 2617//2545
f 2212//2140 2612//2540 2617//2545
f 2184//2112 2615//2543 2612//2540
f 2211//2139 2617//2545 2615//2543
f 2617//2545 2612//2540 2615//2543
f 2081//2009 2619//2547 2505//2433
f 2213//2141 2620//2548 2619//2547
f 2186//2114 2505//2433 2620//2548
f 2505//2433 2619//2547 2620//2548
f 2109//2037 2621//2549 2623//2551
f 2214//2142 2622//2550 2621//2549
f 2213//2141 2623//2551 2622//2550
f 2623//2551 2621//2549 2622//2550
f 2103//2031 2509//2437 2625//2553
f 2186//2114 2624//2552 2509//2437
f 2214//2142 2625//2553 2624//2552
f 2625//2553 2509//2437 2624//2552
f 2186//2114 2620//2548 2624//2552
f 2213//2141 2622//2550 2620//2548
f 2214//2142 2624//2552 2622//2550
f 2624//2552 2620//2548 2622//2550
f 2109//2037 2611//2539 2621//2549
f 2209//2137 2626//2554 2611//2539
f 2214//2142 2621//2549 2626//2554
f 2621//2549 2611//2539 2626//2554
f 2108//2036 2618//2546 2606//2534
f 2211//2139 2627//2555 2618//2546
f 2209//2137 2606//2534 2627//2555
f 2606//2534 2618//2546 2627//2555
f 2103//2031 2625//2553 2614//2542
f 2214//2142 2628//2556 2625//2553
f 2211//2139 2614//2542 2628//2556
f 2614//2542 2625//2553 2628//2556
f 2214//2142 2626//2554 2628//2556
f 2209//2137 2627//2555 2626//2554
f 2211//2139 2628//2556 2627//2555
f 2628//2556 2626//2554 2627//2555
f 2082//2010 2629//2557 2603//2531
f 2215//2143 2630//2558 2629//2557
f 2208//2136 2603//2531 2630//2558
f 2603//2531 2629//2557 2630//2558
f 2110//2038 2631//2559 2633//2561
f 2216//2144 2632//2560 2631//2559
f 2215//2143 2633//2561 2632//2560
f 2633//2561 2631//2559 2632//2560
f 2108//2036 2608//2536 2635//2563
f 2208//2136 2634//2562 2608//2536
f 2216//2144 2635//2563 2634//2562
f 2635//2563 2608//2536 2634//2562
f 2208//2136 2630//2558 2634//2562
f 2215//2143 2632//2560 2630//2558
f 2216//2144 2634//2562 2632//2560
f 2634//2562 2630//2558 2632//2560
f 2078//2006 2516//2444 2637//2565
f 2189//2117 2636//2564 2516//2444
f 2218//2146 2637//2565 2636//2564
f 2637//2565 2516//2444 2636//2564
f 2104//2032 2638//2566 2519//2447
f 2217//2145 2639//2567 2638//2566
f 2189//2117 2519//2447 2639//2567
f 2519//2447 2638//2566 2639//2567
f 2110//2038 2640//2568 2642//2570
f 2218//2146 2641//2569 2640//2568
f 2217//2145 2642//2570 2641//2569
f 2642//2570 2640//2568 2641//2569
f 2218//2146 2636//2564 2641//2569
f 2189//2117 2639//2567 2636//2564
f 2217//2145 2641//2569 2639//2567
f 2641//2569 2636//2564 2639//2567
f 2077//2005 2613//2541 2527//2455
f 2212//2140 2643//2571 2613//2541
f 2191//2119 2527//2455 2643//2571
f 2527//2455 2613//2541 2643//2571
f 2108//2036 2644//2572 2616//2544
f 2219//2147 2645//2573 2644//2572
f 2212//2140 2616//2544 2645//2573
f 2616//2544 2644//2572 2645//2573
f 2104//2032 2531//2459 2647//2575
f 2191//2119 2646//2574 2531//2459
f 2219//2147 2647//2575 2646//2574
f 2647//2575 2531//2459 2646//2574
f 2191//2119 2643//2571 2646//2574
f 2212//2140 2645//2573 2643//2571
f 2219//2147 2646//2574 2645//2573
f 2646//2574 2643//2571 2645//2573
f 2108//2036 2635//2563 2644//2572
f 2216//2144 2648//2576 2635//2563
f 2219//2147 2644//2572 2648//2576
f 2644//2572 2635//2563 2648//2576
f 2110//2038 2642//2570 2631//2559
f 2217//2145 2649//2577 2642//2570
f 2216//2144 2631//2559 2649//2577
f 2631//2559 2642//2570 2649//2577
f 2104//2032 2647//2575 2638//2566
f 2219//2147 2650//2578 2647//2575
f 2217//2145 2638//2566 2650//2578
f 2638//2566 2647//2575 2650//2578
f 2219//2147 2648//2576 2650//2578
f 2216//2144 2649//2577 2648//2576
f 2217//2145 2650//2578 2649//2577
f 2650//2578 2648//2576 2649//2577
f 2082//2010 2651//2579 2629//2557
f 2220//2148 2652//2580 2651//2579
f 2215//2143 2629//2557 2652//2580
f 2629//2557 2651//2579 2652//2580
f 2111//2039 2653//2581 2655//2583
f 2221//2149 2654//2582 2653//2581
f 2220//2148 2655//2583 2654//2582
f 2655//2583 2653//2581 2654//2582
f 2110//2038 2633//2561 2657//2585
f 2215//2143 2656//2584 2633//2561
f 2221//2149 2657//2585 2656//2584
f 2657//2585 2633//2561 2656//2584
f 2215//2143 2652//2580 2656//2584
f 2220//2148 2654//2582 2652//2580
f 2221//2149 2656//2584 2654//2582
f 2656//2584 2652//2580 2654//2582
f 2079//2007 2538//2466 2659//2587
f 2194//2122 2658//2586 2538//2466
f 2223//2151 2659//2587 2658//2586
f 2659//2587 2538//2466 2658//2586
f 2105//2033 2660//2588 2541//2469
f 2222//2150 2661//2589 2660//2588
f 2194//2122 2541//2469 2661//2589
f 2541//2469 2660//2588 2661//2589
f 2111//2039 2662//2590 2664//2592
f 2223//2151 2663//2591 2662//2590
f 2222//2150 2664//2592 2663//2591
f 2664//2592 2662//2590 2663//2591
f 2223//2151 2658//2586 2663//2591
f 2194//2122 2661//2589 2658//2586
f 2222//2150 2663//2591 2661//2589
f 2663//2591 2658//2586 2661//2589
f 2078//2006 2637//2565 2549//2477
f 2218//2146 2665//2593 2637//2565
f 2196//2124 2549//2477 2665//2593
f 2549//2477 2637//2565 2665//2593
f 2110//2038 2666//2594 2640//2568
f 2224//2152 2667//2595 2666//2594
f 2218//2146 2640//2568 2667//2595
f 2640//2568 2666//2594 2667//2595
f 2105//2033 2553//2481 2669//2597
f 2196//2124 2668//2596 2553//2481
f 2224//2152 2669//2597 2668//2596
f 2669//2597 2553//2481 2668//2596
f 2196//2124 2665//2593 2668//2596
f 2218//2146 2667//2595 2665//2593
f 2224//2152 2668//2596 2667//2595
f 2668//2596 2665//2593 2667//2595
f 2110//2038 2657//2585 2666//2594
f 2221//2149 2670//2598 2657//2585
f 2224//2152 2666//2594 2670//2598
f 2666//2594 2657//2585 2670//2598
f 2111//2039 2664//2592 2653//2581
f 2222//2150 2671//2599 2664//2592
f 2221//2149 2653//2581 2671//2599
f 2653//2581 2664//2592 2671//2599
f 2105//2033 2669//2597 2660//2588
f 2224//2152 2672//2600 2669//2597
f 2222//2150 2660//2588 2672//2600
f 2660//2588 2669//2597 2672//2600
f 2224//2152 2670//2598 2672//2600
f 2221//2149 2671//2599 2670//2598
f 2222//2150 2672//2600 2671//2599
f 2672//2600 2670//2598 2671//2599
f 2082//2010 2673//2601 2651//2579
f 2225//2153 2674//2602 2673//2601
f 2220//2148 2651//2579 2674//2602
f 2651//2579 2673//2601 2674//2602
f 2112//2040 2675//2603 2677//2605
f 2226//2154 2676//2604 2675//2603
f 2225//2153 2677//2605 2676//2604
f 2677//2605 2675//2603 2676//2604
f 2111//2039 2655//2583 2679//2607
f 2220//2148 2678//2606 2655//2583
f 2226//2154 2679//2607 2678//2606
f 2679//2607 2655//2583 2678//2606
f 2220//2148 2674//2602 2678//2606
f 2225//2153 2676//2604 2674//2602
f 2226//2154 2678//2606 2676//2604
f 2678//2606 2674//2602 2676//2604
f 2080//2008 2560//2488 2681//2609
f 2199//2127 2680//2608 2560//2488
f 2228//2156 2681//2609 2680//2608
f 2681//2609 2560//2488 2680//2608
f 2106//2034 2682//2610 2563//2491
f 2227//2155 2683//2611 2682//2610
f 2199//2127 2563//2491 2683//2611
f 2563//2491 2682//2610 2683//2611
f 2112//2040 2684//2612 2686//2614
f 2228//2156 2685//2613 2684//2612
f 2227//2155 2686//2614 2685//2613
f 2686//2614 2684//2612 2685//2613
f 2228//2156 2680//2608 2685//2613
f 2199//2127 2683//2611 2680//2608
f 2227//2155 2685//2613 2683//2611
f 2685//2613 2680//2608 2683//2611
f 2079//2007 2659//2587 2571//2499
f 2223//2151 2687//2615 2659//2587
f 2201//2129 2571//2499 2687//2615
f 2571//2499 2659//2587 2687//2615
f 2111//2039 2688//2616 2662//2590
f 2229//2157 2689//2617 2688//2616
f 2223//2151 2662//2590 2689//2617
f 2662//2590 2688//2616 2689//2617
f 2106//2034 2575//2503 2691//2619
f 2201//2129 2690//2618 2575//2503
f 2229//2157 2691//2619 2690//2618
f 2691//2619 2575//2503 2690//2618
f 2201//2129 2687//2615 2690//2618
f 2223//2151 2689//2617 2687//2615
f 2229//2157 2690//2618 2689//2617
f 2690//2618 2687//2615 2689//2617
f 2111//2039 2679//2607 2688//2616
f 2226//2154 2692//2620 2679//2607
f 2229//2157 2688//2616 2692//2620
f 2688//2616 2679//2607 2692//2620
f 2112//2040 2686//2614 2675//2603
f 2227//2155 2693//2621 2686//2614
f 2226//2154 2675//2603 2693//2621
f 2675//2603 2686//2614 2693//2621
f 2106//2034 2691//2619 2682//2610
f 2229//2157 2694//2622 2691//2619
f 2227//2155 2682//2610 2694//2622
f 2682//2610 2691//2619 2694//2622
f 2229//2157 2692//2620 2694//2622
f 2226//2154 2693//2621 2692//2620
f 2227//2155 2694//2622 2693//2621
f 2694//2622 2692//2620 2693//2621
f 2082//2010 2605//2533 2673//2601
f 2210//2138 2695//2623 2605//2533
f 2225//2153 2673//2601 2695//2623
f 2673//2601 2605//2533 2695//2623
f 2109//2037 2696//2624 2609//2537
f 2230//2158 2697//2625 2696//2624
f 2210//2138 2609//2537 2697//2625
f 2609//2537 2696//2624 2697//2625
f 2112//2040 2677//2605 2699//2627
f 2225//2153 2698//2626 2677//2605
f 2230//2158 2699//2627 2698//2626
f 2699//2627 2677//2605 2698//2626
f 2225//2153 2695//2623 2698//2626
f 2210//2138 2697//2625 2695//2623
f 2230//2158 2698//2626 2697//2625
f 2698//2626 2695//2623 2697//2625
f 2081//2009 2582//2510 2619//2547
f 2204//2132 2700//2628 2582//2510
f 2213//2141 2619//2547 2700//2628
f 2619//2547 2582//2510 2700//2628
f 2107//2035 2701//2629 2585//2513
f 2231//2159 2702//2630 2701//2629
f 2204//2132 2585//2513 2702//2630
f 2585//2513 2701//2629 2702//2630
f 2109//2037 2623//2551 2704//2632
f 2213//2141 2703//2631 2623//2551
f 2231//2159 2704//2632 2703//2631
f 2704//2632 2623//2551 2703//2631
f 2213//2141 2700//2628 2703//2631
f 2204//2132 2702//2630 2700//2628
f 2231//2159 2703//2631 2702//2630
f 2703//2631 2700//2628 2702//2630
f 2080//2008 2681//2609 2593//2521
f 2228//2156 2705//2633 2681//2609
f 2206//2134 2593//2521 2705//2633
f 2593//2521 2681//2609 2705//2633
f 2112//2040 2706//2634 2684//2612
f 2232//2160 2707//2635 2706//2634
f 2228//2156 2684//2612 2707//2635
f 2684//2612 2706//2634 2707//2635
f 2107//2035 2597//2525 2709//2637
f 2206//2134 2708//2636 2597//2525
f 2232//2160 2709//2637 2708//2636
f 2709//2637 2597//2525 2708//2636
f 2206//2134 2705//2633 2708//2636
f 2228//2156 2707//2635 2705//2633
f 2232//2160 2708//2636 2707//2635
f 2708//2636 2705//2633 2707//2635
f 2112//2040 2699//2627 2706//2634
f 2230//2158 2710//2638 2699//2627
f 2232//2160 2706//2634 2710//2638
f 2706//2634 2699//2627 2710//2638
f 2109//2037 2704//2632 2696//2624
f 2231//2159 2711//2639 2704//2632
f 2230//2158 2696//2624 2711//2639
f 2696//2624 2704//2632 2711//2639
f 2107//2035 2709//2637 2701//2629
f 2232//2160 2712//2640 2709//2637
f 2231//2159 2701//2629 2712//2640
f 2701//2629 2709//2637 2712//2640
f 2232//2160 2710//2638 2712//2640
f 2230//2158 2711//2639 2710//2638
f 2231//2159 2712//2640 2711//2639
f 2712//2640 2710//2638 2711//2639

g Sphere2
usemtl kffffff
# Number of vertices: 642
v 0.6068 -0.2383 -0.5654
v 0.7423057194364873 -0.2383 -0.6491471402817564
v 0.6486735651709861 -0.10942640091985026 -0.6491471402817564
v 0.4971735639977541 -0.15865174496923695 -0.6491471402817564
v 0.4971735793555656 -0.31794827616897636 -0.6491471402817564
v 0.648673590020446 -0.3671735910060692 -0.6491471402817564
v 0.7164264283233407 -0.15865173440012995 -0.7846528597182436
v 0.5649264224042838 -0.10942640495688993 -0.7846528597182436
v 0.4712942805635134 -0.23830001306413445 -0.7846528597182436
v 0.5649264472537445 -0.3671736031171883 -0.7846528597182436
v 0.7164264436811502 -0.31794824446165526 -0.7846528597182436
v 0.6068 -0.2383 -0.8684
v 0.6864482634860487 -0.2383 -0.588026402534666
v 0.7110609286113728 -0.16254999828294459 -0.6372517357065433
v 0.6314126640684133 -0.16254999905083514 -0.588026402534666
v 0.5669758613212046 -0.11573392813044983 -0.6372517357065433
v 0.5423631976564952 -0.1914839303220877 -0.588026402534666
v 0.4779264030336721 -0.23830001242473017 -0.6372517357065433
v 0.5423632066835904 -0.2851160821026424 -0.588026402534666
v 0.5669758849544461 -0.36086607954845484 -0.6372517357065434
v 0.6314126786745594 -0.3140499962033394 -0.588026402534666
v 0.7110609379329653 -0.3140499931317776 -0.6372517397435826
v 0.750885061767361 -0.1914839239630684 -0.7169
v 0.6958494621773235 -0.1157339227766123 -0.7169
v 0.6067999926969269 -0.08680000000000021 -0.7169
v 0.5177505260060561 -0.11573393136188996 -0.7169
v 0.4627149337190921 -0.19148393785433926 -0.7169
v 0.46271494274618724 -0.28511608992820203 -0.7169
v 0.5177505496392979 -0.36086608580866425 -0.7169
v 0.6068000219092196 -0.3897999999999984 -0.7169
v 0.6958494858105636 -0.3608660600528313 -0.7169
v 0.7508850662809079 -0.28511606214566076 -0.7169
v 0.7356735994613554 -0.2382999875752696 -0.7965482602564173
v 0.6466241268621749 -0.11573392429099694 -0.7965482642934567
v 0.5025390640855544 -0.1625500083347626 -0.7965482642934567
v 0.5025390786917011 -0.3140500117688728 -0.7965482642934567
v 0.6466241504954157 -0.36086606803009613 -0.7965482642934567
v 0.6712367978299575 -0.19148392410972248 -0.845773597465334
v 0.6712368068570514 -0.28511606346554663 -0.845773597465334
v 0.5821873286285135 -0.16255000142374754 -0.845773597465334
v 0.5271517365139516 -0.23830000767890558 -0.845773597465334
v 0.58218734323466 -0.31405000332207655 -0.845773597465334
v 0.6481998791302698 -0.2383 -0.5711663387957364
v 0.6616132135473579 -0.1984758676463891 -0.5813942801838468
v 0.6195932646979143 -0.19892637468596466 -0.5711663387957365
v 0.7314268259635828 -0.19892637419509596 -0.6402832796237123
v 0.7034867841420464 -0.19847586733295608 -0.607273569657737
v 0.7186335604259512 -0.2383 -0.6146967477892453
v 0.6413584666113993 -0.13193996228369564 -0.6146967477892453
v 0.674552857238587 -0.15865173506961616 -0.607273569657737
v 0.6827583464679997 -0.13193996163676386 -0.6402832796237123
v 0.5858632114367884 -0.17386320320061255 -0.5813942801838468
v 0.573306792341688 -0.21396576418380608 -0.5711663387957365
v 0.6078652587457302 -0.10760572551719644 -0.6402832796237123
v 0.5988028545318326 -0.13403907043012736 -0.607273569657737
v 0.5163247440039963 -0.17256588944845708 -0.6146967477892453
v 0.5519867794964279 -0.14925053830348128 -0.607273569657737
v 0.5291180083110905 -0.13319226324372724 -0.6402832796237123
v 0.5390471410410886 -0.23830000653206718 -0.5813942801838468
v 0.573306797033826 -0.26263424227436766 -0.5711663387957364
v 0.4828315400699514 -0.1969001316263725 -0.6402832796237123
v 0.5051707087322655 -0.21368734214208118 -0.607273569657737
v 0.5163247566788763 -0.30403412799701807 -0.6146967477892453
v 0.5051707134780903 -0.2629126774541204 -0.607273569657737
v 0.48283154805269346 -0.27969989227727654 -0.6402832796237123
v 0.5858632238615187 -0.3027368008364265 -0.5813942801838468
v 0.6195932722899529 -0.277673622847232 -0.5711663387957365
v 0.5291180285780092 -0.34340775173494464 -0.6402832796237123
v 0.551986796666983 -0.327349472265625 -0.6072735696577372
v 0.641358487119785 -0.3446600310527245 -0.6146967477892453
v 0.5988028746354683 -0.3425609311118836 -0.6072735696577372
v 0.6078652839462543 -0.3689942742773975 -0.6402832796237123
v 0.6616132204583727 -0.2781241293006777 -0.5813942820821765
v 0.6827583633447316 -0.34466002846499777 -0.6402832826145978
v 0.6745528696368693 -0.3179482577087073 -0.6072735720734423
v 0.7034867887840098 -0.27812412804694586 -0.6072735720734423
v 0.7314268293570351 -0.2776736208837576 -0.6402832826145978
v 0.7521267660774277 -0.21396576086097155 -0.6816831593268052
v 0.7373632139166377 -0.1738631995333902 -0.6750264293690567
v 0.7100685145758205 -0.13319225513644414 -0.7521168406731947
v 0.7293660729307491 -0.1492505319143662 -0.7169
v 0.7386751291183828 -0.17256588060216627 -0.7521168406731947
v 0.7084292868927053 -0.13403906710423324 -0.6750264293690567
v 0.6748516721176305 -0.10760572294475429 -0.6816831593268052
v 0.6285651981331352 -0.09256633785146212 -0.6816831593268052
v 0.5858632074109646 -0.09421493901622172 -0.6750264293690567
v 0.5387483152821075 -0.10760572950563069 -0.7521168406731947
v 0.5599839170174331 -0.09421494048941295 -0.7169
v 0.5850347878166524 -0.09256633994985006 -0.7521168406731947
v 0.5390471321806304 -0.10942640695291209 -0.6750264293690567
v 0.5035314752907205 -0.1331922650925835 -0.6816831593268052
v 0.4749248645441777 -0.17256589331627503 -0.6816831593268052
v 0.46329713818371315 -0.21368734607664022 -0.6750264293690567
v 0.461473236268642 -0.26263425315001193 -0.7521168406731947
v 0.4553000000000007 -0.23830001460614636 -0.7169
v 0.46147323157650394 -0.21396577487195523 -0.7521168406731947
v 0.46329714292953794 -0.26291268159364056 -0.6750264293690567
v 0.47492487721905785 -0.30403413211194197 -0.6816831593268052
v 0.5035314955576394 -0.3434077548196943 -0.6816831593268052
v 0.5390471570300912 -0.3671736061112216 -0.6750264293690567
v 0.5850348159170775 -0.3840336642469245 -0.7521168406731947
v 0.5599839447999748 -0.38238506853768095 -0.7169
v 0.5387483404826322 -0.36899428361612097 -0.7521168406731947
v 0.5858632351935061 -0.38238506502081665 -0.6750264293690567
v 0.6285652262335598 -0.3840336579517607 -0.6816831593268052
v 0.6748516973181539 -0.3689942639334917 -0.6816831593268052
v 0.7084293030662504 -0.3425609181734615 -0.6750264319660362
v 0.7386751384977717 -0.3040341007168281 -0.7521168404196549
v 0.7293660858086642 -0.3273494503607022 -0.7169
v 0.7100685348427375 -0.3434077249512762 -0.7521168406731947
v 0.7373632206249814 -0.30273678837103635 -0.6750264316727281
v 0.7521267673772319 -0.26263423174337885 -0.6816831595803451
v 0.7503028591286702 -0.21368732598838502 -0.7587735680339638
v 0.7307684557914613 -0.19690011369863547 -0.7935167173854022
v 0.7582999999999998 -0.23829999269692684 -0.7169
v 0.7307684637742022 -0.27969986239771477 -0.7935167173854022
v 0.7503028625067639 -0.2629126538168093 -0.7587735683272718
v 0.6277367786977648 -0.09421493699770186 -0.7587735706309433
v 0.6057347286540078 -0.10760572561989887 -0.7935167203762876
v 0.6536160690912962 -0.09421493597586539 -0.7169
v 0.6844819815554506 -0.1331922557543908 -0.7935167203762876
v 0.6745528553946395 -0.10942640042084467 -0.7587735706309433
v 0.47623677987099755 -0.17386321212101696 -0.7587735706309433
v 0.4821731702403984 -0.1989263862103942 -0.7935167203762876
v 0.4842339184839739 -0.14925054373098712 -0.7169
v 0.5308416432778074 -0.13193996895992424 -0.7935167203762876
v 0.505170703055477 -0.1340390769023343 -0.7587735706309433
v 0.5051707231591133 -0.3425609426938669 -0.7587735706309433
v 0.5308416637861939 -0.34466004568639563 -0.7935167203762876
v 0.4842339356545292 -0.3273494799022539 -0.7169
v 0.48217317783243724 -0.27767363782020194 -0.7935167203762876
v 0.47623679229572813 -0.302736813054236 -0.7587735706309433
v 0.6745528802440991 -0.3671735865150193 -0.7587735706309433
v 0.684482001822368 -0.34340772926693536 -0.7935167203762876
v 0.653616096873837 -0.3823850549970381 -0.7169
v 0.6057347538545319 -0.3689942745855048 -0.7935167203762876
v 0.6277368064803058 -0.3823850589652571 -0.7587735706309433
v 0.6402932053122432 -0.21396576095471914 -0.8626336612042635
v 0.6745528627555709 -0.23829999346793249 -0.8524057179178234
v 0.6402932100043806 -0.2626342325871067 -0.8626336612042635
v 0.7084292899346243 -0.21368732587776473 -0.8265264279265576
v 0.6972752496585641 -0.1725658807257192 -0.8191032522107546
v 0.6972752623334425 -0.30403410182880447 -0.8191032522107546
v 0.7084292946804484 -0.2629126545260331 -0.8265264279265576
v 0.5940067315060663 -0.19892637591936616 -0.8626336612042634
v 0.6277367823508466 -0.17386320118209275 -0.8524057198161532
v 0.6147971354163496 -0.13403906965912138 -0.8265264303422629
v 0.5722415231344077 -0.13193996561548507 -0.8191032522107546
v 0.6616132119182948 -0.14925053301892774 -0.8265264303422629
v 0.5654001208697305 -0.2383000039913709 -0.8626336612042635
v 0.5519867826131896 -0.19847587293094254 -0.8524057198161532
v 0.5101132120185012 -0.19847587665454913 -0.8265264303422629
v 0.49496643957404934 -0.2383000107818967 -0.8191032522107546
v 0.5390471350825076 -0.1586517416016835 -0.8265264303422629
v 0.5940067390981051 -0.2776736265474365 -0.8626336612042634
v 0.5519867902920952 -0.278124137638164 -0.8524057198161532
v 0.539047150440319 -0.3179482714624505 -0.8265264303422629
v 0.5722415436427942 -0.3446600410480928 -0.8191032522107546
v 0.510113219697407 -0.2781241419886366 -0.8265264303422629
v 0.6277367947755764 -0.302736794780867 -0.8524057198161532
v 0.6616132290888489 -0.3273494564119644 -0.8265264303422629
v 0.6147971555199853 -0.34256092879886574 -0.8265264303422629
v 0.6276997646823366 -0.2383 -0.5668485093835354
v 0.6342530222886819 -0.2183542109762183 -0.5692492395297744
v 0.6132583816987466 -0.218423142360767 -0.5668485093835354
v 0.6748687781756179 -0.2181397273998344 -0.5830625805450301
v 0.6554042183377894 -0.21818193945169778 -0.5748255702121337
v 0.6679083353155307 -0.2383 -0.5782709216832029
v 0.6256835118692144 -0.18018251876998992 -0.5782709216832029
v 0.6409529405014781 -0.1982914627166257 -0.5748255702121337
v 0.6470079656129948 -0.1797926102539288 -0.5830625805450301
v 0.7381218565464058 -0.21842314210161082 -0.6440183801408581
v 0.7265854893791059 -0.2183542107382813 -0.6263138419793886
v 0.7316634743487439 -0.2383 -0.6311016155539012
v 0.7085262756481181 -0.1797926097388511 -0.6210829862310836
v 0.7186015721923704 -0.1982914623097543 -0.6228150630164297
v 0.7223486516510024 -0.18018251810134117 -0.6380132622084398
v 0.7034651387583246 -0.2383 -0.6002462347421488
v 0.7121387650175067 -0.21818193928160437 -0.6098894481019864
v 0.6960665431004486 -0.21813972725230232 -0.596163519656923
v 0.6453849309708917 -0.1195477775853818 -0.6311016155539012
v 0.662785320592037 -0.13054081545746715 -0.6263138419793886
v 0.6662846960538736 -0.11954777719096878 -0.6440183801408581
v 0.6535584345803815 -0.15963233758425271 -0.596163519656923
v 0.6584848776746064 -0.14433370177428761 -0.6098894481019864
v 0.6366711670945839 -0.14636598873336593 -0.6002462347421488
v 0.6977795033623049 -0.1463659879666183 -0.6380132622084398
v 0.6793989626593043 -0.14433370150106717 -0.6228150630164297
v 0.693878979675282 -0.15963233719552153 -0.6210829862310837
v 0.668908132294693 -0.17775953061481864 -0.5926837310595475
v 0.6835698747198333 -0.19793968699310815 -0.5926837310595475
v 0.6901268044043565 -0.1777595304226148 -0.6057975913352559
v 0.5963138765658638 -0.20602703689017496 -0.5692492395297744
v 0.5898917342460659 -0.22601542784744302 -0.5668485093835354
v 0.6086608478791483 -0.16733287804338462 -0.5830625805450301
v 0.6026861148626195 -0.1858578189857716 -0.5748255702121337
v 0.557362315461439 -0.20238142552242555 -0.5782709216832029
v 0.579303457202648 -0.1934553065051611 -0.5748255702121337
v 0.5635811082423152 -0.18198017623543217 -0.5830625805450301
v 0.6284766651246587 -0.10726320487824448 -0.6440183801408581
v 0.6248461744166358 -0.11821364122437067 -0.6263138419793886
v 0.5825913087622434 -0.12347278571278383 -0.6210829862310836
v 0.6032982007502475 -0.11960706830307018 -0.6228150630164297
v 0.5872334822363677 -0.11044741307579622 -0.6380132622084398
v 0.6202180517122109 -0.13190005793831 -0.6098894481019864
v 0.6152113165659124 -0.14717260528252876 -0.596163519656923
v 0.5057833216145058 -0.16490709901903972 -0.6311016155539011
v 0.5216153375111273 -0.15175537999550953 -0.6263138419793886
v 0.5122417030619494 -0.14503024087688987 -0.6440183801408581
v 0.5464317553010828 -0.16952044383439616 -0.596163519656923
v 0.5334042422985272 -0.16010758007383807 -0.6098894481019864
v 0.5285962555986087 -0.18148166305876243 -0.6002462347421488
v 0.5474797670328456 -0.12336418068622754 -0.6380132622084398
v 0.5398670489536946 -0.1402171029331285 -0.6228150630164297
v 0.5588914871093417 -0.13117332608069587 -0.6210829862310837
v 0.568415057460229 -0.16052362365903347 -0.5926837310595475
v 0.5921382539629158 -0.1528154883405349 -0.5926837310595475
v 0.5749719867791587 -0.14034346696975164 -0.6057975913352559
v 0.5728661977879864 -0.23830000327156492 -0.5692492395297744
v 0.5898917366147824 -0.2505845754128156 -0.5668485093835354
v 0.5398812889250898 -0.21460018435288705 -0.5830625805450301
v 0.5556532611232632 -0.2260070140841388 -0.5748255702121337
v 0.5573623223872743 -0.2742185840101686 -0.5782709216832029
v 0.5556532634936029 -0.2505929957779964 -0.5748255702121337
v 0.5398812934948993 -0.2619998285504061 -0.5830625805450301
v 0.48887505767332906 -0.177191674348262 -0.6440183801408581
v 0.4981676584535383 -0.18402834676188967 -0.6263138419793886
v 0.49011193211958254 -0.22584027742113058 -0.6210829862310837
v 0.49283419710637205 -0.20495228038368501 -0.6228150630164297
v 0.47915857676486184 -0.21740024700830266 -0.6380132622084398
v 0.5097540460191857 -0.19265928792803266 -0.6098894481019864
v 0.522731935810423 -0.20214045219056292 -0.596163519656923
v 0.5057833357661572 -0.31169292045903674 -0.6311016155539011
v 0.49816766891822295 -0.2925716741846424 -0.6263138419793886
v 0.4888750694562639 -0.29940834839007313 -0.6440183801408581
v 0.5227319427827236 -0.27445956401947535 -0.596163519656923
v 0.5097540548196485 -0.2839407307844075 -0.6098894481019864
v 0.5285962665543453 -0.2951183520205149 -0.6002462347421488
v 0.47915858079476326 -0.25919977760356905 -0.6380132622084398
v 0.4928342035364953 -0.27164774159124766 -0.6228150630164297
v 0.4901119345220736 -0.2507597450787108 -0.6210829862310836
v 0.5209686713751769 -0.2507720309898105 -0.5926837310595475
v 0.5209686689703162 -0.2258279855602221 -0.5926837310595475
v 0.5038024039654707 -0.23830000993001957 -0.6057975913352558
v 0.59631388278875 -0.2705729651317631 -0.5692492395297744
v 0.6132583855314103 -0.25817685639392485 -0.5668485093835354
v 0.5635811191019278 -0.29461983209805137 -0.5830625805450301
v 0.5793034658496209 -0.2831446987967329 -0.5748255702121337
v 0.6256835230754508 -0.2964174775888824 -0.5782709216832029
v 0.6026861249745427 -0.29074218180746847 -0.5748255702121337
v 0.6086608615630581 -0.3092671215978046 -0.5830625805450301
v 0.5122417210462648 -0.3315697773558784 -0.6440183801408581
v 0.5216153541986983 -0.32484463642983075 -0.6263138419793886
v 0.5588915077655522 -0.3454266831570415 -0.6210829862310837
v 0.5398670678660807 -0.33638290997290904 -0.6228150630164297
v 0.547479789194819 -0.3532358307519222 -0.6380132622084398
v 0.5334042573756234 -0.3164924340783609 -0.6098894481019865
v 0.5464317685631864 -0.3070795678058325 -0.596163519656923
v 0.6453849538687436 -0.35705221497465367 -0.6311016155539012
v 0.6248461975717369 -0.3583863552959563 -0.6263138419793886
v 0.6284766903912273 -0.36933679094204963 -0.6440183801408581
v 0.6152113341371342 -0.32942739309559604 -0.596163519656923
v 0.6202180722282915 -0.34469993947441374 -0.6098894481019865
v 0.6366711848213374 -0.33023400550686155 -0.6002462347421488
v 0.5872335068889568 -0.3661525906970255 -0.6380132622084398
v 0.6032982236366679 -0.356992932372146 -0.6228150630164297
v 0.5825913309032749 -0.35312721895514393 -0.6210829862310837
v 0.592138270446075 -0.32378451448654744 -0.5926837310595475
v 0.5684150724571028 -0.31607638374236563 -0.5926837310595475
v 0.5749720056671787 -0.3362565391673373 -0.6057975913352559
v 0.6342530260381621 -0.2582457877040618 -0.5692492400486455
v 0.6470079763683942 -0.2968073855983152 -0.5830625819630074
v 0.6409529478244292 -0.2783085344907444 -0.574825571186069
v 0.6554042218239299 -0.2584180590039269 -0.574825571186069
v 0.6748687814417812 -0.25846027098583524 -0.5830625819630074
v 0.6662847169484981 -0.3570522133970017 -0.6440183818588663
v 0.662785339484283 -0.34605917606374603 -0.6263138435692728
v 0.6938789906138055 -0.31696765475118416 -0.6210829895601555
v 0.6793989774355168 -0.3322662898339537 -0.6228150657641791
v 0.6977795163281069 -0.33023400243987144 -0.6380132659816021
v 0.6584848941417089 -0.3322662909268353 -0.6098894496462443
v 0.6535584482204113 -0.31696765630610874 -0.5961635209585642
v 0.7265854909992819 -0.25824578675231397 -0.6263138435692728
v 0.7381218578844928 -0.25817685535730034 -0.6440183818588663
v 0.6960665453921507 -0.25846027039570707 -0.5961635209585642
v 0.7121387670436502 -0.25841805832355347 -0.6098894496462443
v 0.7223486577399222 -0.29641747491428794 -0.6380132659816021
v 0.7186015762320496 -0.2783085328632591 -0.6228150657641791
v 0.708526282650589 -0.29680738353800484 -0.6210829895601555
v 0.6835698805039918 -0.2786603090818669 -0.5926837333590363
v 0.6689081420226141 -0.29884046412342596 -0.5926837333590363
v 0.6901268127334008 -0.29884046335461073 -0.6057975941912067
v 0.7485717391145956 -0.22601542616781925 -0.6649181451448225
v 0.7435523906845138 -0.20602703496693844 -0.6602476446205024
v 0.7458359005470054 -0.1819801711767825 -0.6957022350138824
v 0.7461720590381353 -0.1934553029469943 -0.6779560363381607
v 0.7529028202588643 -0.2023814206284278 -0.6991215982626658
v 0.7357150163803665 -0.18585781687433206 -0.6570419514128321
v 0.7256756275467214 -0.16733287581955728 -0.6553816900351548
v 0.7142750531381139 -0.14503023148535832 -0.7688818548551775
v 0.7259184573551198 -0.15175537135184242 -0.7525801116798838
v 0.7287164361798881 -0.164907089204675 -0.7688818548551775
v 0.7139266747677356 -0.1311733200682118 -0.7169
v 0.7208854461288776 -0.14021709559190781 -0.7346905830272086
v 0.7038872510614255 -0.12336417393605383 -0.7346784017373341
v 0.7461120746578628 -0.18148165537268773 -0.7346784017373341
v 0.7353367240237223 -0.16010757240754425 -0.7346905830272086
v 0.74178748741988 -0.1695204373373329 -0.7169
v 0.6797522218067555 -0.11821363956130135 -0.6602476446205024
v 0.6622931956481921 -0.10726320363132069 -0.6649181451448225
v 0.7110283315092166 -0.1471726031872189 -0.6553816900351548
v 0.6965124067788521 -0.13190005597143378 -0.6570419514128321
v 0.686108848422978 -0.11044740912485565 -0.6991215982626658
v 0.6925181715600713 -0.11960706525364068 -0.6779560363381607
v 0.7033277918679921 -0.12347278128996189 -0.6957022350138824
v 0.7244593365130084 -0.15281548474012155 -0.6744626558076233
v 0.7350686728783883 -0.1605236185411375 -0.6956813279118951
v 0.7204069303880477 -0.14034346207310733 -0.6956813279118951
v 0.6389265473693938 -0.09967092036683878 -0.6649181451448225
v 0.6183653936478468 -0.09826785262045915 -0.6602476446205024
v 0.596201110127773 -0.08866521696787968 -0.6957022350138824
v 0.6072184877841605 -0.09189152154919494 -0.6779560363381607
v 0.6177876496321009 -0.08824850888035754 -0.6991215982626658
v 0.5967614455481292 -0.09948900820232909 -0.6570419514128321
v 0.5760408380287175 -0.10331251356553961 -0.6553816900351548
v 0.5513067917185235 -0.10726320898143177 -0.7688818548551775
v 0.5613007892400738 -0.09826785565187246 -0.7525801116798838
v 0.5746734392653481 -0.09967092346416653 -0.7688818548551775
v 0.5380204308302472 -0.10331251589564616 -0.7169
v 0.5487719509370815 -0.09948901096273569 -0.7346905830272086
v 0.5274911392507275 -0.11044741677103875 -0.7346784017373341
v 0.5958123359014038 -0.08824850993967981 -0.7346784017373341
v 0.5721546086917622 -0.09189152341257331 -0.7346905830272086
v 0.5831001706119288 -0.08866521765653446 -0.7169
v 0.5151345565956003 -0.13180959143927615 -0.6602476446205024
v 0.4993249378697289 -0.14503024184705088 -0.6649181451448225
v 0.5523410162711797 -0.11101305396744998 -0.6553816900351548
v 0.5333302936408244 -0.12009904286837286 -0.6570419514128321
v 0.5097127378575882 -0.12336418329625633 -0.6991215982626658
v 0.5204046781517773 -0.12009904375578279 -0.6779560363381607
v 0.5274215486057625 -0.1110130556033102 -0.6957022350138824
v 0.5618581239150982 -0.09998315506827418 -0.6744626558076233
v 0.5724674597337147 -0.09227502051470313 -0.6956813279118951
v 0.5487442631255315 -0.0999831558674796 -0.6956813279118951
v 0.4848835567442868 -0.16490710095866418 -0.6649181451448225
v 0.47719541483476857 -0.1840283487066832 -0.6602476446205024
v 0.46121362604640415 -0.202140457986348 -0.6957022350138824
v 0.46768658060565504 -0.1926592918687886 -0.6779560363381607
v 0.4674879198642695 -0.18148166880379393 -0.6991215982626658
v 0.47168081650682137 -0.20495228236486113 -0.6570419514128321
v 0.4689141671458471 -0.22584027940980103 -0.6553816900351548
v 0.46502826206976333 -0.2505845875004234 -0.7688818548551775
v 0.4595614872714655 -0.23830001419529548 -0.7525801116798838
v 0.4650282597010468 -0.22601543983606198 -0.7688818548551775
v 0.45716521879898736 -0.26199983660123133 -0.7169
v 0.45685125150593797 -0.2505930053533103 -0.7346905830272086
v 0.46069718320405406 -0.2742185934573752 -0.7346784017373341
v 0.4606971762782187 -0.2023814347142311 -0.7346784017373341
v 0.4568512491355984 -0.22600702355986968 -0.7346905830272086
v 0.45716521422917783 -0.21460019225140956 -0.7169
v 0.47719542529945325 -0.2925716762837256 -0.6602476446205024
v 0.48488357089593825 -0.3116929225493135 -0.6649181451448225
v 0.46891416954833814 -0.2507597471774021 -0.6553816900351548
v 0.4716808229369446 -0.2716477436888752 -0.6570419514128321
v 0.4674879308200063 -0.29511835805841796 -0.6991215982626658
v 0.46768658940611785 -0.2839407349551177 -0.6779560363381607
v 0.46121363301870466 -0.27445957008567623 -0.6957022350138824
v 0.4613650598449686 -0.2383000140214127 -0.6744626558076233
v 0.4573126528353263 -0.22582799164184902 -0.6956813279118951
v 0.4573126552401868 -0.2507720371823629 -0.6956813279118951
v 0.49932495585404435 -0.33156977887633343 -0.6649181451448225
v 0.5151345771291266 -0.3447904262356907 -0.6602476446205024
v 0.5274215731492854 -0.36558695970247335 -0.6957022350138824
v 0.5204047009433362 -0.35650097290299676 -0.6779560363381607
v 0.5097127600195618 -0.35323583542414766 -0.6991215982626658
v 0.5333303164323833 -0.35650097129808417 -0.6570419514128321
v 0.5523410408147024 -0.3655869565333515 -0.6553816900351548
v 0.5746734659958647 -0.37692908273048764 -0.7688818548551775
v 0.5613008162411307 -0.37833215312130164 -0.7525801116798838
v 0.5513068169850929 -0.36933680171878924 -0.7688818548551775
v 0.5831001994645699 -0.3879347869132737 -0.7169
v 0.5721546369223058 -0.3847084832677627 -0.7346905830272086
v 0.5958123648343946 -0.38835149217896336 -0.7346784017373341
v 0.5274911639033172 -0.3661525985213263 -0.7346784017373341
v 0.5487719777026749 -0.3771110002262542 -0.7346905830272086
v 0.5380204568585911 -0.3732874973664564 -0.7169
v 0.6183654206489033 -0.3783321451494943 -0.6602476446205024
v 0.6389265740999097 -0.37692907343850446 -0.6649181451448225
v 0.5760408640570611 -0.3732874923654522 -0.6553816900351548
v 0.5967614723137222 -0.3771109937333066 -0.6570419514128321
v 0.6177876785650913 -0.3883514890009966 -0.6991215982626658
v 0.6072185160147039 -0.38470847837010935 -0.6779560363381607
v 0.5962011389804139 -0.3879347850757999 -0.6957022350138824
v 0.5618581505854103 -0.37661685359743446 -0.6744626558076233
v 0.5487442897958438 -0.3766168553268491 -0.6956813279118951
v 0.5724674878903123 -0.3843249861053088 -0.6956813279118951
v 0.6622932209147604 -0.3693367856684559 -0.6649181451448225
v 0.6797522429034843 -0.3583863484173586 -0.6602476463054201
v 0.7033278117528396 -0.3531272022476405 -0.6957022363871136
v 0.6925181921960822 -0.3569929203133129 -0.6779560377704957
v 0.6861088730755661 -0.36615257558277703 -0.6991215982626658
v 0.6965124234533899 -0.344699931565376 -0.6570419542500512
v 0.7110283441277707 -0.3294273847619982 -0.655381693563446
v 0.7287164484527123 -0.31169289056398564 -0.7688818546354395
v 0.7259184718939 -0.32484460874938964 -0.7525801114078587
v 0.7142750711224273 -0.33156974779125575 -0.7688818548551775
v 0.7417874957086938 -0.30707954639495205 -0.7169
v 0.7353367352400545 -0.31649240918447635 -0.7346905828953281
v 0.7461120814255116 -0.2951183280836767 -0.7346784015779627
v 0.7038872732233972 -0.3532358073435401 -0.7346784017373341
v 0.7208854626473107 -0.33638288520099663 -0.7346905829920551
v 0.7139266928419186 -0.3454266618576031 -0.7169
v 0.7435523928793764 -0.2705729587505499 -0.6602476463397151
v 0.7485717395205542 -0.25058457007697793 -0.6649181453645605
v 0.7256756355361689 -0.3092671136362434 -0.6553816933099385
v 0.735715021219761 -0.2907421744219922 -0.6570419542099648
v 0.7529028229357378 -0.27421856856197246 -0.6991215984220372
v 0.7461720626466727 -0.2831446870659767 -0.677956037752091
v 0.745835906081192 -0.2946198156084064 -0.6957022362024421
v 0.7244593476098036 -0.32378450130845127 -0.6744626584706253
v 0.7204069449414903 -0.3362565213401104 -0.6956813292592186
v 0.7350686823953196 -0.3160763661004396 -0.6956813291467399
v 0.7364045794698522 -0.1840283333468836 -0.7735523536945799
v 0.7247249360241247 -0.17719166013680226 -0.7897816181411337
v 0.7523863699059724 -0.20214044088469066 -0.7380977636128864
v 0.7459134144050046 -0.1926592754390511 -0.7558439622295042
v 0.7344414220409172 -0.21740022547291468 -0.7957867340183978
v 0.7419191800123005 -0.20495226316823634 -0.7767580457499488
v 0.7446858323757696 -0.2258402566952841 -0.778418306436554
v 0.7540385127944547 -0.23829999625353102 -0.6812198885921412
v 0.7564347851995963 -0.2619998113551706 -0.7169
v 0.7567487503038377 -0.2505929834687033 -0.6991094171046719
v 0.7567487493829401 -0.2260070054382576 -0.6991094170079448
v 0.7564347829146919 -0.2146001742185089 -0.7169
v 0.7247249478070579 -0.2994083171248616 -0.7897816181411337
v 0.7364045884804865 -0.2925716451708786 -0.7735523536602849
v 0.7446858343212726 -0.250759720523113 -0.7784183066900615
v 0.7419191855075002 -0.27164771449421676 -0.7767580457900352
v 0.7344414260708181 -0.2591997499152131 -0.7957867340183978
v 0.7459134208437159 -0.28394070491997936 -0.755843962247909
v 0.7523863741495265 -0.27445954192155997 -0.7380977637975579
v 0.7522349409320852 -0.2382999897666487 -0.7593373415293747
v 0.7562873455819009 -0.22582797037881858 -0.7381186707407814
v 0.7562873470390098 -0.2507720119651822 -0.7381186708532601
v 0.5952345928516248 -0.0982678537354818 -0.7735523553794975
v 0.5851233222420569 -0.10726320696809685 -0.7897816198591419
v 0.6173988754459067 -0.08866521594603921 -0.7380977649861176
v 0.6063814981005679 -0.09189152158954214 -0.7558439636618393
v 0.6263665054373379 -0.11044741118938478 -0.7957867377915602
v 0.6168385410690744 -0.0994890072345106 -0.7767580485871679
v 0.6375591489571109 -0.10331251060004307 -0.7784183099648452
v 0.652299197259398 -0.09826785126528481 -0.6812198883201162
v 0.6755795561555812 -0.10331250926459429 -0.7169
v 0.664828035680122 -0.0994890053682401 -0.6991094169727914
v 0.6414453771929662 -0.09189152007240467 -0.6991094169727914
v 0.6304998149617508 -0.08866521537162969 -0.7169
v 0.7013582879458934 -0.14503023176050533 -0.7897816198591419
v 0.6984654331376371 -0.13180958260179226 -0.7735523553794975
v 0.6612589714570593 -0.11101304871704867 -0.7784183099648452
v 0.6802696949633965 -0.12009903578514382 -0.7767580485871679
v 0.6661202218861679 -0.12336417496715213 -0.7957867377915602
v 0.6931953104524436 -0.12009903542639247 -0.7558439636618393
v 0.6861784391224764 -0.11101304795041783 -0.7380977649861176
v 0.651741862749746 -0.09998315073541927 -0.7593373441923766
v 0.6411325261879867 -0.09227501720469652 -0.7381186720881049
v 0.6648557235393127 -0.09998315027031462 -0.7381186720881049
v 0.4700476062040436 -0.20602704815126488 -0.7735523553794975
v 0.47547814153726287 -0.21842315476237825 -0.7897816198591419
v 0.4677640940231888 -0.18198018458126267 -0.7380977649861176
v 0.4674279366383788 -0.19345531638388358 -0.7558439636618393
v 0.4912513427458798 -0.18018252924141087 -0.7957867377915602
v 0.4778849785636724 -0.1858578293030557 -0.7767580485871679
v 0.48792436561132396 -0.16733288728038143 -0.7784183099648452
v 0.4876815343010951 -0.15175538283607792 -0.6812198883201162
v 0.4996733149041595 -0.1311733303963172 -0.7169
v 0.4927145444149298 -0.14021710659090972 -0.6991094169727914
v 0.47826326843773015 -0.16010758479979678 -0.6991094169727914
v 0.4718125059490688 -0.16952045035150484 -0.7169
v 0.5473152924972002 -0.11954778292590118 -0.7897816198591419
v 0.5338477666156939 -0.1182136465946407 -0.7735523553794975
v 0.5025716597051727 -0.14717261323589434 -0.7784183099648452
v 0.5170875829631078 -0.13190006462062598 -0.7767580485871679
v 0.5158204877743184 -0.14636599673797146 -0.7957867377915602
v 0.5210818169967186 -0.1196070735177479 -0.7558439636618393
v 0.5102721970614924 -0.12347279059622683 -0.7380977649861176
v 0.4891406552454123 -0.15281549608368292 -0.7593373441923766
v 0.4785313196231753 -0.16052363090754715 -0.7381186720881049
v 0.49319306016794273 -0.1403434730259755 -0.7381186720881049
v 0.5338477897707957 -0.35838636747203695 -0.7735523553794975
v 0.5473153153950531 -0.35705222854396257 -0.7897816198591419
v 0.5102722192025243 -0.35312722801630203 -0.7380977649861176
v 0.5210818398831395 -0.35699294301046547 -0.7558439636618393
v 0.5158205055010727 -0.3302340208047341 -0.7957867377915602
v 0.517087603479189 -0.34469995267775744 -0.7767580485871679
v 0.5025716772763951 -0.3294274068614557 -0.7784183099648452
v 0.4876815509886663 -0.32484464013239234 -0.6812198883201162
v 0.4718125192111725 -0.3070795756768384 -0.7169
v 0.4782632835148264 -0.3164924399847076 -0.6991094169727914
v 0.49271456332731606 -0.33638291540709325 -0.6991094169727914
v 0.4996733355603703 -0.3454266902598926 -0.7169
v 0.47547814536992683 -0.2581768705591565 -0.7897816198591419
v 0.47004761242693005 -0.2705729782173877 -0.7735523553794975
v 0.48792437929523425 -0.3092671356412663 -0.7784183099648452
v 0.47788498867559587 -0.2907421955543911 -0.7767580485871679
v 0.49125135395211667 -0.296417493038728 -0.7957867377915602
v 0.46742794528535186 -0.28314471048989454 -0.7558439636618393
v 0.4677641048828015 -0.2946198422276972 -0.7380977649861176
v 0.48914067172857195 -0.32378452660343904 -0.7593373441923766
v 0.49319307905596294 -0.3362565488797599 -0.7381186720881049
v 0.4785313346200494 -0.3160763938252715 -0.7381186720881049
v 0.6984654536711618 -0.344790399723239 -0.7735523553794975
v 0.701358305930207 -0.33156975000672473 -0.7897816198591419
v 0.6861784636659978 -0.3655869367437963 -0.7380977649861176
v 0.693195333244001 -0.3565009479148258 -0.7558439636618393
v 0.6661202440481403 -0.353235813594696 -0.7957867377915602
v 0.680269717754954 -0.356500950048397 -0.7767580485871679
v 0.6612589960005809 -0.3655869407821476 -0.7784183099648452
v 0.6522992242604541 -0.3783321399615386 -0.6812198883201162
v 0.6304998438143914 -0.3879347800585594 -0.7169
v 0.6414454054235093 -0.38470847324725665 -0.6991094169727914
v 0.6648280624457145 -0.3771109834427675 -0.6991094169727914
v 0.6755795821839238 -0.3732874774733007 -0.7169
v 0.585123347508626 -0.3693367972116067 -0.7897816198591419
v 0.5952346198526816 -0.3783321484945622 -0.7735523553794975
v 0.6375591749854539 -0.37328748346896257 -0.7784183099648452
v 0.6168385678346673 -0.3771109908298512 -0.7767580485871679
v 0.6263665300899267 -0.36615258503779113 -0.7957867377915602
v 0.6063815263311113 -0.38470847849115086 -0.7558439636618393
v 0.6173989042985475 -0.3879347820102785 -0.7380977649861176
v 0.6517418894200573 -0.3766168405988696 -0.7593373441923766
v 0.6648557502096238 -0.3766168385353542 -0.7381186720881049
v 0.6411325543445837 -0.38432497617528893 -0.7381186720881049
v 0.623708264569576 -0.22601542621731366 -0.8669514906164646
v 0.6407338044696951 -0.23829999672843488 -0.8645507599513544
v 0.6237082669382922 -0.25058457052242755 -0.8669514906164646
v 0.6737187104835078 -0.21460017467541692 -0.8507374180369925
v 0.6579467396041531 -0.22600700585454328 -0.8589744288139309
v 0.6562376810756436 -0.20238142075612833 -0.855529078316797
v 0.656237688001478 -0.2742185697112769 -0.855529078316797
v 0.6579467419744923 -0.250592984283321 -0.8589744288139309
v 0.6737187150533167 -0.26199981242128917 -0.8507374180369925
v 0.7154323361498786 -0.18402833330615678 -0.8074861564307272
v 0.707816671309669 -0.1649070892800012 -0.8026983844460989
v 0.7234880683925253 -0.22584025661612286 -0.8127170104398445
v 0.7207658001095043 -0.20495226311664044 -0.8109849342358209
v 0.6850037389235234 -0.1814816555191235 -0.8335537652578512
v 0.7038459498121149 -0.1926592754434071 -0.8239105503537557
v 0.6908680611749877 -0.20214044083571447 -0.8376364790414358
v 0.7078166854613186 -0.31169289124192107 -0.8026983844460989
v 0.7154323466145618 -0.2925716457473102 -0.8074861564307272
v 0.6908680681472873 -0.2744595429542465 -0.8376364790414358
v 0.7038459586125765 -0.2839407058441518 -0.8239105503537557
v 0.6850037498792586 -0.2951183294015981 -0.8335537652578512
v 0.7207658065396266 -0.27164771490842615 -0.8109849342358209
v 0.723488070795016 -0.25075972088403525 -0.8127170104398445
v 0.6926313346045248 -0.2507720127400161 -0.8411162666409636
v 0.6926313321996646 -0.22582797070995067 -0.8411162666409636
v 0.709797599115213 -0.23829999006998015 -0.8280024058087933
v 0.6003416163849216 -0.218423142983421 -0.8669514906164646
v 0.6172861203226931 -0.2060270358792058 -0.8645507604702256
v 0.6049391452788968 -0.1673328782227897 -0.8507374194549698
v 0.610913880081419 -0.18585781858915135 -0.8589744297878663
v 0.5879164825276673 -0.18018252059055348 -0.855529078316797
v 0.6342965384738657 -0.19345530385421394 -0.8589744297878663
v 0.6500188863278787 -0.18198017206869016 -0.8507374194549698
v 0.5887538140058136 -0.11821364296420665 -0.8074861580206114
v 0.5682150575801822 -0.11954778130536355 -0.8026983844460988
v 0.631008680167241 -0.12347278337881942 -0.8127170137689163
v 0.6103017878065423 -0.11960706796546154 -0.8109849369835702
v 0.5769288240420392 -0.14636599161325176 -0.8335537652578512
v 0.5933819380297487 -0.13190005923194764 -0.8239105518980135
v 0.5983886746484766 -0.14717260609346597 -0.8376364803430769
v 0.6919846541450876 -0.15175537178283904 -0.8074861580206114
v 0.6671682380678656 -0.16952043801428152 -0.8376364803430769
v 0.6801957501629251 -0.16010757299773823 -0.8239105518980135
v 0.6737329415901125 -0.14021709648010927 -0.8109849369835702
v 0.6547085025625533 -0.1311733214618267 -0.8127170137689164
v 0.6451849350413342 -0.16052361995833359 -0.8411162689404524
v 0.6214617377955047 -0.15281548692699332 -0.8411162689404524
v 0.6386280037768315 -0.14034346390120672 -0.8280024086647441
v 0.5859002353176636 -0.23830000201495063 -0.8669514906164646
v 0.5793469757883407 -0.21835421362296994 -0.8645507604702256
v 0.5387312198807265 -0.21813973396235947 -0.8507374194549698
v 0.5581957797226245 -0.2181819441376406 -0.8589744297878663
v 0.5456916646844696 -0.23830000589146727 -0.855529078316797
v 0.5726470556412906 -0.19829146600931796 -0.8589744297878663
v 0.5665920287462959 -0.17979261413038733 -0.8507374194549698
v 0.4870145086979169 -0.2183542222868252 -0.8074861580206114
v 0.48193652565125666 -0.2383000120381134 -0.8026983844460988
v 0.5050737187111727 -0.17979261954630266 -0.8127170137689163
v 0.4949984239503987 -0.1982914730885672 -0.8109849369835702
v 0.5101348612416758 -0.23830000931950604 -0.8335537652578512
v 0.5014612330429074 -0.2181819494373366 -0.8239105518980135
v 0.5175334549558958 -0.21813973585850832 -0.8376364803430769
v 0.550814669018878 -0.130540820855024 -0.8074861580206114
v 0.560041557835253 -0.15963234209224345 -0.8376364803430769
v 0.5551151132660835 -0.14433370675723778 -0.8239105518980135
v 0.5342010282813857 -0.1443337085003486 -0.8109849369835702
v 0.5197210127403528 -0.15963234559082434 -0.8127170137689163
v 0.5446918618685881 -0.1777595366026768 -0.8411162689404524
v 0.530030121389021 -0.19793969439450781 -0.8411162689404524
v 0.5234731897589247 -0.1777595384561695 -0.8280024086647441
v 0.6003416202175855 -0.25817685826188685 -0.8669514906164646
v 0.579346979634296 -0.2582457916705332 -0.8645507604702256
v 0.566592040027715 -0.2968073936225293 -0.8507374194549698
v 0.5726470633557534 -0.2783085405760662 -0.8589744297878663
v 0.5879164937339041 -0.29641748305057314 -0.855529078316797
v 0.5581957836017972 -0.2584180652342449 -0.8589744297878663
v 0.5387312237680386 -0.25846027916269054 -0.8507374194549698
v 0.5508146897970486 -0.3460591899400888 -0.8074861580206114
v 0.5682150804780349 -0.35705222613459886 -0.8026983844460988
v 0.5197210279090841 -0.31696767119978064 -0.8127170137689164
v 0.5342010464000063 -0.33226630549821345 -0.8109849369835702
v 0.5769288417687933 -0.3302340141465191 -0.8335537652578512
v 0.5551151313847041 -0.33226630320866174 -0.8239105518980135
v 0.5600415730039843 -0.31696766692373735 -0.8376364803430769
v 0.48701451254387224 -0.25824580081026244 -0.8074861580206114
v 0.5175334588432079 -0.2584602813539035 -0.8376364803430769
v 0.5014612369220801 -0.25841807087412766 -0.8239105518980135
v 0.4949984316648615 -0.2783085484690582 -0.8109849369835702
v 0.5050737299925919 -0.29680740006859996 -0.8127170137689164
v 0.5300301291713132 -0.2786603204082912 -0.8411162689404524
v 0.5446918735420264 -0.29884047537303904 -0.8411162689404524
v 0.5234732014323631 -0.29884047761093946 -0.8280024086647442
v 0.6172861265455794 -0.27057296209885556 -0.8645507604702256
v 0.6500188971874905 -0.29461981959782524 -0.8507374194549698
v 0.6342965471208382 -0.2831446908438913 -0.8589744297878663
v 0.6109138901933421 -0.29074218061760765 -0.8589744297878663
v 0.6049391589628066 -0.3092671221360198 -0.8507374194549698
v 0.6919846708326571 -0.3248446117918191 -0.8074861580206114
v 0.6547085232187629 -0.34542666930043403 -0.8127170137689163
v 0.6737329605024974 -0.3363828906138514 -0.8109849369835702
v 0.6801957652400199 -0.31649241285006136 -0.8239105518980135
v 0.6671682513299682 -0.30707955034548856 -0.8376364803430769
v 0.5887538371609151 -0.3583863605154642 -0.8074861580206114
v 0.5983886922196986 -0.3294273955284076 -0.8376364803430769
v 0.5933819585458296 -0.34469994335532667 -0.8239105518980135
v 0.6103018106929626 -0.3569929313593201 -0.8109849369835702
v 0.6310087023082721 -0.35312721195325075 -0.8127170137689163
v 0.6214617542786637 -0.32378451024592275 -0.8411162689404524
v 0.6451849500382074 -0.31607637264026595 -0.8411162689404524
v 0.6386280226648507 -0.33625652996170263 -0.8280024086647441
# Number of normals: 642
vn 0 0 1
vn .894 0 .447
vn .276 .851 .447
vn -.724 .526 .447
vn -.724 -.526 .447
vn .276 -.851 .447
vn .724 .526 -.447
vn -.276 .851 -.447
vn -.894 0 -.447
vn -.276 -.851 -.447
vn .724 -.526 -.447
vn 0 0 -1
vn .526 0 .851
vn .688 .5 .526
vn .162 .5 .851
vn -.263 .809 .526
vn -.425 .309 .851
vn -.851 0 .526
vn -.425 -.309 .851
vn -.263 -.809 .526
vn .162 -.5 .851
vn .688 -.5 .526
vn .951 .309 0
vn .588 .809 0
vn 0 1 0
vn -.588 .809 0
vn -.951 .309 0
vn -.951 -.309 0
vn -.588 -.809 0
vn 0 -1 0
vn .588 -.809 0
vn .951 -.309 0
vn .851 0 -.526
vn .263 .809 -.526
vn -.688 .5 -.526
vn -.688 -.5 -.526
vn .263 -.809 -.526
vn .425 .309 -.851
vn .425 -.309 -.851
vn -.162 .5 -.851
vn -.526 0 -.851
vn -.162 -.5 -.851
vn .273 0 .962
vn .362 .263 .894
vn .084 .26 .962
vn .823 .26 .506
vn .638 .263 .724
vn .738 0 .675
vn .228 .702 .675
vn .447 .526 .724
vn .501 .702 .506
vn -.138 .425 .894
vn -.221 .161 .962
vn .007 .863 .506
vn -.053 .688 .724
vn -.597 .434 .675
vn -.362 .588 .724
vn -.513 .694 .506
vn -.447 0 .894
vn -.221 -.161 .962
vn -.818 .273 .506
vn -.671 .162 .724
vn -.597 -.434 .675
vn -.671 -.162 .724
vn -.818 -.273 .506
vn -.138 -.425 .894
vn .084 -.26 .962
vn -.513 -.694 .506
vn -.362 -.588 .724
vn .228 -.702 .675
vn -.053 -.688 .724
vn .007 -.863 .506
vn .362 -.263 .894
vn .501 -.702 .506
vn .447 -.526 .724
vn .638 -.263 .724
vn .823 -.26 .506
vn .959 .161 .232
vn .862 .425 .276
vn .682 .694 -.232
vn .809 .588 0
vn .87 .434 -.232
vn .671 .688 .276
vn .449 .863 .232
vn .144 .962 .232
vn -.138 .951 .276
vn -.449 .863 -.232
vn -.309 .951 0
vn -.144 .962 -.232
vn -.447 .851 .276
vn -.682 .694 .232
vn -.87 .434 .232
vn -.947 .162 .276
vn -.959 -.161 -.232
vn -1 0 0
vn -.959 .161 -.232
vn -.947 -.162 .276
vn -.87 -.434 .232
vn -.682 -.694 .232
vn -.447 -.851 .276
vn -.144 -.962 -.232
vn -.309 -.951 0
vn -.449 -.863 -.232
vn -.138 -.951 .276
vn .144 -.962 .232
vn .449 -.863 .232
vn .671 -.688 .276
vn .87 -.434 -.232
vn .809 -.588 0
vn .682 -.694 -.232
vn .862 -.425 .276
vn .959 -.161 .232
vn .947 .162 -.276
vn .818 .273 -.506
vn 1 0 0
vn .818 -.273 -.506
vn .947 -.162 -.276
vn .138 .951 -.276
vn -.007 .863 -.506
vn .309 .951 0
vn .513 .694 -.506
vn .447 .851 -.276
vn -.862 .425 -.276
vn -.823 .26 -.506
vn -.809 .588 0
vn -.501 .702 -.506
vn -.671 .688 -.276
vn -.671 -.688 -.276
vn -.501 -.702 -.506
vn -.809 -.588 0
vn -.823 -.26 -.506
vn -.862 -.425 -.276
vn .447 -.851 -.276
vn .513 -.694 -.506
vn .309 -.951 0
vn -.007 -.863 -.506
vn .138 -.951 -.276
vn .221 .161 -.962
vn .447 0 -.894
vn .221 -.161 -.962
vn .671 .162 -.724
vn .597 .434 -.675
vn .597 -.434 -.675
vn .671 -.162 -.724
vn -.084 .26 -.962
vn .138 .425 -.894
vn .053 .688 -.724
vn -.228 .702 -.675
vn .362 .588 -.724
vn -.273 0 -.962
vn -.362 .263 -.894
vn -.638 .263 -.724
vn -.738 0 -.675
vn -.447 .526 -.724
vn -.084 -.26 -.962
vn -.362 -.263 -.894
vn -.447 -.526 -.724
vn -.228 -.702 -.675
vn -.638 -.263 -.724
vn .138 -.425 -.894
vn .362 -.588 -.724
vn .053 -.688 -.724
vn .138 0 .99
vn .181 .132 .975
vn .043 .131 .99
vn .449 .133 .883
vn .321 .133 .938
vn .403 0 .915
vn .125 .384 .915
vn .225 .264 .938
vn .265 .386 .883
vn .867 .131 .481
vn .791 .132 .598
vn .824 0 .566
vn .671 .386 .632
vn .738 .264 .621
vn .763 .384 .521
vn .638 0 .77
vn .695 .133 .706
vn .589 .133 .797
vn .255 .784 .566
vn .37 .711 .598
vn .393 .784 .481
vn .309 .519 .797
vn .341 .62 .706
vn .197 .607 .77
vn .601 .607 .521
vn .479 .62 .621
vn .575 .519 .632
vn .41 .4 .82
vn .507 .266 .82
vn .55 .4 .733
vn -.069 .213 .975
vn -.112 .081 .99
vn .012 .468 .883
vn -.027 .346 .938
vn -.326 .237 .915
vn -.181 .296 .938
vn -.285 .372 .883
vn .143 .865 .481
vn .119 .793 .598
vn -.16 .758 .632
vn -.023 .783 .621
vn -.129 .844 .521
vn .089 .702 .706
vn .056 .602 .797
vn -.667 .484 .566
vn -.562 .571 .598
vn -.624 .616 .481
vn -.398 .454 .797
vn -.484 .516 .706
vn -.516 .375 .77
vn -.392 .759 .521
vn -.442 .647 .621
vn -.316 .707 .632
vn -.253 .513 .82
vn -.097 .564 .82
vn -.21 .647 .733
vn -.224 0 .975
vn -.112 -.081 .99
vn -.442 .156 .883
vn -.338 .081 .938
vn -.326 -.237 .915
vn -.338 -.081 .938
vn -.442 -.156 .883
vn -.778 .403 .481
vn -.717 .358 .598
vn -.77 .082 .632
vn -.752 .22 .621
vn -.843 .138 .521
vn -.641 .301 .706
vn -.555 .239 .797
vn -.667 -.484 .566
vn -.717 -.358 .598
vn -.778 -.403 .481
vn -.555 -.239 .797
vn -.641 -.301 .706
vn -.516 -.375 .77
vn -.843 -.138 .521
vn -.752 -.22 .621
vn -.77 -.082 .632
vn -.567 -.082 .82
vn -.567 .082 .82
vn -.68 0 .733
vn -.069 -.213 .975
vn .043 -.131 .99
vn -.285 -.372 .883
vn -.181 -.296 .938
vn .125 -.384 .915
vn -.027 -.346 .938
vn .012 -.468 .883
vn -.624 -.616 .481
vn -.562 -.571 .598
vn -.316 -.707 .632
vn -.442 -.647 .621
vn -.392 -.759 .521
vn -.484 -.516 .706
vn -.398 -.454 .797
vn .255 -.784 .566
vn .119 -.793 .598
vn .143 -.865 .481
vn .056 -.602 .797
vn .089 -.702 .706
vn .197 -.607 .77
vn -.129 -.844 .521
vn -.023 -.783 .621
vn -.16 -.758 .632
vn -.097 -.564 .82
vn -.253 -.513 .82
vn -.21 -.647 .733
vn .181 -.132 .975
vn .265 -.386 .883
vn .225 -.264 .938
vn .321 -.133 .938
vn .449 -.133 .883
vn .393 -.784 .481
vn .37 -.711 .598
vn .575 -.519 .632
vn .479 -.62 .621
vn .601 -.607 .521
vn .341 -.62 .706
vn .309 -.519 .797
vn .791 -.132 .598
vn .867 -.131 .481
vn .589 -.133 .797
vn .695 -.133 .706
vn .763 -.384 .521
vn .738 -.264 .621
vn .671 -.386 .632
vn .507 -.266 .82
vn .41 -.4 .82
vn .55 -.4 .733
vn .936 .081 .343
vn .903 .213 .374
vn .918 .372 .14
vn .92 .296 .257
vn .964 .237 .117
vn .851 .346 .395
vn .785 .468 .406
vn .709 .616 -.343
vn .786 .571 -.236
vn .805 .484 -.343
vn .707 .707 0
vn .753 .647 -.117
vn .641 .759 -.117
vn .92 .375 -.117
vn .848 .516 -.117
vn .891 .454 0
vn .482 .793 .374
vn .366 .865 .343
vn .688 .602 .406
vn .592 .702 .395
vn .523 .844 .117
vn .566 .783 .257
vn .637 .758 .14
vn .777 .564 .28
vn .847 .513 .14
vn .75 .647 .14
vn .212 .915 .343
vn .076 .924 .374
vn -.07 .988 .14
vn .003 .966 .257
vn .073 .99 .117
vn -.066 .916 .395
vn -.203 .891 .406
vn -.366 .865 -.343
vn -.3 .924 -.236
vn -.212 .915 -.343
vn -.454 .891 0
vn -.383 .916 -.117
vn -.523 .844 -.117
vn -.073 .99 -.117
vn -.229 .966 -.117
vn -.156 .988 0
vn -.605 .703 .374
vn -.709 .616 .343
vn -.359 .84 .406
vn -.485 .78 .395
vn -.641 .759 .117
vn -.57 .78 .257
vn -.524 .84 .14
vn -.297 .913 .28
vn -.227 .964 .14
vn -.383 .913 .14
vn -.805 .484 .343
vn -.855 .358 .374
vn -.961 .239 .14
vn -.918 .301 .257
vn -.92 .375 .117
vn -.892 .22 .395
vn -.91 .082 .406
vn -.936 -.081 -.343
vn -.972 0 -.236
vn -.936 .081 -.343
vn -.988 -.156 0
vn -.99 -.081 -.117
vn -.964 -.237 -.117
vn -.964 .237 -.117
vn -.99 .081 -.117
vn -.988 .156 0
vn -.855 -.358 .374
vn -.805 -.484 .343
vn -.91 -.082 .406
vn -.892 -.22 .395
vn -.92 -.375 .117
vn -.918 -.301 .257
vn -.961 -.239 .14
vn -.96 0 .28
vn -.987 .082 .14
vn -.987 -.082 .14
vn -.709 -.616 .343
vn -.605 -.703 .374
vn -.524 -.84 .14
vn -.57 -.78 .257
vn -.641 -.759 .117
vn -.485 -.78 .395
vn -.359 -.84 .406
vn -.212 -.915 -.343
vn -.3 -.924 -.236
vn -.366 -.865 -.343
vn -.156 -.988 0
vn -.229 -.966 -.117
vn -.073 -.99 -.117
vn -.523 -.844 -.117
vn -.383 -.916 -.117
vn -.454 -.891 0
vn .076 -.924 .374
vn .212 -.915 .343
vn -.203 -.891 .406
vn -.066 -.916 .395
vn .073 -.99 .117
vn .003 -.966 .257
vn -.07 -.988 .14
vn -.297 -.913 .28
vn -.383 -.913 .14
vn -.227 -.964 .14
vn .366 -.865 .343
vn .482 -.793 .374
vn .637 -.758 .14
vn .566 -.783 .257
vn .523 -.844 .117
vn .592 -.702 .395
vn .688 -.602 .406
vn .805 -.484 -.343
vn .786 -.571 -.236
vn .709 -.616 -.343
vn .891 -.454 0
vn .848 -.516 -.117
vn .92 -.375 -.117
vn .641 -.759 -.117
vn .753 -.647 -.117
vn .707 -.707 0
vn .903 -.213 .374
vn .936 -.081 .343
vn .785 -.468 .406
vn .851 -.346 .395
vn .964 -.237 .117
vn .92 -.296 .257
vn .918 -.372 .14
vn .777 -.564 .28
vn .75 -.647 .14
vn .847 -.513 .14
vn .855 .358 -.374
vn .778 .403 -.481
vn .961 .239 -.14
vn .918 .301 -.257
vn .843 .138 -.521
vn .892 .22 -.395
vn .91 .082 -.406
vn .972 0 .236
vn .988 -.156 0
vn .99 -.081 .117
vn .99 .081 .117
vn .988 .156 0
vn .778 -.403 -.481
vn .855 -.358 -.374
vn .91 -.082 -.406
vn .892 -.22 -.395
vn .843 -.138 -.521
vn .918 -.301 -.257
vn .961 -.239 -.14
vn .96 0 -.28
vn .987 .082 -.14
vn .987 -.082 -.14
vn -.076 .924 -.374
vn -.143 .865 -.481
vn .07 .988 -.14
vn -.003 .966 -.257
vn .129 .844 -.521
vn .066 .916 -.395
vn .203 .891 -.406
vn .3 .924 .236
vn .454 .891 0
vn .383 .916 .117
vn .229 .966 .117
vn .156 .988 0
vn .624 .616 -.481
vn .605 .703 -.374
vn .359 .84 -.406
vn .485 .78 -.395
vn .392 .759 -.521
vn .57 .78 -.257
vn .524 .84 -.14
vn .297 .913 -.28
vn .227 .964 -.14
vn .383 .913 -.14
vn -.903 .213 -.374
vn -.867 .131 -.481
vn -.918 .372 -.14
vn -.92 .296 -.257
vn -.763 .384 -.521
vn -.851 .346 -.395
vn -.785 .468 -.406
vn -.786 .571 .236
vn -.707 .707 0
vn -.753 .647 .117
vn -.848 .516 .117
vn -.891 .454 0
vn -.393 .784 -.481
vn -.482 .793 -.374
vn -.688 .602 -.406
vn -.592 .702 -.395
vn -.601 .607 -.521
vn -.566 .783 -.257
vn -.637 .758 -.14
vn -.777 .564 -.28
vn -.847 .513 -.14
vn -.75 .647 -.14
vn -.482 -.793 -.374
vn -.393 -.784 -.481
vn -.637 -.758 -.14
vn -.566 -.783 -.257
vn -.601 -.607 -.521
vn -.592 -.702 -.395
vn -.688 -.602 -.406
vn -.786 -.571 .236
vn -.891 -.454 0
vn -.848 -.516 .117
vn -.753 -.647 .117
vn -.707 -.707 0
vn -.867 -.131 -.481
vn -.903 -.213 -.374
vn -.785 -.468 -.406
vn -.851 -.346 -.395
vn -.763 -.384 -.521
vn -.92 -.296 -.257
vn -.918 -.372 -.14
vn -.777 -.564 -.28
vn -.75 -.647 -.14
vn -.847 -.513 -.14
vn .605 -.703 -.374
vn .624 -.616 -.481
vn .524 -.84 -.14
vn .57 -.78 -.257
vn .392 -.759 -.521
vn .485 -.78 -.395
vn .359 -.84 -.406
vn .3 -.924 .236
vn .156 -.988 0
vn .229 -.966 .117
vn .383 -.916 .117
vn .454 -.891 0
vn -.143 -.865 -.481
vn -.076 -.924 -.374
vn .203 -.891 -.406
vn .066 -.916 -.395
vn .129 -.844 -.521
vn -.003 -.966 -.257
vn .07 -.988 -.14
vn .297 -.913 -.28
vn .383 -.913 -.14
vn .227 -.964 -.14
vn .112 .081 -.99
vn .224 0 -.975
vn .112 -.081 -.99
vn .442 .156 -.883
vn .338 .081 -.938
vn .326 .237 -.915
vn .326 -.237 -.915
vn .338 -.081 -.938
vn .442 -.156 -.883
vn .717 .358 -.598
vn .667 .484 -.566
vn .77 .082 -.632
vn .752 .22 -.621
vn .516 .375 -.77
vn .641 .301 -.706
vn .555 .239 -.797
vn .667 -.484 -.566
vn .717 -.358 -.598
vn .555 -.239 -.797
vn .641 -.301 -.706
vn .516 -.375 -.77
vn .752 -.22 -.621
vn .77 -.082 -.632
vn .567 -.082 -.82
vn .567 .082 -.82
vn .68 0 -.733
vn -.043 .131 -.99
vn .069 .213 -.975
vn -.012 .468 -.883
vn .027 .346 -.938
vn -.125 .384 -.915
vn .181 .296 -.938
vn .285 .372 -.883
vn -.119 .793 -.598
vn -.255 .784 -.566
vn .16 .758 -.632
vn .023 .783 -.621
vn -.197 .607 -.77
vn -.089 .702 -.706
vn -.056 .602 -.797
vn .562 .571 -.598
vn .398 .454 -.797
vn .484 .516 -.706
vn .442 .647 -.621
vn .316 .707 -.632
vn .253 .513 -.82
vn .097 .564 -.82
vn .21 .647 -.733
vn -.138 0 -.99
vn -.181 .132 -.975
vn -.449 .133 -.883
vn -.321 .133 -.938
vn -.403 0 -.915
vn -.225 .264 -.938
vn -.265 .386 -.883
vn -.791 .132 -.598
vn -.824 0 -.566
vn -.671 .386 -.632
vn -.738 .264 -.621
vn -.638 0 -.77
vn -.695 .133 -.706
vn -.589 .133 -.797
vn -.37 .711 -.598
vn -.309 .519 -.797
vn -.341 .62 -.706
vn -.479 .62 -.621
vn -.575 .519 -.632
vn -.41 .4 -.82
vn -.507 .266 -.82
vn -.55 .4 -.733
vn -.043 -.131 -.99
vn -.181 -.132 -.975
vn -.265 -.386 -.883
vn -.225 -.264 -.938
vn -.125 -.384 -.915
vn -.321 -.133 -.938
vn -.449 -.133 -.883
vn -.37 -.711 -.598
vn -.255 -.784 -.566
vn -.575 -.519 -.632
vn -.479 -.62 -.621
vn -.197 -.607 -.77
vn -.341 -.62 -.706
vn -.309 -.519 -.797
vn -.791 -.132 -.598
vn -.589 -.133 -.797
vn -.695 -.133 -.706
vn -.738 -.264 -.621
vn -.671 -.386 -.632
vn -.507 -.266 -.82
vn -.41 -.4 -.82
vn -.55 -.4 -.733
vn .069 -.213 -.975
vn .285 -.372 -.883
vn .181 -.296 -.938
vn .027 -.346 -.938
vn -.012 -.468 -.883
vn .562 -.571 -.598
vn .316 -.707 -.632
vn .442 -.647 -.621
vn .484 -.516 -.706
vn .398 -.454 -.797
vn -.119 -.793 -.598
vn -.056 -.602 -.797
vn -.089 -.702 -.706
vn .023 -.783 -.621
vn .16 -.758 -.632
vn .097 -.564 -.82
vn .253 -.513 -.82
vn .21 -.647 -.733
# Number of faces: 1280
f 2713//2641 2875//2803 2877//2805
f 2755//2683 2876//2804 2875//2803
f 2757//2685 2877//2805 2876//2804
f 2877//2805 2875//2803 2876//2804
f 2725//2653 2878//2806 2880//2808
f 2756//2684 2879//2807 2878//2806
f 2755//2683 2880//2808 2879//2807
f 2880//2808 2878//2806 2879//2807
f 2727//2655 2881//2809 2883//2811
f 2757//2685 2882//2810 2881//2809
f 2756//2684 2883//2811 2882//2810
f 2883//2811 2881//2809 2882//2810
f 2757//2685 2876//2804 2882//2810
f 2755//2683 2879//2807 2876//2804
f 2756//2684 2882//2810 2879//2807
f 2882//2810 2876//2804 2879//2807
f 2714//2642 2884//2812 2886//2814
f 2758//2686 2885//2813 2884//2812
f 2760//2688 2886//2814 2885//2813
f 2886//2814 2884//2812 2885//2813
f 2726//2654 2887//2815 2889//2817
f 2759//2687 2888//2816 2887//2815
f 2758//2686 2889//2817 2888//2816
f 2889//2817 2887//2815 2888//2816
f 2725//2653 2890//2818 2892//2820
f 2760//2688 2891//2819 2890//2818
f 2759//2687 2892//2820 2891//2819
f 2892//2820 2890//2818 2891//2819
f 2760//2688 2885//2813 2891//2819
f 2758//2686 2888//2816 2885//2813
f 2759//2687 2891//2819 2888//2816
f 2891//2819 2885//2813 2888//2816
f 2715//2643 2893//2821 2895//2823
f 2761//2689 2894//2822 2893//2821
f 2763//2691 2895//2823 2894//2822
f 2895//2823 2893//2821 2894//2822
f 2727//2655 2896//2824 2898//2826
f 2762//2690 2897//2825 2896//2824
f 2761//2689 2898//2826 2897//2825
f 2898//2826 2896//2824 2897//2825
f 2726//2654 2899//2827 2901//2829
f 2763//2691 2900//2828 2899//2827
f 2762//2690 2901//2829 2900//2828
f 2901//2829 2899//2827 2900//2828
f 2763//2691 2894//2822 2900//2828
f 2761//2689 2897//2825 2894//2822
f 2762//2690 2900//2828 2897//2825
f 2900//2828 2894//2822 2897//2825
f 2727//2655 2883//2811 2896//2824
f 2756//2684 2902//2830 2883//2811
f 2762//2690 2896//2824 2902//2830
f 2896//2824 2883//2811 2902//2830
f 2725//2653 2892//2820 2878//2806
f 2759//2687 2903//2831 2892//2820
f 2756//2684 2878//2806 2903//2831
f 2878//2806 2892//2820 2903//2831
f 2726//2654 2901//2829 2887//2815
f 2762//2690 2904//2832 2901//2829
f 2759//2687 2887//2815 2904//2832
f 2887//2815 2901//2829 2904//2832
f 2762//2690 2902//2830 2904//2832
f 2756//2684 2903//2831 2902//2830
f 2759//2687 2904//2832 2903//2831
f 2904//2832 2902//2830 2903//2831
f 2713//2641 2877//2805 2906//2834
f 2757//2685 2905//2833 2877//2805
f 2765//2693 2906//2834 2905//2833
f 2906//2834 2877//2805 2905//2833
f 2727//2655 2907//2835 2881//2809
f 2764//2692 2908//2836 2907//2835
f 2757//2685 2881//2809 2908//2836
f 2881//2809 2907//2835 2908//2836
f 2729//2657 2909//2837 2911//2839
f 2765//2693 2910//2838 2909//2837
f 2764//2692 2911//2839 2910//2838
f 2911//2839 2909//2837 2910//2838
f 2765//2693 2905//2833 2910//2838
f 2757//2685 2908//2836 2905//2833
f 2764//2692 2910//2838 2908//2836
f 2910//2838 2905//2833 2908//2836
f 2715//2643 2912//2840 2893//2821
f 2766//2694 2913//2841 2912//2840
f 2761//2689 2893//2821 2913//2841
f 2893//2821 2912//2840 2913//2841
f 2728//2656 2914//2842 2916//2844
f 2767//2695 2915//2843 2914//2842
f 2766//2694 2916//2844 2915//2843
f 2916//2844 2914//2842 2915//2843
f 2727//2655 2898//2826 2918//2846
f 2761//2689 2917//2845 2898//2826
f 2767//2695 2918//2846 2917//2845
f 2918//2846 2898//2826 2917//2845
f 2761//2689 2913//2841 2917//2845
f 2766//2694 2915//2843 2913//2841
f 2767//2695 2917//2845 2915//2843
f 2917//2845 2913//2841 2915//2843
f 2716//2644 2919//2847 2921//2849
f 2768//2696 2920//2848 2919//2847
f 2770//2698 2921//2849 2920//2848
f 2921//2849 2919//2847 2920//2848
f 2729//2657 2922//2850 2924//2852
f 2769//2697 2923//2851 2922//2850
f 2768//2696 2924//2852 2923//2851
f 2924//2852 2922//2850 2923//2851
f 2728//2656 2925//2853 2927//2855
f 2770//2698 2926//2854 2925//2853
f 2769//2697 2927//2855 2926//2854
f 2927//2855 2925//2853 2926//2854
f 2770//2698 2920//2848 2926//2854
f 2768//2696 2923//2851 2920//2848
f 2769//2697 2926//2854 2923//2851
f 2926//2854 2920//2848 2923//2851
f 2729//2657 2911//2839 2922//2850
f 2764//2692 2928//2856 2911//2839
f 2769//2697 2922//2850 2928//2856
f 2922//2850 2911//2839 2928//2856
f 2727//2655 2918//2846 2907//2835
f 2767//2695 2929//2857 2918//2846
f 2764//2692 2907//2835 2929//2857
f 2907//2835 2918//2846 2929//2857
f 2728//2656 2927//2855 2914//2842
f 2769//2697 2930//2858 2927//2855
f 2767//2695 2914//2842 2930//2858
f 2914//2842 2927//2855 2930//2858
f 2769//2697 2928//2856 2930//2858
f 2764//2692 2929//2857 2928//2856
f 2767//2695 2930//2858 2929//2857
f 2930//2858 2928//2856 2929//2857
f 2713//2641 2906//2834 2932//2860
f 2765//2693 2931//2859 2906//2834
f 2772//2700 2932//2860 2931//2859
f 2932//2860 2906//2834 2931//2859
f 2729//2657 2933//2861 2909//2837
f 2771//2699 2934//2862 2933//2861
f 2765//2693 2909//2837 2934//2862
f 2909//2837 2933//2861 2934//2862
f 2731//2659 2935//2863 2937//2865
f 2772//2700 2936//2864 2935//2863
f 2771//2699 2937//2865 2936//2864
f 2937//2865 2935//2863 2936//2864
f 2772//2700 2931//2859 2936//2864
f 2765//2693 2934//2862 2931//2859
f 2771//2699 2936//2864 2934//2862
f 2936//2864 2931//2859 2934//2862
f 2716//2644 2938//2866 2919//2847
f 2773//2701 2939//2867 2938//2866
f 2768//2696 2919//2847 2939//2867
f 2919//2847 2938//2866 2939//2867
f 2730//2658 2940//2868 2942//2870
f 2774//2702 2941//2869 2940//2868
f 2773//2701 2942//2870 2941//2869
f 2942//2870 2940//2868 2941//2869
f 2729//2657 2924//2852 2944//2872
f 2768//2696 2943//2871 2924//2852
f 2774//2702 2944//2872 2943//2871
f 2944//2872 2924//2852 2943//2871
f 2768//2696 2939//2867 2943//2871
f 2773//2701 2941//2869 2939//2867
f 2774//2702 2943//2871 2941//2869
f 2943//2871 2939//2867 2941//2869
f 2717//2645 2945//2873 2947//2875
f 2775//2703 2946//2874 2945//2873
f 2777//2705 2947//2875 2946//2874
f 2947//2875 2945//2873 2946//2874
f 2731//2659 2948//2876 2950//2878
f 2776//2704 2949//2877 2948//2876
f 2775//2703 2950//2878 2949//2877
f 2950//2878 2948//2876 2949//2877
f 2730//2658 2951//2879 2953//2881
f 2777//2705 2952//2880 2951//2879
f 2776//2704 2953//2881 2952//2880
f 2953//2881 2951//2879 2952//2880
f 2777//2705 2946//2874 2952//2880
f 2775//2703 2949//2877 2946//2874
f 2776//2704 2952//2880 2949//2877
f 2952//2880 2946//2874 2949//2877
f 2731//2659 2937//2865 2948//2876
f 2771//2699 2954//2882 2937//2865
f 2776//2704 2948//2876 2954//2882
f 2948//2876 2937//2865 2954//2882
f 2729//2657 2944//2872 2933//2861
f 2774//2702 2955//2883 2944//2872
f 2771//2699 2933//2861 2955//2883
f 2933//2861 2944//2872 2955//2883
f 2730//2658 2953//2881 2940//2868
f 2776//2704 2956//2884 2953//2881
f 2774//2702 2940//2868 2956//2884
f 2940//2868 2953//2881 2956//2884
f 2776//2704 2954//2882 2956//2884
f 2771//2699 2955//2883 2954//2882
f 2774//2702 2956//2884 2955//2883
f 2956//2884 2954//2882 2955//2883
f 2713//2641 2932//2860 2958//2886
f 2772//2700 2957//2885 2932//2860
f 2779//2707 2958//2886 2957//2885
f 2958//2886 2932//2860 2957//2885
f 2731//2659 2959//2887 2935//2863
f 2778//2706 2960//2888 2959//2887
f 2772//2700 2935//2863 2960//2888
f 2935//2863 2959//2887 2960//2888
f 2733//2661 2961//2889 2963//2891
f 2779//2707 2962//2890 2961//2889
f 2778//2706 2963//2891 2962//2890
f 2963//2891 2961//2889 2962//2890
f 2779//2707 2957//2885 2962//2890
f 2772//2700 2960//2888 2957//2885
f 2778//2706 2962//2890 2960//2888
f 2962//2890 2957//2885 2960//2888
f 2717//2645 2964//2892 2945//2873
f 2780//2708 2965//2893 2964//2892
f 2775//2703 2945//2873 2965//2893
f 2945//2873 2964//2892 2965//2893
f 2732//2660 2966//2894 2968//2896
f 2781//2709 2967//2895 2966//2894
f 2780//2708 2968//2896 2967//2895
f 2968//2896 2966//2894 2967//2895
f 2731//2659 2950//2878 2970//2898
f 2775//2703 2969//2897 2950//2878
f 2781//2709 2970//2898 2969//2897
f 2970//2898 2950//2878 2969//2897
f 2775//2703 2965//2893 2969//2897
f 2780//2708 2967//2895 2965//2893
f 2781//2709 2969//2897 2967//2895
f 2969//2897 2965//2893 2967//2895
f 2718//2646 2971//2899 2973//2901
f 2782//2710 2972//2900 2971//2899
f 2784//2712 2973//2901 2972//2900
f 2973//2901 2971//2899 2972//2900
f 2733//2661 2974//2902 2976//2904
f 2783//2711 2975//2903 2974//2902
f 2782//2710 2976//2904 2975//2903
f 2976//2904 2974//2902 2975//2903
f 2732//2660 2977//2905 2979//2907
f 2784//2712 2978//2906 2977//2905
f 2783//2711 2979//2907 2978//2906
f 2979//2907 2977//2905 2978//2906
f 2784//2712 2972//2900 2978//2906
f 2782//2710 2975//2903 2972//2900
f 2783//2711 2978//2906 2975//2903
f 2978//2906 2972//2900 2975//2903
f 2733//2661 2963//2891 2974//2902
f 2778//2706 2980//2908 2963//2891
f 2783//2711 2974//2902 2980//2908
f 2974//2902 2963//2891 2980//2908
f 2731//2659 2970//2898 2959//2887
f 2781//2709 2981//2909 2970//2898
f 2778//2706 2959//2887 2981//2909
f 2959//2887 2970//2898 2981//2909
f 2732//2660 2979//2907 2966//2894
f 2783//2711 2982//2910 2979//2907
f 2781//2709 2966//2894 2982//2910
f 2966//2894 2979//2907 2982//2910
f 2783//2711 2980//2908 2982//2910
f 2778//2706 2981//2909 2980//2908
f 2781//2709 2982//2910 2981//2909
f 2982//2910 2980//2908 2981//2909
f 2713//2641 2958//2886 2875//2803
f 2779//2707 2983//2911 2958//2886
f 2755//2683 2875//2803 2983//2911
f 2875//2803 2958//2886 2983//2911
f 2733//2661 2984//2912 2961//2889
f 2785//2713 2985//2913 2984//2912
f 2779//2707 2961//2889 2985//2913
f 2961//2889 2984//2912 2985//2913
f 2725//2653 2880//2808 2987//2915
f 2755//2683 2986//2914 2880//2808
f 2785//2713 2987//2915 2986//2914
f 2987//2915 2880//2808 2986//2914
f 2755//2683 2983//2911 2986//2914
f 2779//2707 2985//2913 2983//2911
f 2785//2713 2986//2914 2985//2913
f 2986//2914 2983//2911 2985//2913
f 2718//2646 2988//2916 2971//2899
f 2786//2714 2989//2917 2988//2916
f 2782//2710 2971//2899 2989//2917
f 2971//2899 2988//2916 2989//2917
f 2734//2662 2990//2918 2992//2920
f 2787//2715 2991//2919 2990//2918
f 2786//2714 2992//2920 2991//2919
f 2992//2920 2990//2918 2991//2919
f 2733//2661 2976//2904 2994//2922
f 2782//2710 2993//2921 2976//2904
f 2787//2715 2994//2922 2993//2921
f 2994//2922 2976//2904 2993//2921
f 2782//2710 2989//2917 2993//2921
f 2786//2714 2991//2919 2989//2917
f 2787//2715 2993//2921 2991//2919
f 2993//2921 2989//2917 2991//2919
f 2714//2642 2886//2814 2996//2924
f 2760//2688 2995//2923 2886//2814
f 2789//2717 2996//2924 2995//2923
f 2996//2924 2886//2814 2995//2923
f 2725//2653 2997//2925 2890//2818
f 2788//2716 2998//2926 2997//2925
f 2760//2688 2890//2818 2998//2926
f 2890//2818 2997//2925 2998//2926
f 2734//2662 2999//2927 3001//2929
f 2789//2717 3000//2928 2999//2927
f 2788//2716 3001//2929 3000//2928
f 3001//2929 2999//2927 3000//2928
f 2789//2717 2995//2923 3000//2928
f 2760//2688 2998//2926 2995//2923
f 2788//2716 3000//2928 2998//2926
f 3000//2928 2995//2923 2998//2926
f 2725//2653 2987//2915 2997//2925
f 2785//2713 3002//2930 2987//2915
f 2788//2716 2997//2925 3002//2930
f 2997//2925 2987//2915 3002//2930
f 2733//2661 2994//2922 2984//2912
f 2787//2715 3003//2931 2994//2922
f 2785//2713 2984//2912 3003//2931
f 2984//2912 2994//2922 3003//2931
f 2734//2662 3001//2929 2990//2918
f 2788//2716 3004//2932 3001//2929
f 2787//2715 2990//2918 3004//2932
f 2990//2918 3001//2929 3004//2932
f 2788//2716 3002//2930 3004//2932
f 2785//2713 3003//2931 3002//2930
f 2787//2715 3004//2932 3003//2931
f 3004//2932 3002//2930 3003//2931
f 2714//2642 3005//2933 2884//2812
f 2790//2718 3006//2934 3005//2933
f 2758//2686 2884//2812 3006//2934
f 2884//2812 3005//2933 3006//2934
f 2735//2663 3007//2935 3009//2937
f 2791//2719 3008//2936 3007//2935
f 2790//2718 3009//2937 3008//2936
f 3009//2937 3007//2935 3008//2936
f 2726//2654 2889//2817 3011//2939
f 2758//2686 3010//2938 2889//2817
f 2791//2719 3011//2939 3010//2938
f 3011//2939 2889//2817 3010//2938
f 2758//2686 3006//2934 3010//2938
f 2790//2718 3008//2936 3006//2934
f 2791//2719 3010//2938 3008//2936
f 3010//2938 3006//2934 3008//2936
f 2719//2647 3012//2940 3014//2942
f 2792//2720 3013//2941 3012//2940
f 2794//2722 3014//2942 3013//2941
f 3014//2942 3012//2940 3013//2941
f 2736//2664 3015//2943 3017//2945
f 2793//2721 3016//2944 3015//2943
f 2792//2720 3017//2945 3016//2944
f 3017//2945 3015//2943 3016//2944
f 2735//2663 3018//2946 3020//2948
f 2794//2722 3019//2947 3018//2946
f 2793//2721 3020//2948 3019//2947
f 3020//2948 3018//2946 3019//2947
f 2794//2722 3013//2941 3019//2947
f 2792//2720 3016//2944 3013//2941
f 2793//2721 3019//2947 3016//2944
f 3019//2947 3013//2941 3016//2944
f 2715//2643 2895//2823 3022//2950
f 2763//2691 3021//2949 2895//2823
f 2796//2724 3022//2950 3021//2949
f 3022//2950 2895//2823 3021//2949
f 2726//2654 3023//2951 2899//2827
f 2795//2723 3024//2952 3023//2951
f 2763//2691 2899//2827 3024//2952
f 2899//2827 3023//2951 3024//2952
f 2736//2664 3025//2953 3027//2955
f 2796//2724 3026//2954 3025//2953
f 2795//2723 3027//2955 3026//2954
f 3027//2955 3025//2953 3026//2954
f 2796//2724 3021//2949 3026//2954
f 2763//2691 3024//2952 3021//2949
f 2795//2723 3026//2954 3024//2952
f 3026//2954 3021//2949 3024//2952
f 2726//2654 3011//2939 3023//2951
f 2791//2719 3028//2956 3011//2939
f 2795//2723 3023//2951 3028//2956
f 3023//2951 3011//2939 3028//2956
f 2735//2663 3020//2948 3007//2935
f 2793//2721 3029//2957 3020//2948
f 2791//2719 3007//2935 3029//2957
f 3007//2935 3020//2948 3029//2957
f 2736//2664 3027//2955 3015//2943
f 2795//2723 3030//2958 3027//2955
f 2793//2721 3015//2943 3030//2958
f 3015//2943 3027//2955 3030//2958
f 2795//2723 3028//2956 3030//2958
f 2791//2719 3029//2957 3028//2956
f 2793//2721 3030//2958 3029//2957
f 3030//2958 3028//2956 3029//2957
f 2715//2643 3031//2959 2912//2840
f 2797//2725 3032//2960 3031//2959
f 2766//2694 2912//2840 3032//2960
f 2912//2840 3031//2959 3032//2960
f 2737//2665 3033//2961 3035//2963
f 2798//2726 3034//2962 3033//2961
f 2797//2725 3035//2963 3034//2962
f 3035//2963 3033//2961 3034//2962
f 2728//2656 2916//2844 3037//2965
f 2766//2694 3036//2964 2916//2844
f 2798//2726 3037//2965 3036//2964
f 3037//2965 2916//2844 3036//2964
f 2766//2694 3032//2960 3036//2964
f 2797//2725 3034//2962 3032//2960
f 2798//2726 3036//2964 3034//2962
f 3036//2964 3032//2960 3034//2962
f 2720//2648 3038//2966 3040//2968
f 2799//2727 3039//2967 3038//2966
f 2801//2729 3040//2968 3039//2967
f 3040//2968 3038//2966 3039//2967
f 2738//2666 3041//2969 3043//2971
f 2800//2728 3042//2970 3041//2969
f 2799//2727 3043//2971 3042//2970
f 3043//2971 3041//2969 3042//2970
f 2737//2665 3044//2972 3046//2974
f 2801//2729 3045//2973 3044//2972
f 2800//2728 3046//2974 3045//2973
f 3046//2974 3044//2972 3045//2973
f 2801//2729 3039//2967 3045//2973
f 2799//2727 3042//2970 3039//2967
f 2800//2728 3045//2973 3042//2970
f 3045//2973 3039//2967 3042//2970
f 2716//2644 2921//2849 3048//2976
f 2770//2698 3047//2975 2921//2849
f 2803//2731 3048//2976 3047//2975
f 3048//2976 2921//2849 3047//2975
f 2728//2656 3049//2977 2925//2853
f 2802//2730 3050//2978 3049//2977
f 2770//2698 2925//2853 3050//2978
f 2925//2853 3049//2977 3050//2978
f 2738//2666 3051//2979 3053//2981
f 2803//2731 3052//2980 3051//2979
f 2802//2730 3053//2981 3052//2980
f 3053//2981 3051//2979 3052//2980
f 2803//2731 3047//2975 3052//2980
f 2770//2698 3050//2978 3047//2975
f 2802//2730 3052//2980 3050//2978
f 3052//2980 3047//2975 3050//2978
f 2728//2656 3037//2965 3049//2977
f 2798//2726 3054//2982 3037//2965
f 2802//2730 3049//2977 3054//2982
f 3049//2977 3037//2965 3054//2982
f 2737//2665 3046//2974 3033//2961
f 2800//2728 3055//2983 3046//2974
f 2798//2726 3033//2961 3055//2983
f 3033//2961 3046//2974 3055//2983
f 2738//2666 3053//2981 3041//2969
f 2802//2730 3056//2984 3053//2981
f 2800//2728 3041//2969 3056//2984
f 3041//2969 3053//2981 3056//2984
f 2802//2730 3054//2982 3056//2984
f 2798//2726 3055//2983 3054//2982
f 2800//2728 3056//2984 3055//2983
f 3056//2984 3054//2982 3055//2983
f 2716//2644 3057//2985 2938//2866
f 2804//2732 3058//2986 3057//2985
f 2773//2701 2938//2866 3058//2986
f 2938//2866 3057//2985 3058//2986
f 2739//2667 3059//2987 3061//2989
f 2805//2733 3060//2988 3059//2987
f 2804//2732 3061//2989 3060//2988
f 3061//2989 3059//2987 3060//2988
f 2730//2658 2942//2870 3063//2991
f 2773//2701 3062//2990 2942//2870
f 2805//2733 3063//2991 3062//2990
f 3063//2991 2942//2870 3062//2990
f 2773//2701 3058//2986 3062//2990
f 2804//2732 3060//2988 3058//2986
f 2805//2733 3062//2990 3060//2988
f 3062//2990 3058//2986 3060//2988
f 2721//2649 3064//2992 3066//2994
f 2806//2734 3065//2993 3064//2992
f 2808//2736 3066//2994 3065//2993
f 3066//2994 3064//2992 3065//2993
f 2740//2668 3067//2995 3069//2997
f 2807//2735 3068//2996 3067//2995
f 2806//2734 3069//2997 3068//2996
f 3069//2997 3067//2995 3068//2996
f 2739//2667 3070//2998 3072//3000
f 2808//2736 3071//2999 3070//2998
f 2807//2735 3072//3000 3071//2999
f 3072//3000 3070//2998 3071//2999
f 2808//2736 3065//2993 3071//2999
f 2806//2734 3068//2996 3065//2993
f 2807//2735 3071//2999 3068//2996
f 3071//2999 3065//2993 3068//2996
f 2717//2645 2947//2875 3074//3002
f 2777//2705 3073//3001 2947//2875
f 2810//2738 3074//3002 3073//3001
f 3074//3002 2947//2875 3073//3001
f 2730//2658 3075//3003 2951//2879
f 2809//2737 3076//3004 3075//3003
f 2777//2705 2951//2879 3076//3004
f 2951//2879 3075//3003 3076//3004
f 2740//2668 3077//3005 3079//3007
f 2810//2738 3078//3006 3077//3005
f 2809//2737 3079//3007 3078//3006
f 3079//3007 3077//3005 3078//3006
f 2810//2738 3073//3001 3078//3006
f 2777//2705 3076//3004 3073//3001
f 2809//2737 3078//3006 3076//3004
f 3078//3006 3073//3001 3076//3004
f 2730//2658 3063//2991 3075//3003
f 2805//2733 3080//3008 3063//2991
f 2809//2737 3075//3003 3080//3008
f 3075//3003 3063//2991 3080//3008
f 2739//2667 3072//3000 3059//2987
f 2807//2735 3081//3009 3072//3000
f 2805//2733 3059//2987 3081//3009
f 3059//2987 3072//3000 3081//3009
f 2740//2668 3079//3007 3067//2995
f 2809//2737 3082//3010 3079//3007
f 2807//2735 3067//2995 3082//3010
f 3067//2995 3079//3007 3082//3010
f 2809//2737 3080//3008 3082//3010
f 2805//2733 3081//3009 3080//3008
f 2807//2735 3082//3010 3081//3009
f 3082//3010 3080//3008 3081//3009
f 2717//2645 3083//3011 2964//2892
f 2811//2739 3084//3012 3083//3011
f 2780//2708 2964//2892 3084//3012
f 2964//2892 3083//3011 3084//3012
f 2741//2669 3085//3013 3087//3015
f 2812//2740 3086//3014 3085//3013
f 2811//2739 3087//3015 3086//3014
f 3087//3015 3085//3013 3086//3014
f 2732//2660 2968//2896 3089//3017
f 2780//2708 3088//3016 2968//2896
f 2812//2740 3089//3017 3088//3016
f 3089//3017 2968//2896 3088//3016
f 2780//2708 3084//3012 3088//3016
f 2811//2739 3086//3014 3084//3012
f 2812//2740 3088//3016 3086//3014
f 3088//3016 3084//3012 3086//3014
f 2722//2650 3090//3018 3092//3020
f 2813//2741 3091//3019 3090//3018
f 2815//2743 3092//3020 3091//3019
f 3092//3020 3090//3018 3091//3019
f 2742//2670 3093//3021 3095//3023
f 2814//2742 3094//3022 3093//3021
f 2813//2741 3095//3023 3094//3022
f 3095//3023 3093//3021 3094//3022
f 2741//2669 3096//3024 3098//3026
f 2815//2743 3097//3025 3096//3024
f 2814//2742 3098//3026 3097//3025
f 3098//3026 3096//3024 3097//3025
f 2815//2743 3091//3019 3097//3025
f 2813//2741 3094//3022 3091//3019
f 2814//2742 3097//3025 3094//3022
f 3097//3025 3091//3019 3094//3022
f 2718//2646 2973//2901 3100//3028
f 2784//2712 3099//3027 2973//2901
f 2817//2745 3100//3028 3099//3027
f 3100//3028 2973//2901 3099//3027
f 2732//2660 3101//3029 2977//2905
f 2816//2744 3102//3030 3101//3029
f 2784//2712 2977//2905 3102//3030
f 2977//2905 3101//3029 3102//3030
f 2742//2670 3103//3031 3105//3033
f 2817//2745 3104//3032 3103//3031
f 2816//2744 3105//3033 3104//3032
f 3105//3033 3103//3031 3104//3032
f 2817//2745 3099//3027 3104//3032
f 2784//2712 3102//3030 3099//3027
f 2816//2744 3104//3032 3102//3030
f 3104//3032 3099//3027 3102//3030
f 2732//2660 3089//3017 3101//3029
f 2812//2740 3106//3034 3089//3017
f 2816//2744 3101//3029 3106//3034
f 3101//3029 3089//3017 3106//3034
f 2741//2669 3098//3026 3085//3013
f 2814//2742 3107//3035 3098//3026
f 2812//2740 3085//3013 3107//3035
f 3085//3013 3098//3026 3107//3035
f 2742//2670 3105//3033 3093//3021
f 2816//2744 3108//3036 3105//3033
f 2814//2742 3093//3021 3108//3036
f 3093//3021 3105//3033 3108//3036
f 2816//2744 3106//3034 3108//3036
f 2812//2740 3107//3035 3106//3034
f 2814//2742 3108//3036 3107//3035
f 3108//3036 3106//3034 3107//3035
f 2718//2646 3109//3037 2988//2916
f 2818//2746 3110//3038 3109//3037
f 2786//2714 2988//2916 3110//3038
f 2988//2916 3109//3037 3110//3038
f 2743//2671 3111//3039 3113//3041
f 2819//2747 3112//3040 3111//3039
f 2818//2746 3113//3041 3112//3040
f 3113//3041 3111//3039 3112//3040
f 2734//2662 2992//2920 3115//3043
f 2786//2714 3114//3042 2992//2920
f 2819//2747 3115//3043 3114//3042
f 3115//3043 2992//2920 3114//3042
f 2786//2714 3110//3038 3114//3042
f 2818//2746 3112//3040 3110//3038
f 2819//2747 3114//3042 3112//3040
f 3114//3042 3110//3038 3112//3040
f 2723//2651 3116//3044 3118//3046
f 2820//2748 3117//3045 3116//3044
f 2822//2750 3118//3046 3117//3045
f 3118//3046 3116//3044 3117//3045
f 2744//2672 3119//3047 3121//3049
f 2821//2749 3120//3048 3119//3047
f 2820//2748 3121//3049 3120//3048
f 3121//3049 3119//3047 3120//3048
f 2743//2671 3122//3050 3124//3052
f 2822//2750 3123//3051 3122//3050
f 2821//2749 3124//3052 3123//3051
f 3124//3052 3122//3050 3123//3051
f 2822//2750 3117//3045 3123//3051
f 2820//2748 3120//3048 3117//3045
f 2821//2749 3123//3051 3120//3048
f 3123//3051 3117//3045 3120//3048
f 2714//2642 2996//2924 3126//3054
f 2789//2717 3125//3053 2996//2924
f 2824//2752 3126//3054 3125//3053
f 3126//3054 2996//2924 3125//3053
f 2734//2662 3127//3055 2999//2927
f 2823//2751 3128//3056 3127//3055
f 2789//2717 2999//2927 3128//3056
f 2999//2927 3127//3055 3128//3056
f 2744//2672 3129//3057 3131//3059
f 2824//2752 3130//3058 3129//3057
f 2823//2751 3131//3059 3130//3058
f 3131//3059 3129//3057 3130//3058
f 2824//2752 3125//3053 3130//3058
f 2789//2717 3128//3056 3125//3053
f 2823//2751 3130//3058 3128//3056
f 3130//3058 3125//3053 3128//3056
f 2734//2662 3115//3043 3127//3055
f 2819//2747 3132//3060 3115//3043
f 2823//2751 3127//3055 3132//3060
f 3127//3055 3115//3043 3132//3060
f 2743//2671 3124//3052 3111//3039
f 2821//2749 3133//3061 3124//3052
f 2819//2747 3111//3039 3133//3061
f 3111//3039 3124//3052 3133//3061
f 2744//2672 3131//3059 3119//3047
f 2823//2751 3134//3062 3131//3059
f 2821//2749 3119//3047 3134//3062
f 3119//3047 3131//3059 3134//3062
f 2823//2751 3132//3060 3134//3062
f 2819//2747 3133//3061 3132//3060
f 2821//2749 3134//3062 3133//3061
f 3134//3062 3132//3060 3133//3061
f 2719//2647 3014//2942 3136//3064
f 2794//2722 3135//3063 3014//2942
f 2826//2754 3136//3064 3135//3063
f 3136//3064 3014//2942 3135//3063
f 2735//2663 3137//3065 3018//2946
f 2825//2753 3138//3066 3137//3065
f 2794//2722 3018//2946 3138//3066
f 3018//2946 3137//3065 3138//3066
f 2745//2673 3139//3067 3141//3069
f 2826//2754 3140//3068 3139//3067
f 2825//2753 3141//3069 3140//3068
f 3141//3069 3139//3067 3140//3068
f 2826//2754 3135//3063 3140//3068
f 2794//2722 3138//3066 3135//3063
f 2825//2753 3140//3068 3138//3066
f 3140//3068 3135//3063 3138//3066
f 2714//2642 3126//3054 3005//2933
f 2824//2752 3142//3070 3126//3054
f 2790//2718 3005//2933 3142//3070
f 3005//2933 3126//3054 3142//3070
f 2744//2672 3143//3071 3129//3057
f 2827//2755 3144//3072 3143//3071
f 2824//2752 3129//3057 3144//3072
f 3129//3057 3143//3071 3144//3072
f 2735//2663 3009//2937 3146//3074
f 2790//2718 3145//3073 3009//2937
f 2827//2755 3146//3074 3145//3073
f 3146//3074 3009//2937 3145//3073
f 2790//2718 3142//3070 3145//3073
f 2824//2752 3144//3072 3142//3070
f 2827//2755 3145//3073 3144//3072
f 3145//3073 3142//3070 3144//3072
f 2723//2651 3147//3075 3116//3044
f 2828//2756 3148//3076 3147//3075
f 2820//2748 3116//3044 3148//3076
f 3116//3044 3147//3075 3148//3076
f 2745//2673 3149//3077 3151//3079
f 2829//2757 3150//3078 3149//3077
f 2828//2756 3151//3079 3150//3078
f 3151//3079 3149//3077 3150//3078
f 2744//2672 3121//3049 3153//3081
f 2820//2748 3152//3080 3121//3049
f 2829//2757 3153//3081 3152//3080
f 3153//3081 3121//3049 3152//3080
f 2820//2748 3148//3076 3152//3080
f 2828//2756 3150//3078 3148//3076
f 2829//2757 3152//3080 3150//3078
f 3152//3080 3148//3076 3150//3078
f 2745//2673 3141//3069 3149//3077
f 2825//2753 3154//3082 3141//3069
f 2829//2757 3149//3077 3154//3082
f 3149//3077 3141//3069 3154//3082
f 2735//2663 3146//3074 3137//3065
f 2827//2755 3155//3083 3146//3074
f 2825//2753 3137//3065 3155//3083
f 3137//3065 3146//3074 3155//3083
f 2744//2672 3153//3081 3143//3071
f 2829//2757 3156//3084 3153//3081
f 2827//2755 3143//3071 3156//3084
f 3143//3071 3153//3081 3156//3084
f 2829//2757 3154//3082 3156//3084
f 2825//2753 3155//3083 3154//3082
f 2827//2755 3156//3084 3155//3083
f 3156//3084 3154//3082 3155//3083
f 2720//2648 3040//2968 3158//3086
f 2801//2729 3157//3085 3040//2968
f 2831//2759 3158//3086 3157//3085
f 3158//3086 3040//2968 3157//3085
f 2737//2665 3159//3087 3044//2972
f 2830//2758 3160//3088 3159//3087
f 2801//2729 3044//2972 3160//3088
f 3044//2972 3159//3087 3160//3088
f 2746//2674 3161//3089 3163//3091
f 2831//2759 3162//3090 3161//3089
f 2830//2758 3163//3091 3162//3090
f 3163//3091 3161//3089 3162//3090
f 2831//2759 3157//3085 3162//3090
f 2801//2729 3160//3088 3157//3085
f 2830//2758 3162//3090 3160//3088
f 3162//3090 3157//3085 3160//3088
f 2715//2643 3022//2950 3031//2959
f 2796//2724 3164//3092 3022//2950
f 2797//2725 3031//2959 3164//3092
f 3031//2959 3022//2950 3164//3092
f 2736//2664 3165//3093 3025//2953
f 2832//2760 3166//3094 3165//3093
f 2796//2724 3025//2953 3166//3094
f 3025//2953 3165//3093 3166//3094
f 2737//2665 3035//2963 3168//3096
f 2797//2725 3167//3095 3035//2963
f 2832//2760 3168//3096 3167//3095
f 3168//3096 3035//2963 3167//3095
f 2797//2725 3164//3092 3167//3095
f 2796//2724 3166//3094 3164//3092
f 2832//2760 3167//3095 3166//3094
f 3167//3095 3164//3092 3166//3094
f 2719//2647 3169//3097 3012//2940
f 2833//2761 3170//3098 3169//3097
f 2792//2720 3012//2940 3170//3098
f 3012//2940 3169//3097 3170//3098
f 2746//2674 3171//3099 3173//3101
f 2834//2762 3172//3100 3171//3099
f 2833//2761 3173//3101 3172//3100
f 3173//3101 3171//3099 3172//3100
f 2736//2664 3017//2945 3175//3103
f 2792//2720 3174//3102 3017//2945
f 2834//2762 3175//3103 3174//3102
f 3175//3103 3017//2945 3174//3102
f 2792//2720 3170//3098 3174//3102
f 2833//2761 3172//3100 3170//3098
f 2834//2762 3174//3102 3172//3100
f 3174//3102 3170//3098 3172//3100
f 2746//2674 3163//3091 3171//3099
f 2830//2758 3176//3104 3163//3091
f 2834//2762 3171//3099 3176//3104
f 3171//3099 3163//3091 3176//3104
f 2737//2665 3168//3096 3159//3087
f 2832//2760 3177//3105 3168//3096
f 2830//2758 3159//3087 3177//3105
f 3159//3087 3168//3096 3177//3105
f 2736//2664 3175//3103 3165//3093
f 2834//2762 3178//3106 3175//3103
f 2832//2760 3165//3093 3178//3106
f 3165//3093 3175//3103 3178//3106
f 2834//2762 3176//3104 3178//3106
f 2830//2758 3177//3105 3176//3104
f 2832//2760 3178//3106 3177//3105
f 3178//3106 3176//3104 3177//3105
f 2721//2649 3066//2994 3180//3108
f 2808//2736 3179//3107 3066//2994
f 2836//2764 3180//3108 3179//3107
f 3180//3108 3066//2994 3179//3107
f 2739//2667 3181//3109 3070//2998
f 2835//2763 3182//3110 3181//3109
f 2808//2736 3070//2998 3182//3110
f 3070//2998 3181//3109 3182//3110
f 2747//2675 3183//3111 3185//3113
f 2836//2764 3184//3112 3183//3111
f 2835//2763 3185//3113 3184//3112
f 3185//3113 3183//3111 3184//3112
f 2836//2764 3179//3107 3184//3112
f 2808//2736 3182//3110 3179//3107
f 2835//2763 3184//3112 3182//3110
f 3184//3112 3179//3107 3182//3110
f 2716//2644 3048//2976 3057//2985
f 2803//2731 3186//3114 3048//2976
f 2804//2732 3057//2985 3186//3114
f 3057//2985 3048//2976 3186//3114
f 2738//2666 3187//3115 3051//2979
f 2837//2765 3188//3116 3187//3115
f 2803//2731 3051//2979 3188//3116
f 3051//2979 3187//3115 3188//3116
f 2739//2667 3061//2989 3190//3118
f 2804//2732 3189//3117 3061//2989
f 2837//2765 3190//3118 3189//3117
f 3190//3118 3061//2989 3189//3117
f 2804//2732 3186//3114 3189//3117
f 2803//2731 3188//3116 3186//3114
f 2837//2765 3189//3117 3188//3116
f 3189//3117 3186//3114 3188//3116
f 2720//2648 3191//3119 3038//2966
f 2838//2766 3192//3120 3191//3119
f 2799//2727 3038//2966 3192//3120
f 3038//2966 3191//3119 3192//3120
f 2747//2675 3193//3121 3195//3123
f 2839//2767 3194//3122 3193//3121
f 2838//2766 3195//3123 3194//3122
f 3195//3123 3193//3121 3194//3122
f 2738//2666 3043//2971 3197//3125
f 2799//2727 3196//3124 3043//2971
f 2839//2767 3197//3125 3196//3124
f 3197//3125 3043//2971 3196//3124
f 2799//2727 3192//3120 3196//3124
f 2838//2766 3194//3122 3192//3120
f 2839//2767 3196//3124 3194//3122
f 3196//3124 3192//3120 3194//3122
f 2747//2675 3185//3113 3193//3121
f 2835//2763 3198//3126 3185//3113
f 2839//2767 3193//3121 3198//3126
f 3193//3121 3185//3113 3198//3126
f 2739//2667 3190//3118 3181//3109
f 2837//2765 3199//3127 3190//3118
f 2835//2763 3181//3109 3199//3127
f 3181//3109 3190//3118 3199//3127
f 2738//2666 3197//3125 3187//3115
f 2839//2767 3200//3128 3197//3125
f 2837//2765 3187//3115 3200//3128
f 3187//3115 3197//3125 3200//3128
f 2839//2767 3198//3126 3200//3128
f 2835//2763 3199//3127 3198//3126
f 2837//2765 3200//3128 3199//3127
f 3200//3128 3198//3126 3199//3127
f 2722//2650 3092//3020 3202//3130
f 2815//2743 3201//3129 3092//3020
f 2841//2769 3202//3130 3201//3129
f 3202//3130 3092//3020 3201//3129
f 2741//2669 3203//3131 3096//3024
f 2840//2768 3204//3132 3203//3131
f 2815//2743 3096//3024 3204//3132
f 3096//3024 3203//3131 3204//3132
f 2748//2676 3205//3133 3207//3135
f 2841//2769 3206//3134 3205//3133
f 2840//2768 3207//3135 3206//3134
f 3207//3135 3205//3133 3206//3134
f 2841//2769 3201//3129 3206//3134
f 2815//2743 3204//3132 3201//3129
f 2840//2768 3206//3134 3204//3132
f 3206//3134 3201//3129 3204//3132
f 2717//2645 3074//3002 3083//3011
f 2810//2738 3208//3136 3074//3002
f 2811//2739 3083//3011 3208//3136
f 3083//3011 3074//3002 3208//3136
f 2740//2668 3209//3137 3077//3005
f 2842//2770 3210//3138 3209//3137
f 2810//2738 3077//3005 3210//3138
f 3077//3005 3209//3137 3210//3138
f 2741//2669 3087//3015 3212//3140
f 2811//2739 3211//3139 3087//3015
f 2842//2770 3212//3140 3211//3139
f 3212//3140 3087//3015 3211//3139
f 2811//2739 3208//3136 3211//3139
f 2810//2738 3210//3138 3208//3136
f 2842//2770 3211//3139 3210//3138
f 3211//3139 3208//3136 3210//3138
f 2721//2649 3213//3141 3064//2992
f 2843//2771 3214//3142 3213//3141
f 2806//2734 3064//2992 3214//3142
f 3064//2992 3213//3141 3214//3142
f 2748//2676 3215//3143 3217//3145
f 2844//2772 3216//3144 3215//3143
f 2843//2771 3217//3145 3216//3144
f 3217//3145 3215//3143 3216//3144
f 2740//2668 3069//2997 3219//3147
f 2806//2734 3218//3146 3069//2997
f 2844//2772 3219//3147 3218//3146
f 3219//3147 3069//2997 3218//3146
f 2806//2734 3214//3142 3218//3146
f 2843//2771 3216//3144 3214//3142
f 2844//2772 3218//3146 3216//3144
f 3218//3146 3214//3142 3216//3144
f 2748//2676 3207//3135 3215//3143
f 2840//2768 3220//3148 3207//3135
f 2844//2772 3215//3143 3220//3148
f 3215//3143 3207//3135 3220//3148
f 2741//2669 3212//3140 3203//3131
f 2842//2770 3221//3149 3212//3140
f 2840//2768 3203//3131 3221//3149
f 3203//3131 3212//3140 3221//3149
f 2740//2668 3219//3147 3209//3137
f 2844//2772 3222//3150 3219//3147
f 2842//2770 3209//3137 3222//3150
f 3209//3137 3219//3147 3222//3150
f 2844//2772 3220//3148 3222//3150
f 2840//2768 3221//3149 3220//3148
f 2842//2770 3222//3150 3221//3149
f 3222//3150 3220//3148 3221//3149
f 2723//2651 3118//3046 3224//3152
f 2822//2750 3223//3151 3118//3046
f 2846//2774 3224//3152 3223//3151
f 3224//3152 3118//3046 3223//3151
f 2743//2671 3225//3153 3122//3050
f 2845//2773 3226//3154 3225//3153
f 2822//2750 3122//3050 3226//3154
f 3122//3050 3225//3153 3226//3154
f 2749//2677 3227//3155 3229//3157
f 2846//2774 3228//3156 3227//3155
f 2845//2773 3229//3157 3228//3156
f 3229//3157 3227//3155 3228//3156
f 2846//2774 3223//3151 3228//3156
f 2822//2750 3226//3154 3223//3151
f 2845//2773 3228//3156 3226//3154
f 3228//3156 3223//3151 3226//3154
f 2718//2646 3100//3028 3109//3037
f 2817//2745 3230//3158 3100//3028
f 2818//2746 3109//3037 3230//3158
f 3109//3037 3100//3028 3230//3158
f 2742//2670 3231//3159 3103//3031
f 2847//2775 3232//3160 3231//3159
f 2817//2745 3103//3031 3232//3160
f 3103//3031 3231//3159 3232//3160
f 2743//2671 3113//3041 3234//3162
f 2818//2746 3233//3161 3113//3041
f 2847//2775 3234//3162 3233//3161
f 3234//3162 3113//3041 3233//3161
f 2818//2746 3230//3158 3233//3161
f 2817//2745 3232//3160 3230//3158
f 2847//2775 3233//3161 3232//3160
f 3233//3161 3230//3158 3232//3160
f 2722//2650 3235//3163 3090//3018
f 2848//2776 3236//3164 3235//3163
f 2813//2741 3090//3018 3236//3164
f 3090//3018 3235//3163 3236//3164
f 2749//2677 3237//3165 3239//3167
f 2849//2777 3238//3166 3237//3165
f 2848//2776 3239//3167 3238//3166
f 3239//3167 3237//3165 3238//3166
f 2742//2670 3095//3023 3241//3169
f 2813//2741 3240//3168 3095//3023
f 2849//2777 3241//3169 3240//3168
f 3241//3169 3095//3023 3240//3168
f 2813//2741 3236//3164 3240//3168
f 2848//2776 3238//3166 3236//3164
f 2849//2777 3240//3168 3238//3166
f 3240//3168 3236//3164 3238//3166
f 2749//2677 3229//3157 3237//3165
f 2845//2773 3242//3170 3229//3157
f 2849//2777 3237//3165 3242//3170
f 3237//3165 3229//3157 3242//3170
f 2743//2671 3234//3162 3225//3153
f 2847//2775 3243//3171 3234//3162
f 2845//2773 3225//3153 3243//3171
f 3225//3153 3234//3162 3243//3171
f 2742//2670 3241//3169 3231//3159
f 2849//2777 3244//3172 3241//3169
f 2847//2775 3231//3159 3244//3172
f 3231//3159 3241//3169 3244//3172
f 2849//2777 3242//3170 3244//3172
f 2845//2773 3243//3171 3242//3170
f 2847//2775 3244//3172 3243//3171
f 3244//3172 3242//3170 3243//3171
f 2724//2652 3245//3173 3247//3175
f 2850//2778 3246//3174 3245//3173
f 2852//2780 3247//3175 3246//3174
f 3247//3175 3245//3173 3246//3174
f 2750//2678 3248//3176 3250//3178
f 2851//2779 3249//3177 3248//3176
f 2850//2778 3250//3178 3249//3177
f 3250//3178 3248//3176 3249//3177
f 2751//2679 3251//3179 3253//3181
f 2852//2780 3252//3180 3251//3179
f 2851//2779 3253//3181 3252//3180
f 3253//3181 3251//3179 3252//3180
f 2852//2780 3246//3174 3252//3180
f 2850//2778 3249//3177 3246//3174
f 2851//2779 3252//3180 3249//3177
f 3252//3180 3246//3174 3249//3177
f 2719//2647 3136//3064 3255//3183
f 2826//2754 3254//3182 3136//3064
f 2854//2782 3255//3183 3254//3182
f 3255//3183 3136//3064 3254//3182
f 2745//2673 3256//3184 3139//3067
f 2853//2781 3257//3185 3256//3184
f 2826//2754 3139//3067 3257//3185
f 3139//3067 3256//3184 3257//3185
f 2750//2678 3258//3186 3260//3188
f 2854//2782 3259//3187 3258//3186
f 2853//2781 3260//3188 3259//3187
f 3260//3188 3258//3186 3259//3187
f 2854//2782 3254//3182 3259//3187
f 2826//2754 3257//3185 3254//3182
f 2853//2781 3259//3187 3257//3185
f 3259//3187 3254//3182 3257//3185
f 2723//2651 3261//3189 3147//3075
f 2855//2783 3262//3190 3261//3189
f 2828//2756 3147//3075 3262//3190
f 3147//3075 3261//3189 3262//3190
f 2751//2679 3263//3191 3265//3193
f 2856//2784 3264//3192 3263//3191
f 2855//2783 3265//3193 3264//3192
f 3265//3193 3263//3191 3264//3192
f 2745//2673 3151//3079 3267//3195
f 2828//2756 3266//3194 3151//3079
f 2856//2784 3267//3195 3266//3194
f 3267//3195 3151//3079 3266//3194
f 2828//2756 3262//3190 3266//3194
f 2855//2783 3264//3192 3262//3190
f 2856//2784 3266//3194 3264//3192
f 3266//3194 3262//3190 3264//3192
f 2751//2679 3253//3181 3263//3191
f 2851//2779 3268//3196 3253//3181
f 2856//2784 3263//3191 3268//3196
f 3263//3191 3253//3181 3268//3196
f 2750//2678 3260//3188 3248//3176
f 2853//2781 3269//3197 3260//3188
f 2851//2779 3248//3176 3269//3197
f 3248//3176 3260//3188 3269//3197
f 2745//2673 3267//3195 3256//3184
f 2856//2784 3270//3198 3267//3195
f 2853//2781 3256//3184 3270//3198
f 3256//3184 3267//3195 3270//3198
f 2856//2784 3268//3196 3270//3198
f 2851//2779 3269//3197 3268//3196
f 2853//2781 3270//3198 3269//3197
f 3270//3198 3268//3196 3269//3197
f 2724//2652 3271//3199 3245//3173
f 2857//2785 3272//3200 3271//3199
f 2850//2778 3245//3173 3272//3200
f 3245//3173 3271//3199 3272//3200
f 2752//2680 3273//3201 3275//3203
f 2858//2786 3274//3202 3273//3201
f 2857//2785 3275//3203 3274//3202
f 3275//3203 3273//3201 3274//3202
f 2750//2678 3250//3178 3277//3205
f 2850//2778 3276//3204 3250//3178
f 2858//2786 3277//3205 3276//3204
f 3277//3205 3250//3178 3276//3204
f 2850//2778 3272//3200 3276//3204
f 2857//2785 3274//3202 3272//3200
f 2858//2786 3276//3204 3274//3202
f 3276//3204 3272//3200 3274//3202
f 2720//2648 3158//3086 3279//3207
f 2831//2759 3278//3206 3158//3086
f 2860//2788 3279//3207 3278//3206
f 3279//3207 3158//3086 3278//3206
f 2746//2674 3280//3208 3161//3089
f 2859//2787 3281//3209 3280//3208
f 2831//2759 3161//3089 3281//3209
f 3161//3089 3280//3208 3281//3209
f 2752//2680 3282//3210 3284//3212
f 2860//2788 3283//3211 3282//3210
f 2859//2787 3284//3212 3283//3211
f 3284//3212 3282//3210 3283//3211
f 2860//2788 3278//3206 3283//3211
f 2831//2759 3281//3209 3278//3206
f 2859//2787 3283//3211 3281//3209
f 3283//3211 3278//3206 3281//3209
f 2719//2647 3255//3183 3169//3097
f 2854//2782 3285//3213 3255//3183
f 2833//2761 3169//3097 3285//3213
f 3169//3097 3255//3183 3285//3213
f 2750//2678 3286//3214 3258//3186
f 2861//2789 3287//3215 3286//3214
f 2854//2782 3258//3186 3287//3215
f 3258//3186 3286//3214 3287//3215
f 2746//2674 3173//3101 3289//3217
f 2833//2761 3288//3216 3173//3101
f 2861//2789 3289//3217 3288//3216
f 3289//3217 3173//3101 3288//3216
f 2833//2761 3285//3213 3288//3216
f 2854//2782 3287//3215 3285//3213
f 2861//2789 3288//3216 3287//3215
f 3288//3216 3285//3213 3287//3215
f 2750//2678 3277//3205 3286//3214
f 2858//2786 3290//3218 3277//3205
f 2861//2789 3286//3214 3290//3218
f 3286//3214 3277//3205 3290//3218
f 2752//2680 3284//3212 3273//3201
f 2859//2787 3291//3219 3284//3212
f 2858//2786 3273//3201 3291//3219
f 3273//3201 3284//3212 3291//3219
f 2746//2674 3289//3217 3280//3208
f 2861//2789 3292//3220 3289//3217
f 2859//2787 3280//3208 3292//3220
f 3280//3208 3289//3217 3292//3220
f 2861//2789 3290//3218 3292//3220
f 2858//2786 3291//3219 3290//3218
f 2859//2787 3292//3220 3291//3219
f 3292//3220 3290//3218 3291//3219
f 2724//2652 3293//3221 3271//3199
f 2862//2790 3294//3222 3293//3221
f 2857//2785 3271//3199 3294//3222
f 3271//3199 3293//3221 3294//3222
f 2753//2681 3295//3223 3297//3225
f 2863//2791 3296//3224 3295//3223
f 2862//2790 3297//3225 3296//3224
f 3297//3225 3295//3223 3296//3224
f 2752//2680 3275//3203 3299//3227
f 2857//2785 3298//3226 3275//3203
f 2863//2791 3299//3227 3298//3226
f 3299//3227 3275//3203 3298//3226
f 2857//2785 3294//3222 3298//3226
f 2862//2790 3296//3224 3294//3222
f 2863//2791 3298//3226 3296//3224
f 3298//3226 3294//3222 3296//3224
f 2721//2649 3180//3108 3301//3229
f 2836//2764 3300//3228 3180//3108
f 2865//2793 3301//3229 3300//3228
f 3301//3229 3180//3108 3300//3228
f 2747//2675 3302//3230 3183//3111
f 2864//2792 3303//3231 3302//3230
f 2836//2764 3183//3111 3303//3231
f 3183//3111 3302//3230 3303//3231
f 2753//2681 3304//3232 3306//3234
f 2865//2793 3305//3233 3304//3232
f 2864//2792 3306//3234 3305//3233
f 3306//3234 3304//3232 3305//3233
f 2865//2793 3300//3228 3305//3233
f 2836//2764 3303//3231 3300//3228
f 2864//2792 3305//3233 3303//3231
f 3305//3233 3300//3228 3303//3231
f 2720//2648 3279//3207 3191//3119
f 2860//2788 3307//3235 3279//3207
f 2838//2766 3191//3119 3307//3235
f 3191//3119 3279//3207 3307//3235
f 2752//2680 3308//3236 3282//3210
f 2866//2794 3309//3237 3308//3236
f 2860//2788 3282//3210 3309//3237
f 3282//3210 3308//3236 3309//3237
f 2747//2675 3195//3123 3311//3239
f 2838//2766 3310//3238 3195//3123
f 2866//2794 3311//3239 3310//3238
f 3311//3239 3195//3123 3310//3238
f 2838//2766 3307//3235 3310//3238
f 2860//2788 3309//3237 3307//3235
f 2866//2794 3310//3238 3309//3237
f 3310//3238 3307//3235 3309//3237
f 2752//2680 3299//3227 3308//3236
f 2863//2791 3312//3240 3299//3227
f 2866//2794 3308//3236 3312//3240
f 3308//3236 3299//3227 3312//3240
f 2753//2681 3306//3234 3295//3223
f 2864//2792 3313//3241 3306//3234
f 2863//2791 3295//3223 3313//3241
f 3295//3223 3306//3234 3313//3241
f 2747//2675 3311//3239 3302//3230
f 2866//2794 3314//3242 3311//3239
f 2864//2792 3302//3230 3314//3242
f 3302//3230 3311//3239 3314//3242
f 2866//2794 3312//3240 3314//3242
f 2863//2791 3313//3241 3312//3240
f 2864//2792 3314//3242 3313//3241
f 3314//3242 3312//3240 3313//3241
f 2724//2652 3315//3243 3293//3221
f 2867//2795 3316//3244 3315//3243
f 2862//2790 3293//3221 3316//3244
f 3293//3221 3315//3243 3316//3244
f 2754//2682 3317//3245 3319//3247
f 2868//2796 3318//3246 3317//3245
f 2867//2795 3319//3247 3318//3246
f 3319//3247 3317//3245 3318//3246
f 2753//2681 3297//3225 3321//3249
f 2862//2790 3320//3248 3297//3225
f 2868//2796 3321//3249 3320//3248
f 3321//3249 3297//3225 3320//3248
f 2862//2790 3316//3244 3320//3248
f 2867//2795 3318//3246 3316//3244
f 2868//2796 3320//3248 3318//3246
f 3320//3248 3316//3244 3318//3246
f 2722//2650 3202//3130 3323//3251
f 2841//2769 3322//3250 3202//3130
f 2870//2798 3323//3251 3322//3250
f 3323//3251 3202//3130 3322//3250
f 2748//2676 3324//3252 3205//3133
f 2869//2797 3325//3253 3324//3252
f 2841//2769 3205//3133 3325//3253
f 3205//3133 3324//3252 3325//3253
f 2754//2682 3326//3254 3328//3256
f 2870//2798 3327//3255 3326//3254
f 2869//2797 3328//3256 3327//3255
f 3328//3256 3326//3254 3327//3255
f 2870//2798 3322//3250 3327//3255
f 2841//2769 3325//3253 3322//3250
f 2869//2797 3327//3255 3325//3253
f 3327//3255 3322//3250 3325//3253
f 2721//2649 3301//3229 3213//3141
f 2865//2793 3329//3257 3301//3229
f 2843//2771 3213//3141 3329//3257
f 3213//3141 3301//3229 3329//3257
f 2753//2681 3330//3258 3304//3232
f 2871//2799 3331//3259 3330//3258
f 2865//2793 3304//3232 3331//3259
f 3304//3232 3330//3258 3331//3259
f 2748//2676 3217//3145 3333//3261
f 2843//2771 3332//3260 3217//3145
f 2871//2799 3333//3261 3332//3260
f 3333//3261 3217//3145 3332//3260
f 2843//2771 3329//3257 3332//3260
f 2865//2793 3331//3259 3329//3257
f 2871//2799 3332//3260 3331//3259
f 3332//3260 3329//3257 3331//3259
f 2753//2681 3321//3249 3330//3258
f 2868//2796 3334//3262 3321//3249
f 2871//2799 3330//3258 3334//3262
f 3330//3258 3321//3249 3334//3262
f 2754//2682 3328//3256 3317//3245
f 2869//2797 3335//3263 3328//3256
f 2868//2796 3317//3245 3335//3263
f 3317//3245 3328//3256 3335//3263
f 2748//2676 3333//3261 3324//3252
f 2871//2799 3336//3264 3333//3261
f 2869//2797 3324//3252 3336//3264
f 3324//3252 3333//3261 3336//3264
f 2871//2799 3334//3262 3336//3264
f 2868//2796 3335//3263 3334//3262
f 2869//2797 3336//3264 3335//3263
f 3336//3264 3334//3262 3335//3263
f 2724//2652 3247//3175 3315//3243
f 2852//2780 3337//3265 3247//3175
f 2867//2795 3315//3243 3337//3265
f 3315//3243 3247//3175 3337//3265
f 2751//2679 3338//3266 3251//3179
f 2872//2800 3339//3267 3338//3266
f 2852//2780 3251//3179 3339//3267
f 3251//3179 3338//3266 3339//3267
f 2754//2682 3319//3247 3341//3269
f 2867//2795 3340//3268 3319//3247
f 2872//2800 3341//3269 3340//3268
f 3341//3269 3319//3247 3340//3268
f 2867//2795 3337//3265 3340//3268
f 2852//2780 3339//3267 3337//3265
f 2872//2800 3340//3268 3339//3267
f 3340//3268 3337//3265 3339//3267
f 2723//2651 3224//3152 3261//3189
f 2846//2774 3342//3270 3224//3152
f 2855//2783 3261//3189 3342//3270
f 3261//3189 3224//3152 3342//3270
f 2749//2677 3343//3271 3227//3155
f 2873//2801 3344//3272 3343//3271
f 2846//2774 3227//3155 3344//3272
f 3227//3155 3343//3271 3344//3272
f 2751//2679 3265//3193 3346//3274
f 2855//2783 3345//3273 3265//3193
f 2873//2801 3346//3274 3345//3273
f 3346//3274 3265//3193 3345//3273
f 2855//2783 3342//3270 3345//3273
f 2846//2774 3344//3272 3342//3270
f 2873//2801 3345//3273 3344//3272
f 3345//3273 3342//3270 3344//3272
f 2722//2650 3323//3251 3235//3163
f 2870//2798 3347//3275 3323//3251
f 2848//2776 3235//3163 3347//3275
f 3235//3163 3323//3251 3347//3275
f 2754//2682 3348//3276 3326//3254
f 2874//2802 3349//3277 3348//3276
f 2870//2798 3326//3254 3349//3277
f 3326//3254 3348//3276 3349//3277
f 2749//2677 3239//3167 3351//3279
f 2848//2776 3350//3278 3239//3167
f 2874//2802 3351//3279 3350//3278
f 3351//3279 3239//3167 3350//3278
f 2848//2776 3347//3275 3350//3278
f 2870//2798 3349//3277 3347//3275
f 2874//2802 3350//3278 3349//3277
f 3350//3278 3347//3275 3349//3277
f 2754//2682 3341//3269 3348//3276
f 2872//2800 3352//3280 3341//3269
f 2874//2802 3348//3276 3352//3280
f 3348//3276 3341//3269 3352//3280
f 2751//2679 3346//3274 3338//3266
f 2873//2801 3353//3281 3346//3274
f 2872//2800 3338//3266 3353//3281
f 3338//3266 3346//3274 3353//3281
f 2749//2677 3351//3279 3343//3271
f 2874//2802 3354//3282 3351//3279
f 2873//2801 3343//3271 3354//3282
f 3343//3271 3351//3279 3354//3282
f 2874//2802 3352//3280 3354//3282
f 2872//2800 3353//3281 3352//3280
f 2873//2801 3354//3282 3353//3281
f 3354//3282 3352//3280 3353//3281

g Cylinder3
usemtl kff0d0d
# Number of vertices: 72
v 0.2819463030878445 0.40194722871926525 0.1272
v 0.27774119459355984 0.39609274637656594 0.15233350778345425
v 0.26931138975978924 0.39176834370321484 0.17670334665107684
v 0.25691302394071963 0.3891054154861884 0.19956905138060851
v 0.2409228152078877 0.38818487345185415 0.2202358591044474
v 0.2218266179622045 0.38903468780410866 0.2380758193278139
v 0.200204660493838 0.39162903736388555 0.25254687388677655
v 0.17671391503922615 0.39588909413261514 0.26320932711126815
v 0.15206813601211658 0.40168541844107236 0.26973920575552424
v 0.12701617293688208 0.40884189190822634 0.27193810276121705
v 0.10231921703465864 0.417141068709128 0.26973920575552424
v 0.07872767281327264 0.42633078255626783 0.2632093271112682
v 0.05695835740599353 0.4361318086446203 0.25254687388677655
v 0.0376727204456663 0.4462463477560492 0.2380758193278139
v 0.021456746252327394 0.45636707473785754 0.22023585910444743
v 0.008803148996162441 0.46618647642203803 0.19956905138060851
v 0.00009640182677098097 0.47540619525727384 0.17670334665107684
v -0.004398945148931799 0.4837460947521592 0.15233350778345428
v -0.0045463030878444555 0.4909527712807348 0.12720000000000004
v -0.00034119459355980153 0.4968072536234341 0.10206649221654575
v 0.008088610240210792 0.5011316562967851 0.0776966533489232
v 0.020486976059280404 0.5037945845138116 0.05483094861939147
v 0.036477184792112344 0.5047151265481459 0.034164140895552614
v 0.055573382037795535 0.5038653121958914 0.016324180672186106
v 0.07719533950616198 0.5012709626361145 0.0018531261132234966
v 0.1006860849607738 0.4970109058673849 -0.00880932711126814
v 0.12533186398788346 0.49121458155892767 -0.015339205755524221
v 0.15038382706311793 0.4840581080917737 -0.017538102761217034
v 0.17508078296534135 0.4757589312908721 -0.015339205755524221
v 0.19867232718672742 0.46656921744373214 -0.00880932711126814
v 0.22044164259400653 0.4567681913553797 0.0018531261132234411
v 0.23972727955433373 0.4466536522439508 0.016324180672186064
v 0.2559432537476726 0.4365329252621425 0.03416414089555257
v 0.26859685100383757 0.42671352357796205 0.05483094861939142
v 0.277303598173229 0.41749380474272624 0.07769665334892309
v 0.28179894514893183 0.40915390524784084 0.10206649221654576
v 0.14168289503153267 -0.047611187394330345 0.012614756850040737
v 0.13534130670936131 -0.05272007074592244 0.03746097754660871
v 0.1248874412688317 -0.05622708142554267 0.06116896539659228
v 0.11063893412144322 -0.05802566068832382 0.08301836518599037
v 0.09302871894677671 -0.05806115961349134 0.10234529395853192
v 0.07259187322171558 -0.056332499584167306 0.1185625127633611
v 0.04994936016207288 -0.05289220506059861 0.13117726961340184
v 0.025789161069501396 -0.04784480765101079 0.13980627150514066
v 0.0008453713677783192 -0.04134366997158784 0.14418733058258265
v -0.024124104515176187 -0.03358632580098464 0.14418733058258265
v -0.04836058168982296 -0.024808478116419452 0.13980627150514066
v -0.07112764706145955 -0.015276837377982522 0.13117726961340187
v -0.09173353486945976 -0.005281017666268317 0.11856251276336113
v -0.1095521456398599 0.004875263094911597 0.10234529395853194
v -0.1240420699010534 0.014883411453954776 0.08301836518599036
v -0.1347630386366194 0.024439334887339126 0.06116896539659228
v -0.14138930063659963 0.033252681497071834 0.037460977546608765
v -0.1437195202831751 0.041055662206184784 0.012614756850040751
v -0.14168289503153267 0.047611187394330234 -0.01261475685004071
v -0.13534130670936131 0.05272007074592233 -0.037460977546608654
v -0.1248874412688317 0.05622708142554256 -0.06116896539659225
v -0.11063893412144324 0.05802566068832371 -0.08301836518599034
v -0.09302871894677672 0.05806115961349123 -0.10234529395853192
v -0.07259187322171562 0.05633249958416725 -0.11856251276336108
v -0.049949360162072826 0.052892205060598496 -0.1311772696134019
v -0.025789161069501382 0.047844807651010623 -0.13980627150514066
v -0.0008453713677783192 0.041343669971587726 -0.14418733058258268
v 0.02412410451517616 0.03358632580098453 -0.14418733058258268
v 0.04836058168982289 0.024808478116419397 -0.13980627150514066
v 0.07112764706145948 0.015276837377982466 -0.1311772696134019
v 0.09173353486945979 0.005281017666268206 -0.1185625127633611
v 0.10955214563985989 -0.004875263094911708 -0.10234529395853195
v 0.1240420699010534 -0.014883411453954887 -0.08301836518599043
v 0.13476303863661943 -0.024439334887339237 -0.06116896539659225
v 0.14138930063659969 -0.033252681497071945 -0.03746097754660871
v 0.14371952028317514 -0.04105566220618484 -0.012614756850040765
# Number of normals: 36
vn 1 0 0
vn .985 .174 0
vn .94 .342 0
vn .866 .5 0
vn .766 .643 0
vn .643 .766 0
vn .5 .866 0
vn .342 .94 0
vn .174 .985 0
vn 0 1 0
vn -.174 .985 0
vn -.342 .94 0
vn -.5 .866 0
vn -.643 .766 0
vn -.766 .643 0
vn -.866 .5 0
vn -.94 .342 0
vn -.985 .174 0
vn -1 0 0
vn -.985 -.174 0
vn -.94 -.342 0
vn -.866 -.5 0
vn -.766 -.643 0
vn -.643 -.766 0
vn -.5 -.866 0
vn -.342 -.94 0
vn -.174 -.985 0
vn 0 -1 0
vn .174 -.985 0
vn .342 -.94 0
vn .5 -.866 0
vn .643 -.766 0
vn .766 -.643 0
vn .866 -.5 0
vn .94 -.342 0
vn .985 -.174 0
# Number of faces: 72
f 3355//3283 3356//3284 3391//3283
f 3356//3284 3392//3284 3391//3283
f 3356//3284 3357//3285 3392//3284
f 3357//3285 3393//3285 3392//3284
f 3357//3285 3358//3286 3393//3285
f 3358//3286 3394//3286 3393//3285
f 3358//3286 3359//3287 3394//3286
f 3359//3287 3395//3287 3394//3286
f 3359//3287 3360//3288 3395//3287
f 3360//3288 3396//3288 3395//3287
f 3360//3288 3361//3289 3396//3288
f 3361//3289 3397//3289 3396//3288
f 3361//3289 3362//3290 3397//3289
f 3362//3290 3398//3290 3397//3289
f 3362//3290 3363//3291 3398//3290
f 3363//3291 3399//3291 3398//3290
f 3363//3291 3364//3292 3399//3291
f 3364//3292 3400//3292 3399//3291
f 3364//3292 3365//3293 3400//3292
f 3365//3293 3401//3293 3400//3292
f 3365//3293 3366//3294 3401//3293
f 3366//3294 3402//3294 3401//3293
f 3366//3294 3367//3295 3402//3294
f 3367//3295 3403//3295 3402//3294
f 3367//3295 3368//3296 3403//3295
f 3368//3296 3404//3296 3403//3295
f 3368//3296 3369//3297 3404//3296
f 3369//3297 3405//3297 3404//3296
f 3369//3297 3370//3298 3405//3297
f 3370//3298 3406//3298 3405//3297
f 3370//3298 3371//3299 3406//3298
f 3371//3299 3407//3299 3406//3298
f 3371//3299 3372//3300 3407//3299
f 3372//3300 3408//3300 3407//3299
f 3372//3300 3373//3301 3408//3300
f 3373//3301 3409//3301 3408//3300
f 3373//3301 3374//3302 3409//3301
f 3374//3302 3410//3302 3409//3301
f 3374//3302 3375//3303 3410//3302
f 3375//3303 3411//3303 3410//3302
f 3375//3303 3376//3304 3411//3303
f 3376//3304 3412//3304 3411//3303
f 3376//3304 3377//3305 3412//3304
f 3377//3305 3413//3305 3412//3304
f 3377//3305 3378//3306 3413//3305
f 3378//3306 3414//3306 3413//3305
f 3378//3306 3379//3307 3414//3306
f 3379//3307 3415//3307 3414//3306
f 3379//3307 3380//3308 3415//3307
f 3380//3308 3416//3308 3415//3307
f 3380//3308 3381//3309 3416//3308
f 3381//3309 3417//3309 3416//3308
f 3381//3309 3382//3310 3417//3309
f 3382//3310 3418//3310 3417//3309
f 3382//3310 3383//3311 3418//3310
f 3383//3311 3419//3311 3418//3310
f 3383//3311 3384//3312 3419//3311
f 3384//3312 3420//3312 3419//3311
f 3384//3312 3385//3313 3420//3312
f 3385//3313 3421//3313 3420//3312
f 3385//3313 3386//3314 3421//3313
f 3386//3314 3422//3314 3421//3313
f 3386//3314 3387//3315 3422//3314
f 3387//3315 3423//3315 3422//3314
f 3387//3315 3388//3316 3423//3315
f 3388//3316 3424//3316 3423//3315
f 3388//3316 3389//3317 3424//3316
f 3389//3317 3425//3317 3424//3316
f 3389//3317 3390//3318 3425//3317
f 3390//3318 3426//3318 3425//3317
f 3390//3318 3355//3283 3426//3318
f 3355//3283 3391//3283 3426//3318

g Cylinder4
usemtl kffffff
# Number of vertices: 72
v -0.0045463030878444555 0.4909527712807348 0.1272
v -0.004398945148931799 0.4837460947521592 0.15233350778345425
v 0.00009640182677095321 0.47540619525727384 0.17670334665107684
v 0.008803148996162441 0.46618647642203803 0.19956905138060851
v 0.02145674625232738 0.45636707473785754 0.2202358591044474
v 0.0376727204456663 0.4462463477560492 0.2380758193278139
v 0.056958357405993504 0.4361318086446203 0.25254687388677655
v 0.07872767281327264 0.4263307825562679 0.26320932711126815
v 0.10231921703465863 0.417141068709128 0.26973920575552424
v 0.12701617293688205 0.40884189190822634 0.27193810276121705
v 0.15206813601211658 0.40168541844107236 0.26973920575552424
v 0.17671391503922615 0.39588909413261514 0.2632093271112682
v 0.20020466049383795 0.39162903736388555 0.25254687388677655
v 0.2218266179622045 0.38903468780410866 0.2380758193278139
v 0.24092281520788766 0.38818487345185415 0.22023585910444743
v 0.25691302394071963 0.3891054154861884 0.19956905138060851
v 0.2693113897597892 0.39176834370321484 0.17670334665107684
v 0.27774119459355984 0.39609274637656594 0.15233350778345428
v 0.2819463030878445 0.40194722871926525 0.12720000000000004
v 0.28179894514893183 0.40915390524784084 0.10206649221654575
v 0.2773035981732291 0.4174938047427262 0.0776966533489232
v 0.26859685100383757 0.426713523577962 0.05483094861939147
v 0.2559432537476727 0.4365329252621425 0.034164140895552614
v 0.23972727955433376 0.4466536522439508 0.016324180672186106
v 0.2204416425940066 0.4567681913553797 0.0018531261132234966
v 0.19867232718672748 0.46656921744373214 -0.00880932711126814
v 0.1750807829653414 0.47575893129087204 -0.015339205755524221
v 0.15038382706311798 0.48405810809177363 -0.017538102761217034
v 0.1253318639878835 0.49121458155892767 -0.015339205755524221
v 0.10068608496077386 0.4970109058673849 -0.00880932711126814
v 0.07719533950616203 0.5012709626361145 0.0018531261132234411
v 0.05557338203779558 0.5038653121958914 0.016324180672186064
v 0.03647718479211237 0.5047151265481459 0.03416414089555257
v 0.020486976059280446 0.5037945845138116 0.05483094861939142
v 0.008088610240210875 0.5011316562967852 0.07769665334892309
v -0.00034119459355980153 0.4968072536234341 0.10206649221654576
v 0.13368047971682492 0.9339556622061849 0.2670147568500407
v 0.13601069936340035 0.926152681497072 0.2918609775466087
v 0.14263696136338064 0.9173393348873393 0.3155689653965923
v 0.1533579300989466 0.9077834114539549 0.3374183651859904
v 0.1678478543601401 0.8977752630949117 0.35674529395853194
v 0.18566646513054025 0.8876189823337318 0.3729625127633611
v 0.20627235293854046 0.8776231626220177 0.3855772696134019
v 0.2290394183101771 0.8680915218835807 0.39420627150514065
v 0.2532758954848238 0.8593136741990155 0.39858733058258267
v 0.2782453713677784 0.8515563300284124 0.39858733058258267
v 0.30318916106950144 0.8450551923489893 0.39420627150514065
v 0.3273493601620729 0.8400077949394016 0.3855772696134019
v 0.34999187322171554 0.8365675004158328 0.3729625127633611
v 0.37042871894677676 0.8348388403865088 0.35674529395853194
v 0.3880389341214433 0.8348743393116763 0.33741836518599033
v 0.40228744126883176 0.8366729185744575 0.3155689653965923
v 0.4127413067093614 0.8401799292540777 0.2918609775466088
v 0.41908289503153273 0.8452888126056698 0.2670147568500407
v 0.4211195202831751 0.8518443377938152 0.2417852431499593
v 0.4187893006365997 0.8596473185029282 0.21693902245339136
v 0.4121630386366195 0.868460665112661 0.19323103460340776
v 0.40144206990105347 0.8780165885460453 0.1713816348140097
v 0.38695214563985997 0.8880247369050884 0.1520547060414681
v 0.3691335348694599 0.8981810176662683 0.13583748723663894
v 0.34852764706145956 0.9081768373779826 0.12322273038659814
v 0.32576058168982297 0.9177084781164195 0.11459372849485935
v 0.3015241045151762 0.9264863258009847 0.11021266941741736
v 0.2765546286322218 0.9342436699715879 0.11021266941741736
v 0.25161083893049874 0.9407448076510108 0.11459372849485935
v 0.22745063983792724 0.9457922050605987 0.12322273038659812
v 0.20480812677828447 0.9492324995841673 0.1358374872366389
v 0.18437128105322337 0.9509611596134914 0.15205470604146806
v 0.16676106587855685 0.9509256606883238 0.1713816348140096
v 0.1525125587311683 0.9491270814255427 0.19323103460340776
v 0.14205869329063872 0.9456200707459225 0.2169390224533913
v 0.1357171049684674 0.9405111873943304 0.24178524314995925
# Number of normals: 36
vn 1 0 0
vn .985 .174 0
vn .94 .342 0
vn .866 .5 0
vn .766 .643 0
vn .643 .766 0
vn .5 .866 0
vn .342 .94 0
vn .174 .985 0
vn 0 1 0
vn -.174 .985 0
vn -.342 .94 0
vn -.5 .866 0
vn -.643 .766 0
vn -.766 .643 0
vn -.866 .5 0
vn -.94 .342 0
vn -.985 .174 0
vn -1 0 0
vn -.985 -.174 0
vn -.94 -.342 0
vn -.866 -.5 0
vn -.766 -.643 0
vn -.643 -.766 0
vn -.5 -.866 0
vn -.342 -.94 0
vn -.174 -.985 0
vn 0 -1 0
vn .174 -.985 0
vn .342 -.94 0
vn .5 -.866 0
vn .643 -.766 0
vn .766 -.643 0
vn .866 -.5 0
vn .94 -.342 0
vn .985 -.174 0
# Number of faces: 72
f 3427//3319 3428//3320 3463//3319
f 3428//3320 3464//3320 3463//3319
f 3428//3320 3429//3321 3464//3320
f 3429//3321 3465//3321 3464//3320
f 3429//3321 3430//3322 3465//3321
f 3430//3322 3466//3322 3465//3321
f 3430//3322 3431//3323 3466//3322
f 3431//3323 3467//3323 3466//3322
f 3431//3323 3432//3324 3467//3323
f 3432//3324 3468//3324 3467//3323
f 3432//3324 3433//3325 3468//3324
f 3433//3325 3469//3325 3468//3324
f 3433//3325 3434//3326 3469//3325
f 3434//3326 3470//3326 3469//3325
f 3434//3326 3435//3327 3470//3326
f 3435//3327 3471//3327 3470//3326
f 3435//3327 3436//3328 3471//3327
f 3436//3328 3472//3328 3471//3327
f 3436//3328 3437//3329 3472//3328
f 3437//3329 3473//3329 3472//3328
f 3437//3329 3438//3330 3473//3329
f 3438//3330 3474//3330 3473//3329
f 3438//3330 3439//3331 3474//3330
f 3439//3331 3475//3331 3474//3330
f 3439//3331 3440//3332 3475//3331
f 3440//3332 3476//3332 3475//3331
f 3440//3332 3441//3333 3476//3332
f 3441//3333 3477//3333 3476//3332
f 3441//3333 3442//3334 3477//3333
f 3442//3334 3478//3334 3477//3333
f 3442//3334 3443//3335 3478//3334
f 3443//3335 3479//3335 3478//3334
f 3443//3335 3444//3336 3479//3335
f 3444//3336 3480//3336 3479//3335
f 3444//3336 3445//3337 3480//3336
f 3445//3337 3481//3337 3480//3336
f 3445//3337 3446//3338 3481//3337
f 3446//3338 3482//3338 3481//3337
f 3446//3338 3447//3339 3482//3338
f 3447//3339 3483//3339 3482//3338
f 3447//3339 3448//3340 3483//3339
f 3448//3340 3484//3340 3483//3339
f 3448//3340 3449//3341 3484//3340
f 3449//3341 3485//3341 3484//3340
f 3449//3341 3450//3342 3485//3341
f 3450//3342 3486//3342 3485//3341
f 3450//3342 3451//3343 3486//3342
f 3451//3343 3487//3343 3486//3342
f 3451//3343 3452//3344 3487//3343
f 3452//3344 3488//3344 3487//3343
f 3452//3344 3453//3345 3488//3344
f 3453//3345 3489//3345 3488//3344
f 3453//3345 3454//3346 3489//3345
f 3454//3346 3490//3346 3489//3345
f 3454//3346 3455//3347 3490//3346
f 3455//3347 3491//3347 3490//3346
f 3455//3347 3456//3348 3491//3347
f 3456//3348 3492//3348 3491//3347
f 3456//3348 3457//3349 3492//3348
f 3457//3349 3493//3349 3492//3348
f 3457//3349 3458//3350 3493//3349
f 3458//3350 3494//3350 3493//3349
f 3458//3350 3459//3351 3494//3350
f 3459//3351 3495//3351 3494//3350
f 3459//3351 3460//3352 3495//3351
f 3460//3352 3496//3352 3495//3351
f 3460//3352 3461//3353 3496//3352
f 3461//3353 3497//3353 3496//3352
f 3461//3353 3462//3354 3497//3353
f 3462//3354 3498//3354 3497//3353
f 3462//3354 3427//3319 3498//3354
f 3427//3319 3463//3319 3498//3354

g Sphere3
usemtl kff0d0d
# Number of vertices: 642
v 0 0 0.1515
v 0.13550571943648726 0 0.06775285971824363
v 0.04187356517098607 0.12887359908014975 0.06775285971824363
v -0.10962643600224593 0.07964825503076306 0.06775285971824363
v -0.10962642064443437 -0.07964827616897636 0.06775285971824363
v 0.041873590020446 -0.1288735910060692 0.06775285971824363
v 0.10962642832334067 0.07964826559987007 -0.06775285971824363
v -0.04187357759571625 0.12887359504311008 -0.06775285971824363
v -0.13550571943648662 -1.3064134434335351e-8 -0.06775285971824363
v -0.041873552746255455 -0.12887360311718826 -0.06775285971824363
v 0.1096264436811502 -0.07964824446165528 -0.06775285971824363
v 0 0 -0.1515
v 0.07964826348604874 0 0.12887359746533406
v 0.10426092861137277 0.07575000171705544 0.07964826429345667
v 0.024612664068413365 0.07575000094916487 0.12887359746533406
v -0.03982413867879546 0.12256607186955018 0.07964826429345667
v -0.0644368023435048 0.04681606967791232 0.12887359746533406
v -0.12887359696632789 -1.2424730164136146e-8 0.07964826429345667
v -0.06443679331640964 -0.046816082102642355 0.12887359746533406
v -0.03982411504555399 -0.12256607954845482 0.07964826429345666
v 0.024612678674559435 -0.07574999620333939 0.12887359746533406
v 0.10426093793296536 -0.07574999313177759 0.07964826025641736
v 0.144085061767361 0.046816076036931595 0
v 0.08904946217732346 0.1225660772233877 0
v -7.303073185634e-9 0.1514999999999998 0
v -0.08904947399394392 0.12256606863811005 0
v -0.1440850662809079 0.04681606214566077 0
v -0.14408505725381276 -0.04681608992820202 0
v -0.08904945036070212 -0.12256608580866424 0
v 2.1909219561845237e-8 -0.1514999999999984 0
v 0.08904948581056356 -0.12256606005283126 0
v 0.14408506628090792 -0.04681606214566073 0
v 0.12887359946135538 1.2424730414274633e-8 -0.07964826025641736
v 0.0398241268621749 0.12256607570900308 -0.07964826429345667
v -0.10426093591444563 0.07574999166523741 -0.07964826429345667
v -0.10426092130829893 -0.07575001176887283 -0.0796482642934567
v 0.039824150495415676 -0.12256606803009615 -0.07964826429345667
v 0.06443679782995752 0.04681607589027754 -0.12887359746533406
v 0.06443680685705147 -0.04681606346554662 -0.12887359746533406
v -0.024612671371486528 0.07574999857625249 -0.12887359746533406
v -0.07964826348604837 -7.67890555446859e-9 -0.12887359746533406
v -0.024612656765339944 -0.07575000332207657 -0.12887359746533406
v 0.04139987913026977 0 0.1457336612042635
v 0.05481321354735788 0.039824132353610896 0.13550571981615323
v 0.012793264697914336 0.03937362531403534 0.14573366120426348
v 0.12462682596358278 0.03937362580490404 0.07661672037628761
v 0.09668678414204633 0.039824132667043925 0.10962643034226292
v 0.1118335604259512 0 0.10220325221075463
v 0.034558466611399226 0.10636003771630435 0.10220325221075463
v 0.06775285723858708 0.07964826493038386 0.1096264303422629
v 0.07595834646799975 0.10636003836323615 0.07661672037628761
v -0.020936788563211597 0.06443679679938745 0.13550571981615323
v -0.03349320765831203 0.024334235816193914 0.14573366120426348
v 0.0010652587457301902 0.13069427448280357 0.07661672037628761
v -0.007997145468167453 0.10426092956987265 0.10962643034226292
v -0.09047525599600373 0.06573411055154293 0.10220325221075463
v -0.05481322050357212 0.08904946169651874 0.1096264303422629
v -0.0776819916889096 0.10510773675627277 0.07661672037628761
v -0.06775285895891135 -6.532067157769951e-9 0.13550571981615325
v -0.033493202966173974 -0.02433424227436763 0.1457336612042635
v -0.12396845993004861 0.041399868373627524 0.07661672037628761
v -0.10162929126773443 0.02461265785791883 0.1096264303422629
v -0.09047524332112364 -0.06573412799701804 0.10220325221075463
v -0.10162928652190967 -0.024612677454120397 0.10962643034226292
v -0.12396845194730655 -0.04139989227727653 0.07661672037628761
v -0.020936776138481373 -0.0644368008364265 0.13550571981615323
v 0.012793272289952825 -0.03937362284723201 0.14573366120426348
v -0.07768197142199083 -0.10510775173494463 0.0766167203762876
v -0.05481320333301701 -0.08904947226562497 0.10962643034226288
v 0.03455848711978507 -0.10636003105272453 0.10220325221075463
v -0.007997125364531702 -0.10426093111188363 0.10962643034226288
v 0.0010652839462542774 -0.13069427427739752 0.0766167203762876
v 0.05481322045837271 -0.03982412930067769 0.13550571791782345
v 0.07595836334473166 -0.10636002846499773 0.07661671738540225
v 0.06775286963686933 -0.07964825770870732 0.10962642792655765
v 0.0966867887840098 -0.03982412804694585 0.10962642792655765
v 0.12462682935703503 -0.03937362088375755 0.07661671738540224
v 0.1453267660774277 0.02433423913902846 0.03521684067319471
v 0.13056321391663778 0.06443680046660981 0.041873570630943345
v 0.10326851457582055 0.10510774486355587 -0.03521684067319471
v 0.12256607293074905 0.0890494680856338 0
v 0.13187512911838287 0.06573411939783375 -0.03521684067319471
v 0.1016292868927054 0.10426093289576677 0.041873570630943345
v 0.0680516721176305 0.13069427705524572 0.03521684067319471
v 0.021765198133135193 0.1457336621485379 0.03521684067319471
v -0.020936792589035382 0.1440850609837783 0.041873570630943345
v -0.06805168471789248 0.13069427049436932 -0.03521684067319471
v -0.04681608298256687 0.14408505951058706 0
v -0.021765212183347638 0.14573366005014995 -0.035216840673194715
v -0.06775286781936964 0.12887359304708793 0.041873570630943345
v -0.1032685247092795 0.10510773490741651 0.03521684067319471
v -0.1318751354558223 0.06573410668372498 0.035216840673194715
v -0.14350286181628685 0.024612653923359783 0.041873570630943345
v -0.145326763731358 -0.024334253150011937 -0.03521684067319471
v -0.1514999999999993 -1.460614635657916e-8 0
v -0.14532676842349607 0.02433422512804477 -0.035216840673194715
v -0.1435028570704621 -0.024612681593640547 0.041873570630943345
v -0.13187512278094218 -0.06573413211194197 0.03521684067319471
v -0.1032685044423606 -0.10510775481969428 0.035216840673194715
v -0.06775284296990877 -0.12887360611122156 0.04187357063094334
v -0.02176518408292252 -0.14573366424692447 -0.03521684067319471
v -0.04681605520002514 -0.1440850685376809 0
v -0.06805165951736782 -0.13069428361612095 -0.03521684067319471
v -0.020936764806493865 -0.14408506502081664 0.04187357063094334
v 0.021765226233559858 -0.14573365795176066 0.03521684067319471
v 0.06805169731815383 -0.1306942639334917 0.03521684067319471
v 0.10162930306625037 -0.1042609181734615 0.04187356803396378
v 0.1318751384977717 -0.06573410071682809 -0.03521684041965486
v 0.12256608580866422 -0.08904945036070215 0
v 0.1032685348427375 -0.10510772495127617 -0.03521684067319471
v 0.13056322062498144 -0.06443678837103632 0.04187356832727183
v 0.14532676737723196 -0.024334231743378856 0.03521684041965486
v 0.14350285912867025 0.02461267401161499 -0.04187356803396378
v 0.12396845579146126 0.04139988630136455 -0.07661671738540224
v 0.1514999999999998 7.303073187701373e-9 0
v 0.1239684637742022 -0.04139986239771478 -0.07661671738540224
v 0.14350286250676395 -0.024612653816809292 -0.04187356832727182
v 0.020936778697764724 0.14408506300229815 -0.041873570630943345
v -0.0010652713459922514 0.13069427438010114 -0.07661672037628761
v 0.04681606909129623 0.14408506402413462 0
v 0.07768198155545059 0.10510774424560919 -0.07661672037628761
v 0.06775285539463953 0.12887359957915534 -0.041873570630943345
v -0.13056322012900243 0.06443678787898305 -0.041873570630943345
v -0.12462682975960161 0.03937361378960579 -0.07661672037628761
v -0.1225660815160261 0.08904945626901291 0
v -0.0759583567221927 0.10636003104007577 -0.07661672037628761
v -0.10162929694452304 0.1042609230976657 -0.041873570630943345
v -0.10162927684088677 -0.10426094269386688 -0.041873570630943345
v -0.07595833621380604 -0.1063600456863956 -0.07661672037628761
v -0.12256606434547081 -0.08904947990225386 0
v -0.12462682216756278 -0.039373637820201944 -0.07661672037628761
v -0.13056320770427188 -0.064436813054236 -0.041873570630943345
v 0.06775288024409912 -0.1288735865150193 -0.041873570630943345
v 0.07768200182236794 -0.10510772926693536 -0.07661672037628761
v 0.04681609687383707 -0.14408505499703814 0
v -0.0010652461454680765 -0.13069427458550478 -0.07661672037628761
v 0.02093680648030587 -0.1440850589652571 -0.041873570630943345
v 0.03349320531224316 0.02433423904528088 -0.1457336612042635
v 0.06775286275557087 6.5320675305042755e-9 -0.13550571791782343
v 0.03349321000438059 -0.024334232587106704 -0.1457336612042635
v 0.10162928993462422 0.024612674122235275 -0.10962642792655762
v 0.0904752496585641 0.06573411927428079 -0.10220325221075463
v 0.09047526233344252 -0.06573410182880444 -0.10220325221075463
v 0.10162929468044836 -0.02461265452603304 -0.10962642792655765
v -0.012793268493933647 0.039373624080633864 -0.14573366120426348
v 0.02093678235084658 0.06443679881790726 -0.13550571981615323
v 0.007997135416349605 0.10426093034087862 -0.1096264303422629
v -0.03455847686559233 0.10636003438451494 -0.10220325221075463
v 0.054813211918294816 0.08904946698107227 -0.10962643034226292
v -0.04139987913026957 -3.991370908713426e-9 -0.1457336612042635
v -0.05481321738681047 0.03982412706905746 -0.13550571981615323
v -0.09668678798149877 0.03982412334545088 -0.1096264303422629
v -0.11183356042595068 -1.078189668857321e-8 -0.10220325221075463
v -0.06775286491749247 0.07964825839831652 -0.1096264303422629
v -0.012793260901894893 -0.039373626547436466 -0.14573366120426348
v -0.05481320970790477 -0.03982413763816399 -0.13550571981615325
v -0.06775284955968101 -0.0796482714624505 -0.1096264303422629
v -0.034558456357205766 -0.10636004104809278 -0.10220325221075463
v -0.096686780302593 -0.03982414198863661 -0.1096264303422629
v 0.020936794775576438 -0.06443679478086703 -0.13550571981615323
v 0.054813229088848926 -0.08904945641196438 -0.1096264303422629
v 0.007997155519985257 -0.10426092879886573 -0.1096264303422629
v 0.020899764682336508 0 0.15005149061646458
v 0.027453022288681798 0.019945789023781708 0.14765076047022557
v 0.006458381698746526 0.019876857639233025 0.15005149061646458
v 0.06806877817561781 0.020160272600165608 0.13383741945496985
v 0.048604218337789405 0.02011806054830223 0.14207442978786627
v 0.061108335315530705 0 0.13862907831679708
v 0.018883511869214404 0.058117481230010086 0.13862907831679708
v 0.03415294050147815 0.0400085372833743 0.14207442978786627
v 0.040207965612994785 0.05850738974607123 0.13383741945496988
v 0.13132185654640577 0.019876857898389198 0.07288161985914188
v 0.11978548937910596 0.019945789261718718 0.09058615802061146
v 0.12486347434874388 0 0.08579838444609882
v 0.10172627564811815 0.0585073902611489 0.09581701376891633
v 0.11180157219237039 0.040008537690245705 0.09408493698357022
v 0.11554865165100235 0.058117481898658827 0.07888673779156022
v 0.09666513875832462 0 0.11665376525785116
v 0.10533876501750673 0.020118060718395635 0.10701055189801352
v 0.08926654310044856 0.020160272747697678 0.12073648034307691
v 0.038584930970891676 0.1187522224146182 0.08579838444609882
v 0.05598532059203693 0.10775918454253285 0.09058615802061148
v 0.05948469605387367 0.11875222280903124 0.07288161985914189
v 0.04675843458038159 0.07866766241574728 0.12073648034307691
v 0.051684877674606444 0.0939662982257124 0.10701055189801352
v 0.029871167094583907 0.09193401126663407 0.11665376525785116
v 0.09097950336230488 0.09193401203338172 0.07888673779156022
v 0.07259896265930436 0.09396629849893283 0.09408493698357022
v 0.08707897967528197 0.07866766280447848 0.09581701376891631
v 0.062108132294693065 0.06054046938518137 0.12421626894045247
v 0.07676987471983326 0.040360313006891864 0.12421626894045247
v 0.08332680440435647 0.060540469577385216 0.11110240866474412
v -0.010486123434136286 0.03227296310982505 0.14765076047022557
v -0.016908265753934126 0.012284572152556999 0.15005149061646458
v 0.0018608478791483267 0.07096712195661539 0.13383741945496985
v -0.004113885137380519 0.05244218101422841 0.14207442978786627
v -0.049437684538561004 0.03591857447757445 0.13862907831679708
v -0.027496542797352037 0.044844693494838904 0.14207442978786627
v -0.043218891757684785 0.05631982376456783 0.13383741945496985
v 0.021676665124658684 0.13103679512175553 0.07288161985914188
v 0.01804617441663576 0.12008635877562934 0.09058615802061148
v -0.02420869123775662 0.11482721428721618 0.09581701376891633
v -0.003501799249752473 0.11869293169692983 0.09408493698357022
v -0.019566517763632326 0.1278525869242038 0.07888673779156022
v 0.013418051712210895 0.10639994206169 0.10701055189801352
v 0.008411316565912446 0.09112739471747125 0.12073648034307691
v -0.10101667838549426 0.07339290098096031 0.08579838444609883
v -0.0851846624888727 0.08654462000449047 0.09058615802061148
v -0.09455829693805058 0.09326975912311014 0.07288161985914189
v -0.06036824469891721 0.06877955616560386 0.1207364803430769
v -0.0733957577014728 0.07819241992616194 0.10701055189801352
v -0.07820374440139134 0.056818336941237585 0.11665376525785116
v -0.059320232967154385 0.11493581931377247 0.07888673779156022
v -0.06693295104630533 0.09808289706687151 0.09408493698357022
v -0.04790851289065834 0.10712667391930415 0.09581701376891631
v -0.038384942539771 0.07777637634096654 0.12421626894045247
v -0.014661746037084214 0.0854845116594651 0.12421626894045247
v -0.03182801322084123 0.09795653303024839 0.11110240866474412
v -0.03393380221201361 -3.2715648966863092e-9 0.14765076047022557
v -0.016908263385217517 -0.012284575412815576 0.15005149061646458
v -0.06691871107491022 0.023699815647112956 0.13383741945496985
v -0.051146738876736764 0.012292985915861204 0.14207442978786627
v -0.049437677612725675 -0.035918584010168585 0.13862907831679708
v -0.05114673650639717 -0.012292995777996342 0.14207442978786627
v -0.0669187065051007 -0.023699828550406095 0.13383741945496985
v -0.11792494232667095 0.06110832565173802 0.07288161985914189
v -0.10863234154646172 0.054271653238110326 0.09058615802061148
v -0.11668806788041745 0.01245972257886944 0.09581701376891631
v -0.11396580289362797 0.03334771961631498 0.09408493698357022
v -0.12764142323513816 0.020899752991697357 0.07888673779156022
v -0.09704595398081428 0.045640712071967335 0.10701055189801352
v -0.08406806418957698 0.03615954780943707 0.1207364803430769
v -0.10101666423384281 -0.0733929204590367 0.08579838444609883
v -0.10863233108177704 -0.0542716741846424 0.09058615802061146
v -0.1179249305437361 -0.0611083483900731 0.07288161985914189
v -0.08406805721727642 -0.03615956401947535 0.12073648034307691
v -0.0970459451803515 -0.04564073078440752 0.10701055189801352
v -0.07820373344565464 -0.056818352020514905 0.11665376525785116
v -0.12764141920523675 -0.02089977760356905 0.07888673779156022
v -0.11396579646350471 -0.03334774159124767 0.09408493698357022
v -0.11668806547792641 -0.012459745078710774 0.09581701376891633
v -0.08583132862482314 -0.012472030989810473 0.12421626894045248
v -0.08583133102968374 0.01247201443977792 0.12421626894045247
v -0.10299759603452932 -9.93001955694057e-9 0.11110240866474413
v -0.010486117211249984 -0.0322729651317631 0.14765076047022557
v 0.006458385531410322 -0.01987685639392482 0.15005149061646458
v -0.043218880898072236 -0.05631983209805138 0.13383741945496985
v -0.027496534150379153 -0.04484469879673284 0.14207442978786627
v 0.018883523075450836 -0.05811747758888243 0.13862907831679708
v -0.004113875025457392 -0.05244218180746847 0.14207442978786627
v 0.001860861563058121 -0.0709671215978046 0.13383741945496985
v -0.09455827895373524 -0.0932697773558784 0.07288161985914186
v -0.08518464580130165 -0.08654463642983073 0.09058615802061146
v -0.04790849223444783 -0.10712668315704148 0.09581701376891631
v -0.06693293213391927 -0.09808290997290904 0.0940849369835702
v -0.05932021080518101 -0.11493583075192224 0.07888673779156019
v -0.07339574262437666 -0.07819243407836089 0.10701055189801349
v -0.06036823143681359 -0.06877956780583251 0.1207364803430769
v 0.03858495386874363 -0.11875221497465364 0.08579838444609882
v 0.018046197571736828 -0.12008635529595628 0.09058615802061146
v 0.02167669039122735 -0.1310367909420496 0.07288161985914186
v 0.008411334137134258 -0.09112739309559603 0.1207364803430769
v 0.013418072228291514 -0.10639993947441374 0.10701055189801349
v 0.029871184821337455 -0.09193400550686157 0.11665376525785116
v -0.019566493111043217 -0.12785259069702548 0.07888673779156019
v -0.0035017763633321836 -0.11869293237214604 0.09408493698357019
v -0.024208669096725175 -0.11482721895514393 0.09581701376891631
v -0.014661729553925014 -0.08548451448654745 0.12421626894045244
v -0.03838492754289719 -0.07777638374236562 0.12421626894045247
v -0.03182799433282138 -0.09795653916733726 0.1111024086647441
v 0.027453026038162128 -0.019945787704061812 0.14765075995135443
v 0.040207976368394245 -0.05850738559831519 0.1338374180369926
v 0.03415294782442926 -0.04000853449074435 0.14207442881393093
v 0.0486042218239299 -0.020118059003926905 0.14207442881393093
v 0.06806878144178123 -0.020160270985835206 0.1338374180369926
v 0.05948471694849811 -0.1187522133970017 0.07288161814113368
v 0.055985339484282935 -0.10775917606374602 0.09058615643072716
v 0.0870789906138055 -0.07866765475118413 0.09581701043984446
v 0.0725989774355168 -0.09396628983395368 0.09408493423582083
v 0.09097951632810689 -0.0919340024398714 0.07888673401839784
v 0.051684894141708876 -0.09396629092683528 0.10701055035375577
v 0.04675844822041128 -0.07866765630610874 0.12073647904143578
v 0.1197854909992819 -0.019945786752313944 0.09058615643072715
v 0.13132185788449283 -0.019876855357300313 0.07288161814113367
v 0.08926654539215076 -0.020160270395707044 0.12073647904143578
v 0.10533876704365018 -0.020118058323553432 0.10701055035375577
v 0.11554865773992214 -0.05811747491428793 0.07888673401839782
v 0.11180157623204956 -0.040008532863259054 0.09408493423582082
v 0.10172628265058903 -0.05850738353800485 0.09581701043984449
v 0.07676988050399186 -0.04036030908186691 0.12421626664096364
v 0.06210814202261403 -0.06054046412342593 0.12421626664096364
v 0.08332681273340084 -0.06054046335461072 0.11110240580879328
v 0.1417717391145956 0.012284573832180767 0.051981854855177506
v 0.1367523906845138 0.03227296503306156 0.05665235537949757
v 0.1390359005470055 0.056319828823217524 0.02119776498611762
v 0.13937205903813535 0.044844697053005686 0.038943963661839325
v 0.14610282025886434 0.03591857937157222 0.017778401737334103
v 0.12891501638036645 0.05244218312566794 0.05985804858716793
v 0.11887562754672147 0.07096712418044274 0.06151830996484522
v 0.1074750531381139 0.0932697685146417 -0.051981854855177506
v 0.11911845735511987 0.0865446286481576 -0.03568011167988384
v 0.12191643617988807 0.07339291079532502 -0.05198185485517752
v 0.10712667476773563 0.10712667993178819 0
v 0.11408544612887764 0.0980829044080922 -0.017790583027208554
v 0.09708725106142546 0.11493582606394619 -0.017778401737334103
v 0.13931207465786274 0.056818344627312264 -0.017778401737334103
v 0.12853672402372235 0.07819242759245575 -0.017790583027208554
v 0.13498748741987998 0.06877956266266709 0
v 0.07295222180675558 0.12008636043869866 0.05665235537949757
v 0.05549319564819213 0.13103679636867932 0.051981854855177506
v 0.1042283315092166 0.09112739681278112 0.06151830996484522
v 0.08971240677885202 0.10639994402856624 0.05985804858716794
v 0.07930884842297804 0.12785259087514436 0.017778401737334103
v 0.08571817156007135 0.11869293474635934 0.038943963661839325
v 0.09652779186799208 0.11482721871003812 0.021197764986117626
v 0.11765933651300846 0.08548451525987846 0.042437344192376616
v 0.12826867287838828 0.07777638145886251 0.02121867208810495
v 0.11360693038804769 0.09795653792689267 0.02121867208810495
v 0.03212654736939378 0.13862907963316123 0.051981854855177506
v 0.011565393647846856 0.14003214737954087 0.05665235537949757
v -0.010598889872227067 0.14963478303212033 0.02119776498611762
v 0.000418487784160488 0.14640847845080507 0.03894396366183933
v 0.010987649632100865 0.15005149111964247 0.017778401737334103
v -0.01003855445187088 0.13881099179767092 0.05985804858716794
v -0.030759161971282485 0.1349874864344604 0.06151830996484522
v -0.05549320828147653 0.13103679101856824 -0.051981854855177506
v -0.045499210759926266 0.14003214434812755 -0.03568011167988384
v -0.03212656073465189 0.13862907653583348 -0.051981854855177506
v -0.06877956916975281 0.13498748410435385 0
v -0.05802804906291852 0.13881098903726433 -0.017790583027208554
v -0.0793088607492724 0.12785258322896126 -0.0177784017373341
v -0.010987664098596146 0.1500514900603202 -0.017778401737334103
v -0.03464539130823789 0.1464084765874267 -0.017790583027208557
v -0.023699829388071206 0.14963478234346556 0
v -0.0916654434043998 0.10649040856072386 0.05665235537949757
v -0.10747506213027108 0.09326975815294915 0.051981854855177506
v -0.05445898372882031 0.12728694603255003 0.06151830996484522
v -0.07346970635917559 0.11820095713162715 0.05985804858716795
v -0.09708726214241181 0.11493581670374368 0.017778401737334103
v -0.08639532184822268 0.11820095624421723 0.03894396366183933
v -0.07937845139423744 0.1272869443966898 0.02119776498611762
v -0.04494187608490184 0.13831684493172583 0.04243734419237662
v -0.034332540266285315 0.14602497948529689 0.021218672088104955
v -0.05805573687446852 0.1383168441325204 0.02121867208810495
v -0.12191644325571321 0.07339289904133584 0.05198185485517752
v -0.12960458516523146 0.05427165129331682 0.05665235537949757
v -0.14558637395359586 0.03615954201365201 0.021197764986117626
v -0.13911341939434496 0.04564070813121141 0.038943963661839325
v -0.13931208013573046 0.05681833119620607 0.017778401737334103
v -0.13511918349317867 0.03334771763513887 0.05985804858716794
v -0.1378858328541529 0.01245972059019899 0.06151830996484522
v -0.14177173793023665 -0.012284587500423407 -0.051981854855177506
v -0.1472385127285345 -1.419529547314061e-8 -0.035680111679883844
v -0.14177174029895326 0.012284560163938023 -0.05198185485517752
v -0.14963478120101265 -0.023699836601231337 0
v -0.14994874849406203 -0.012293005353310292 -0.017790583027208554
v -0.14610281679594597 -0.03591859345737519 -0.017778401737334096
v -0.14610282372178132 0.035918565285768936 -0.017778401737334103
v -0.14994875086440165 0.01229297644013032 -0.017790583027208557
v -0.14963478577082218 0.02369980774859045 0
v -0.1296045747005468 -0.05427167628372558 0.05665235537949758
v -0.12191642910406177 -0.07339292254931352 0.051981854855177506
v -0.13788583045166186 -0.012459747177402135 0.06151830996484522
v -0.13511917706305546 -0.03334774368887516 0.05985804858716794
v -0.13931206917999375 -0.05681835805841797 0.017778401737334103
v -0.13911341059388213 -0.045640734955117675 0.038943963661839325
v -0.14558636698129532 -0.03615957008567623 0.02119776498611762
v -0.1454349401550314 -1.4021412684042966e-8 0.04243734419237662
v -0.14948734716467374 0.012472008358150986 0.02121867208810496
v -0.14948734475981315 -0.012472037182362918 0.021218672088104955
v -0.10747504414595568 -0.0932697788763334 0.05198185485517752
v -0.09166542287087343 -0.10649042623569065 0.05665235537949756
v -0.07937842685071461 -0.12728695970247333 0.02119776498611762
v -0.08639529905666372 -0.11820097290299678 0.038943963661839325
v -0.0970872399804382 -0.11493583542414766 0.017778401737334103
v -0.07346968356761671 -0.11820097129808414 0.05985804858716794
v -0.054458959185297647 -0.12728695653335148 0.06151830996484521
v -0.032126534004135315 -0.13862908273048766 -0.051981854855177506
v -0.045499183758869334 -0.1400321531213016 -0.03568011167988384
v -0.055493183014907146 -0.1310368017187892 -0.051981854855177506
v -0.02369980053543005 -0.1496347869132737 0
v -0.034645363077694134 -0.14640848326776268 -0.017790583027208554
v -0.010987635165605468 -0.15005149217896335 -0.017778401737334103
v -0.07930883609668286 -0.12785259852132627 -0.017778401737334103
v -0.05802802229732501 -0.1388110002262542 -0.017790583027208554
v -0.06877954314140892 -0.13498749736645635 0
v 0.01156542064890327 -0.1400321451494943 0.05665235537949755
v 0.0321265740999097 -0.13862907343850447 0.051981854855177506
v -0.030759135942938883 -0.13498749236545224 0.06151830996484521
v -0.010038527686277781 -0.13881099373330658 0.05985804858716793
v 0.010987678565091315 -0.15005148900099655 0.017778401737334103
v 0.00041851601470391546 -0.14640847837010934 0.038943963661839325
v -0.010598861019586035 -0.1496347850757999 0.021197764986117616
v -0.04494184941458966 -0.13831685359743442 0.042437344192376616
v -0.05805571020415626 -0.1383168553268491 0.02121867208810495
v -0.03433251210968765 -0.14602498610530878 0.02121867208810495
v 0.055493220914760395 -0.1310367856684559 0.051981854855177506
v 0.07295224290348439 -0.12008634841735857 0.05665235369457985
v 0.09652781175283968 -0.11482720224764048 0.021197763612886437
v 0.08571819219608219 -0.11869292031331292 0.03894396222950428
v 0.07930887307556607 -0.127852575582777 0.017778401737334103
v 0.08971242345338994 -0.10639993156537596 0.05985804574994876
v 0.10422834412777066 -0.09112738476199816 0.061518306436553975
v 0.12191644845271235 -0.07339289056398565 -0.051981854635439445
v 0.11911847189390005 -0.08654460874938963 -0.03568011140785878
v 0.1074750711224273 -0.09326974779125573 -0.051981854855177506
v 0.13498749570869384 -0.06877954639495207 0
v 0.12853673524005452 -0.07819240918447633 -0.01779058289532813
v 0.13931208142551155 -0.05681832808367672 -0.01777840157796276
v 0.09708727322339722 -0.1149358073435401 -0.0177784017373341
v 0.11408546264731066 -0.0980828852009966 -0.017790582992055114
v 0.10712669284191853 -0.10712666185760311 0
v 0.13675239287937638 -0.032272958750549856 0.05665235366028487
v 0.14177173952055416 -0.012284570076977908 0.05198185463543943
v 0.11887563553616882 -0.07096711363624336 0.06151830669006158
v 0.1289150212197609 -0.05244217442199219 0.059858045790035175
v 0.14610282293573787 -0.035918568561972446 0.01777840157796276
v 0.1393720626466727 -0.04484468706597666 0.038943962247909025
v 0.139035906081192 -0.0563198156084064 0.02119776379755785
v 0.1176593476098036 -0.08548450130845127 0.042437341529374756
v 0.11360694494149028 -0.0979565213401104 0.02121867074078145
v 0.1282686823953197 -0.07777636610043957 0.02121867085326013
v 0.1296045794698522 0.05427166665311641 -0.05665235369457984
v 0.11792493602412464 0.06110833986319776 -0.07288161814113368
v 0.14558636990597243 0.036159559115309346 -0.021197763612886434
v 0.13911341440500458 0.04564072456094892 -0.038943962229504296
v 0.12764142204091722 0.020899774527085333 -0.07888673401839782
v 0.13511918001230053 0.03334773683176367 -0.059858045749948775
v 0.1378858323757696 0.012459743304715906 -0.061518306436553975
v 0.14723851279445463 3.746468985723429e-9 0.03568011140785878
v 0.1496347851995963 -0.02369981135517059 0
v 0.14994875030383764 -0.012292983468703257 0.017790582895328134
v 0.14994874938294006 0.012292994561742404 0.017790582992055114
v 0.1496347829146919 0.02369982578149111 0
v 0.11792494780705785 -0.06110831712486161 -0.07288161814113367
v 0.1296045884804865 -0.05427164517087857 -0.056652353660284864
v 0.1378858343212726 -0.012459720523113005 -0.06151830669006158
v 0.1351191855075002 -0.03334771449421673 -0.059858045790035175
v 0.12764142607081805 -0.02089974991521307 -0.07888673401839782
v 0.1391134208437159 -0.045640704919979375 -0.038943962247909025
v 0.1455863741495264 -0.03615954192155993 -0.021197763797557848
v 0.14543494093208514 1.0233351298096412e-8 -0.04243734152937475
v 0.14948734558190094 0.012472029621181439 -0.02121867074078145
v 0.14948734703900982 -0.012472011965182158 -0.02121867085326013
v -0.01156540714837513 0.1400321462645182 -0.05665235537949757
v -0.021676677757943137 0.13103679303190316 -0.07288161985914188
v 0.010598875445906604 0.1496347840539608 -0.021197764986117626
v -0.00041850189943220704 0.14640847841045787 -0.038943963661839325
v 0.01956650543733785 0.12785258881061523 -0.07888673779156022
v 0.01003854106907437 0.13881099276548942 -0.05985804858716794
v 0.030759148957110828 0.13498748939995694 -0.06151830996484522
v 0.04549919725939804 0.1400321487347152 0.03568011167988384
v 0.0687795561555812 0.13498749073540572 0
v 0.058028035680122075 0.13881099463175992 0.017790583027208557
v 0.03464537719296619 0.14640847992759534 0.017790583027208557
v 0.02369981496175074 0.14963478462837032 0
v 0.09455828794589335 0.09326976823949469 -0.07288161985914188
v 0.09166543313763705 0.10649041739820775 -0.05665235537949757
v 0.05445897145705923 0.12728695128295134 -0.06151830996484522
v 0.07346969496339649 0.1182009642148562 -0.05985804858716794
v 0.05932022188616798 0.11493582503284788 -0.07888673779156022
v 0.08639531045244363 0.11820096457360754 -0.03894396366183933
v 0.07937843912247643 0.12728695204958218 -0.02119776498611762
v 0.04494186274974596 0.13831684926458074 -0.042437344192376616
v 0.03433252618798665 0.1460249827953035 -0.021218672088104955
v 0.05805572353931267 0.1383168497296854 -0.02121867208810496
v -0.13675239379595638 0.032272951848735146 -0.05665235537949757
v -0.13132185846273714 0.01987684523762176 -0.07288161985914188
v -0.1390359059768112 0.05631981541873734 -0.021197764986117626
v -0.1393720633616212 0.04484468361611644 -0.038943963661839325
v -0.11554865725412025 0.058117470758589154 -0.07888673779156022
v -0.12891502143632758 0.05244217069694431 -0.05985804858716794
v -0.11887563438867604 0.07096711271961857 -0.06151830996484522
v -0.1191184656989049 0.08654461716392207 0.035680111679883844
v -0.10712668509584052 0.1071266696036828 0
v -0.11408545558507022 0.0980828934090903 0.017790583027208557
v -0.12853673156226986 0.07819241520020323 0.017790583027208554
v -0.1349874940509312 0.06877954964849517 0
v -0.059484707502799765 0.11875221707409883 -0.07288161985914188
v -0.07295223338430608 0.12008635340535931 -0.05665235537949757
v -0.1042283402948273 0.09112738676410567 -0.06151830996484522
v -0.08971241703689223 0.10639993537937405 -0.05985804858716794
v -0.0909795122256816 0.09193400326202857 -0.07888673779156022
v -0.08571818300328135 0.11869292648225212 -0.038943963661839325
v -0.09652780293850757 0.11482720940377318 -0.021197764986117626
v -0.11765934475458771 0.0854845039163171 -0.042437344192376616
v -0.1282686803768247 0.07777636909245286 -0.021218672088104955
v -0.11360693983205727 0.09795652697402453 -0.02121867208810495
v -0.07295221022920431 -0.12008636747203692 -0.05665235537949757
v -0.059484684604946964 -0.11875222854396258 -0.07288161985914189
v -0.09652778079747568 -0.11482722801630199 -0.021197764986117626
v -0.08571816011686051 -0.11869294301046548 -0.03894396366183933
v -0.0909794944989273 -0.09193402080473409 -0.07888673779156022
v -0.08971239652081095 -0.10639995267775745 -0.05985804858716795
v -0.10422832272360491 -0.0911274068614557 -0.06151830996484524
v -0.11911844901133375 -0.08654464013239235 0.035680111679883844
v -0.13498748078882747 -0.06877957567683839 0
v -0.1285367164851736 -0.07819243998470758 0.017790583027208554
v -0.11408543667268396 -0.09808291540709325 0.017790583027208554
v -0.10712666443962972 -0.1071266902598926 0
v -0.13132185463007318 -0.01987687055915647 -0.07288161985914189
v -0.13675238757306993 -0.0322729782173877 -0.05665235537949757
v -0.11887562070476576 -0.07096713564126629 -0.06151830996484524
v -0.12891501132440414 -0.05244219555439112 -0.05985804858716795
v -0.11554864604788335 -0.05811749303872799 -0.07888673779156022
v -0.13937205471464814 -0.044844710489894545 -0.038943963661839325
v -0.1390358951171985 -0.05631984222769722 -0.02119776498611762
v -0.11765932827142807 -0.08548452660343905 -0.042437344192376616
v -0.11360692094403706 -0.0979565488797599 -0.02121867208810496
v -0.12826866537995063 -0.07777639382527148 -0.021218672088104955
v 0.0916654536711617 -0.10649039972323898 -0.05665235537949757
v 0.09455830593020695 -0.0932697500067247 -0.07288161985914188
v 0.07937846366599775 -0.1272869367437963 -0.02119776498611762
v 0.08639533324400096 -0.1182009479148258 -0.03894396366183933
v 0.05932024404814028 -0.11493581359469598 -0.07888673779156022
v 0.07346971775495402 -0.11820095004839697 -0.05985804858716794
v 0.0544589960005809 -0.12728694078214756 -0.06151830996484522
v 0.04549922426045408 -0.14003213996153854 0.03568011167988384
v 0.02369984381439144 -0.14963478005855943 0
v 0.034645405423509266 -0.14640847324725667 0.017790583027208557
v 0.05802806244571444 -0.13881098344276746 0.017790583027208557
v 0.06877958218392377 -0.13498747747330073 0
v -0.021676652491373988 -0.13103679721160671 -0.07288161985914189
v -0.011565380147318442 -0.14003214849456222 -0.05665235537949757
v 0.030759174985453896 -0.13498748346896258 -0.06151830996484522
v 0.010038567834667328 -0.13881099082985118 -0.05985804858716794
v 0.019566530089926655 -0.12785258503779115 -0.07888673779156022
v -0.000418473668888737 -0.14640847849115088 -0.038943963661839325
v 0.010598904298547446 -0.14963478201027847 -0.02119776498611762
v 0.0449418894200573 -0.1383168405988696 -0.042437344192376616
v 0.058055750209623835 -0.13831683853535418 -0.02121867208810495
v 0.034332554344583675 -0.1460249761752889 -0.021218672088104955
v 0.0169082645695759 0.012284573782686343 -0.15005149061646458
v 0.03393380446969513 3.2715651173749935e-9 -0.14765075995135443
v 0.016908266938292196 -0.012284570522427535 -0.15005149061646458
v 0.06691871048350782 0.023699825324583097 -0.1338374180369926
v 0.05114673960415302 0.012292994145456732 -0.14207442881393093
v 0.04943768107564358 0.03591857924387167 -0.13862907831679708
v 0.04943768800147799 -0.03591856971127686 -0.13862907831679708
v 0.05114674197449229 -0.012292984283320985 -0.14207442881393093
v 0.06691871505331672 -0.023699812421289178 -0.1338374180369926
v 0.10863233614987856 0.05427166669384323 -0.09058615643072715
v 0.10101667130966901 0.07339291071999883 -0.08579838444609883
v 0.11668806839252532 0.012459743383877139 -0.09581701043984446
v 0.1139658001095043 0.033347736883359555 -0.09408493423582082
v 0.07820373892352335 0.056818344480876505 -0.11665376525785116
v 0.09704594981211487 0.04564072455659292 -0.10701055035375577
v 0.08406806117498765 0.03615955916428553 -0.12073647904143579
v 0.10101668546131859 -0.07339289124192105 -0.08579838444609883
v 0.10863234661456181 -0.054271645747310165 -0.09058615643072716
v 0.08406806814728726 -0.03615954295424648 -0.12073647904143579
v 0.09704595861257646 -0.04564070584415183 -0.10701055035375577
v 0.07820374987925863 -0.05681832940159811 -0.11665376525785118
v 0.11396580653962664 -0.03334771490842616 -0.09408493423582082
v 0.11668807079501602 -0.012459720884035224 -0.09581701043984446
v 0.0858313346045248 -0.012472012740016072 -0.12421626664096365
v 0.08583133219966455 0.012472029290049329 -0.12421626664096364
v 0.10299759911521297 9.930019859295539e-9 -0.11110240580879327
v -0.006458383615078457 0.019876857016579017 -0.15005149061646458
v 0.010486120322693181 0.03227296412079422 -0.14765076047022557
v -0.0018608547211032397 0.07096712177721032 -0.13383741945496985
v 0.004113880081418969 0.05244218141084868 -0.14207442978786627
v -0.018883517472332717 0.05811747940944654 -0.13862907831679708
v 0.027496538473865725 0.04484469614578607 -0.14207442978786627
v 0.04321888632787872 0.05631982793130985 -0.13383741945496985
v -0.01804618599418639 0.12008635703579336 -0.09058615802061146
v -0.03858494241981785 0.11875221869463647 -0.08579838444609882
v 0.024208680167241006 0.11482721662118059 -0.09581701376891631
v 0.0035017878065423335 0.11869293203453847 -0.09408493698357022
v -0.029871175957960832 0.09193400838674824 -0.11665376525785116
v -0.013418061970251282 0.10639994076805236 -0.10701055189801352
v -0.008411325351523401 0.09112739390653404 -0.1207364803430769
v 0.08518465414508757 0.08654462821716098 -0.09058615802061146
v 0.060368238067865676 0.0687795619857185 -0.12073648034307691
v 0.07339575016292509 0.07819242700226178 -0.10701055189801352
v 0.0669329415901126 0.09808290351989073 -0.09408493698357022
v 0.0479085025625533 0.10712667853817331 -0.09581701376891633
v 0.038384935041334264 0.07777638004166643 -0.12421626894045247
v 0.014661737795504679 0.08548451307300668 -0.12421626894045247
v 0.031828003776831454 0.09795653609879328 -0.11110240866474412
v -0.02089976468233641 -2.014950635231255e-9 -0.15005149061646458
v -0.027453024211659318 0.019945786377030057 -0.14765076047022557
v -0.06806878011927354 0.020160266037640536 -0.13383741945496985
v -0.04860422027737556 0.0201180558623594 -0.14207442978786627
v -0.061108335315530414 -5.891467245371284e-9 -0.13862907831679708
v -0.03415294435870936 0.04000853399068206 -0.14207442978786627
v -0.04020797125370415 0.05850738586961268 -0.13383741945496985
v -0.11978549130208309 0.019945777713174823 -0.09058615802061146
v -0.12486347434874331 -1.203811338454055e-8 -0.08579838444609882
v -0.10172628128882728 0.05850738045369737 -0.09581701376891631
v -0.11180157604960127 0.040008526911432814 -0.09408493698357022
v -0.09666513875832418 -9.31950601866913e-9 -0.11665376525785116
v -0.10533876695709264 0.02011805056266342 -0.10701055189801352
v -0.08926654504410422 0.020160264141491704 -0.1207364803430769
v -0.05598533098112196 0.10775917914497601 -0.09058615802061146
v -0.04675844216474698 0.07866765790775657 -0.1207364803430769
v -0.051684886733916476 0.09396629324276222 -0.10701055189801352
v -0.0725989717186143 0.09396629149965141 -0.09408493698357022
v -0.08707898725964722 0.07866765440917568 -0.09581701376891631
v -0.062108138131411965 0.060540463397323226 -0.12421626894045247
v -0.07676987861097904 0.04036030560549219 -0.12421626894045247
v -0.0833268102410753 0.0605404615438305 -0.11110240866474412
v -0.0064583797824145275 -0.019876858261886857 -0.15005149061646458
v -0.02745302036570401 -0.019945791670533182 -0.14765076047022557
v -0.04020795997228502 -0.05850739362252925 -0.13383741945496988
v -0.034152936644246616 -0.04000854057606619 -0.14207442978786627
v -0.0188835062660959 -0.05811748305057311 -0.13862907831679708
v -0.04860421639820278 -0.02011806523424489 -0.14207442978786627
v -0.06806877623196143 -0.020160279162690507 -0.13383741945496988
v -0.055985310202951354 -0.10775918994008873 -0.09058615802061148
v -0.0385849195219651 -0.11875222613459883 -0.08579838444609882
v -0.08707897209091588 -0.07866767119978062 -0.09581701376891633
v -0.0725989535999937 -0.09396630549821344 -0.09408493698357022
v -0.02987115823120668 -0.09193401414651906 -0.11665376525785116
v -0.051684868615295906 -0.09396630320866174 -0.10701055189801352
v -0.04675842699601571 -0.0786676669237373 -0.12073648034307691
v -0.11978548745612776 -0.019945800810262444 -0.09058615802061148
v -0.08926654115679207 -0.020160281353903475 -0.1207364803430769
v -0.10533876307791984 -0.02011807087412767 -0.10701055189801352
v -0.11180156833513848 -0.040008548469058235 -0.09408493698357022
v -0.10172627000740807 -0.058507400068599946 -0.09581701376891633
v -0.07676987082868676 -0.0403603204082912 -0.12421626894045247
v -0.062108126457973555 -0.060540475373039006 -0.12421626894045247
v -0.08332679856763686 -0.06054047761093942 -0.11110240866474413
v 0.010486126545579304 -0.032272962098855565 -0.14765076047022557
v 0.043218897187490474 -0.05631981959782525 -0.13383741945496985
v 0.027496547120838107 -0.0448446908438913 -0.14207442978786627
v 0.004113890193342046 -0.05244218061760765 -0.14207442978786627
v -0.001860841037193373 -0.07096712213601979 -0.13383741945496985
v 0.08518467083265707 -0.08654461179181908 -0.09058615802061146
v 0.04790852321876297 -0.107126669300434 -0.09581701376891631
v 0.06693296050249746 -0.09808289061385136 -0.09408493698357022
v 0.07339576524001988 -0.07819241285006136 -0.10701055189801352
v 0.060368251329968196 -0.06877955034548855 -0.1207364803430769
v -0.018046162839084917 -0.12008636051546419 -0.09058615802061148
v -0.008411307780301382 -0.0911273955284076 -0.1207364803430769
v -0.013418041454170351 -0.10639994335532665 -0.10701055189801352
v 0.0035018106929626167 -0.11869293135932008 -0.09408493698357022
v 0.024208702308272052 -0.11482721195325073 -0.09581701376891631
v 0.014661754278663643 -0.08548451024592274 -0.12421626894045247
v 0.03838495003820739 -0.07777637264026592 -0.12421626894045247
v 0.03182802266485074 -0.0979565299617026 -0.11110240866474412
# Number of normals: 642
vn 0 0 1
vn .894 0 .447
vn .276 .851 .447
vn -.724 .526 .447
vn -.724 -.526 .447
vn .276 -.851 .447
vn .724 .526 -.447
vn -.276 .851 -.447
vn -.894 0 -.447
vn -.276 -.851 -.447
vn .724 -.526 -.447
vn 0 0 -1
vn .526 0 .851
vn .688 .5 .526
vn .162 .5 .851
vn -.263 .809 .526
vn -.425 .309 .851
vn -.851 0 .526
vn -.425 -.309 .851
vn -.263 -.809 .526
vn .162 -.5 .851
vn .688 -.5 .526
vn .951 .309 0
vn .588 .809 0
vn 0 1 0
vn -.588 .809 0
vn -.951 .309 0
vn -.951 -.309 0
vn -.588 -.809 0
vn 0 -1 0
vn .588 -.809 0
vn .951 -.309 0
vn .851 0 -.526
vn .263 .809 -.526
vn -.688 .5 -.526
vn -.688 -.5 -.526
vn .263 -.809 -.526
vn .425 .309 -.851
vn .425 -.309 -.851
vn -.162 .5 -.851
vn -.526 0 -.851
vn -.162 -.5 -.851
vn .273 0 .962
vn .362 .263 .894
vn .084 .26 .962
vn .823 .26 .506
vn .638 .263 .724
vn .738 0 .675
vn .228 .702 .675
vn .447 .526 .724
vn .501 .702 .506
vn -.138 .425 .894
vn -.221 .161 .962
vn .007 .863 .506
vn -.053 .688 .724
vn -.597 .434 .675
vn -.362 .588 .724
vn -.513 .694 .506
vn -.447 0 .894
vn -.221 -.161 .962
vn -.818 .273 .506
vn -.671 .162 .724
vn -.597 -.434 .675
vn -.671 -.162 .724
vn -.818 -.273 .506
vn -.138 -.425 .894
vn .084 -.26 .962
vn -.513 -.694 .506
vn -.362 -.588 .724
vn .228 -.702 .675
vn -.053 -.688 .724
vn .007 -.863 .506
vn .362 -.263 .894
vn .501 -.702 .506
vn .447 -.526 .724
vn .638 -.263 .724
vn .823 -.26 .506
vn .959 .161 .232
vn .862 .425 .276
vn .682 .694 -.232
vn .809 .588 0
vn .87 .434 -.232
vn .671 .688 .276
vn .449 .863 .232
vn .144 .962 .232
vn -.138 .951 .276
vn -.449 .863 -.232
vn -.309 .951 0
vn -.144 .962 -.232
vn -.447 .851 .276
vn -.682 .694 .232
vn -.87 .434 .232
vn -.947 .162 .276
vn -.959 -.161 -.232
vn -1 0 0
vn -.959 .161 -.232
vn -.947 -.162 .276
vn -.87 -.434 .232
vn -.682 -.694 .232
vn -.447 -.851 .276
vn -.144 -.962 -.232
vn -.309 -.951 0
vn -.449 -.863 -.232
vn -.138 -.951 .276
vn .144 -.962 .232
vn .449 -.863 .232
vn .671 -.688 .276
vn .87 -.434 -.232
vn .809 -.588 0
vn .682 -.694 -.232
vn .862 -.425 .276
vn .959 -.161 .232
vn .947 .162 -.276
vn .818 .273 -.506
vn 1 0 0
vn .818 -.273 -.506
vn .947 -.162 -.276
vn .138 .951 -.276
vn -.007 .863 -.506
vn .309 .951 0
vn .513 .694 -.506
vn .447 .851 -.276
vn -.862 .425 -.276
vn -.823 .26 -.506
vn -.809 .588 0
vn -.501 .702 -.506
vn -.671 .688 -.276
vn -.671 -.688 -.276
vn -.501 -.702 -.506
vn -.809 -.588 0
vn -.823 -.26 -.506
vn -.862 -.425 -.276
vn .447 -.851 -.276
vn .513 -.694 -.506
vn .309 -.951 0
vn -.007 -.863 -.506
vn .138 -.951 -.276
vn .221 .161 -.962
vn .447 0 -.894
vn .221 -.161 -.962
vn .671 .162 -.724
vn .597 .434 -.675
vn .597 -.434 -.675
vn .671 -.162 -.724
vn -.084 .26 -.962
vn .138 .425 -.894
vn .053 .688 -.724
vn -.228 .702 -.675
vn .362 .588 -.724
vn -.273 0 -.962
vn -.362 .263 -.894
vn -.638 .263 -.724
vn -.738 0 -.675
vn -.447 .526 -.724
vn -.084 -.26 -.962
vn -.362 -.263 -.894
vn -.447 -.526 -.724
vn -.228 -.702 -.675
vn -.638 -.263 -.724
vn .138 -.425 -.894
vn .362 -.588 -.724
vn .053 -.688 -.724
vn .138 0 .99
vn .181 .132 .975
vn .043 .131 .99
vn .449 .133 .883
vn .321 .133 .938
vn .403 0 .915
vn .125 .384 .915
vn .225 .264 .938
vn .265 .386 .883
vn .867 .131 .481
vn .791 .132 .598
vn .824 0 .566
vn .671 .386 .632
vn .738 .264 .621
vn .763 .384 .521
vn .638 0 .77
vn .695 .133 .706
vn .589 .133 .797
vn .255 .784 .566
vn .37 .711 .598
vn .393 .784 .481
vn .309 .519 .797
vn .341 .62 .706
vn .197 .607 .77
vn .601 .607 .521
vn .479 .62 .621
vn .575 .519 .632
vn .41 .4 .82
vn .507 .266 .82
vn .55 .4 .733
vn -.069 .213 .975
vn -.112 .081 .99
vn .012 .468 .883
vn -.027 .346 .938
vn -.326 .237 .915
vn -.181 .296 .938
vn -.285 .372 .883
vn .143 .865 .481
vn .119 .793 .598
vn -.16 .758 .632
vn -.023 .783 .621
vn -.129 .844 .521
vn .089 .702 .706
vn .056 .602 .797
vn -.667 .484 .566
vn -.562 .571 .598
vn -.624 .616 .481
vn -.398 .454 .797
vn -.484 .516 .706
vn -.516 .375 .77
vn -.392 .759 .521
vn -.442 .647 .621
vn -.316 .707 .632
vn -.253 .513 .82
vn -.097 .564 .82
vn -.21 .647 .733
vn -.224 0 .975
vn -.112 -.081 .99
vn -.442 .156 .883
vn -.338 .081 .938
vn -.326 -.237 .915
vn -.338 -.081 .938
vn -.442 -.156 .883
vn -.778 .403 .481
vn -.717 .358 .598
vn -.77 .082 .632
vn -.752 .22 .621
vn -.843 .138 .521
vn -.641 .301 .706
vn -.555 .239 .797
vn -.667 -.484 .566
vn -.717 -.358 .598
vn -.778 -.403 .481
vn -.555 -.239 .797
vn -.641 -.301 .706
vn -.516 -.375 .77
vn -.843 -.138 .521
vn -.752 -.22 .621
vn -.77 -.082 .632
vn -.567 -.082 .82
vn -.567 .082 .82
vn -.68 0 .733
vn -.069 -.213 .975
vn .043 -.131 .99
vn -.285 -.372 .883
vn -.181 -.296 .938
vn .125 -.384 .915
vn -.027 -.346 .938
vn .012 -.468 .883
vn -.624 -.616 .481
vn -.562 -.571 .598
vn -.316 -.707 .632
vn -.442 -.647 .621
vn -.392 -.759 .521
vn -.484 -.516 .706
vn -.398 -.454 .797
vn .255 -.784 .566
vn .119 -.793 .598
vn .143 -.865 .481
vn .056 -.602 .797
vn .089 -.702 .706
vn .197 -.607 .77
vn -.129 -.844 .521
vn -.023 -.783 .621
vn -.16 -.758 .632
vn -.097 -.564 .82
vn -.253 -.513 .82
vn -.21 -.647 .733
vn .181 -.132 .975
vn .265 -.386 .883
vn .225 -.264 .938
vn .321 -.133 .938
vn .449 -.133 .883
vn .393 -.784 .481
vn .37 -.711 .598
vn .575 -.519 .632
vn .479 -.62 .621
vn .601 -.607 .521
vn .341 -.62 .706
vn .309 -.519 .797
vn .791 -.132 .598
vn .867 -.131 .481
vn .589 -.133 .797
vn .695 -.133 .706
vn .763 -.384 .521
vn .738 -.264 .621
vn .671 -.386 .632
vn .507 -.266 .82
vn .41 -.4 .82
vn .55 -.4 .733
vn .936 .081 .343
vn .903 .213 .374
vn .918 .372 .14
vn .92 .296 .257
vn .964 .237 .117
vn .851 .346 .395
vn .785 .468 .406
vn .709 .616 -.343
vn .786 .571 -.236
vn .805 .484 -.343
vn .707 .707 0
vn .753 .647 -.117
vn .641 .759 -.117
vn .92 .375 -.117
vn .848 .516 -.117
vn .891 .454 0
vn .482 .793 .374
vn .366 .865 .343
vn .688 .602 .406
vn .592 .702 .395
vn .523 .844 .117
vn .566 .783 .257
vn .637 .758 .14
vn .777 .564 .28
vn .847 .513 .14
vn .75 .647 .14
vn .212 .915 .343
vn .076 .924 .374
vn -.07 .988 .14
vn .003 .966 .257
vn .073 .99 .117
vn -.066 .916 .395
vn -.203 .891 .406
vn -.366 .865 -.343
vn -.3 .924 -.236
vn -.212 .915 -.343
vn -.454 .891 0
vn -.383 .916 -.117
vn -.523 .844 -.117
vn -.073 .99 -.117
vn -.229 .966 -.117
vn -.156 .988 0
vn -.605 .703 .374
vn -.709 .616 .343
vn -.359 .84 .406
vn -.485 .78 .395
vn -.641 .759 .117
vn -.57 .78 .257
vn -.524 .84 .14
vn -.297 .913 .28
vn -.227 .964 .14
vn -.383 .913 .14
vn -.805 .484 .343
vn -.855 .358 .374
vn -.961 .239 .14
vn -.918 .301 .257
vn -.92 .375 .117
vn -.892 .22 .395
vn -.91 .082 .406
vn -.936 -.081 -.343
vn -.972 0 -.236
vn -.936 .081 -.343
vn -.988 -.156 0
vn -.99 -.081 -.117
vn -.964 -.237 -.117
vn -.964 .237 -.117
vn -.99 .081 -.117
vn -.988 .156 0
vn -.855 -.358 .374
vn -.805 -.484 .343
vn -.91 -.082 .406
vn -.892 -.22 .395
vn -.92 -.375 .117
vn -.918 -.301 .257
vn -.961 -.239 .14
vn -.96 0 .28
vn -.987 .082 .14
vn -.987 -.082 .14
vn -.709 -.616 .343
vn -.605 -.703 .374
vn -.524 -.84 .14
vn -.57 -.78 .257
vn -.641 -.759 .117
vn -.485 -.78 .395
vn -.359 -.84 .406
vn -.212 -.915 -.343
vn -.3 -.924 -.236
vn -.366 -.865 -.343
vn -.156 -.988 0
vn -.229 -.966 -.117
vn -.073 -.99 -.117
vn -.523 -.844 -.117
vn -.383 -.916 -.117
vn -.454 -.891 0
vn .076 -.924 .374
vn .212 -.915 .343
vn -.203 -.891 .406
vn -.066 -.916 .395
vn .073 -.99 .117
vn .003 -.966 .257
vn -.07 -.988 .14
vn -.297 -.913 .28
vn -.383 -.913 .14
vn -.227 -.964 .14
vn .366 -.865 .343
vn .482 -.793 .374
vn .637 -.758 .14
vn .566 -.783 .257
vn .523 -.844 .117
vn .592 -.702 .395
vn .688 -.602 .406
vn .805 -.484 -.343
vn .786 -.571 -.236
vn .709 -.616 -.343
vn .891 -.454 0
vn .848 -.516 -.117
vn .92 -.375 -.117
vn .641 -.759 -.117
vn .753 -.647 -.117
vn .707 -.707 0
vn .903 -.213 .374
vn .936 -.081 .343
vn .785 -.468 .406
vn .851 -.346 .395
vn .964 -.237 .117
vn .92 -.296 .257
vn .918 -.372 .14
vn .777 -.564 .28
vn .75 -.647 .14
vn .847 -.513 .14
vn .855 .358 -.374
vn .778 .403 -.481
vn .961 .239 -.14
vn .918 .301 -.257
vn .843 .138 -.521
vn .892 .22 -.395
vn .91 .082 -.406
vn .972 0 .236
vn .988 -.156 0
vn .99 -.081 .117
vn .99 .081 .117
vn .988 .156 0
vn .778 -.403 -.481
vn .855 -.358 -.374
vn .91 -.082 -.406
vn .892 -.22 -.395
vn .843 -.138 -.521
vn .918 -.301 -.257
vn .961 -.239 -.14
vn .96 0 -.28
vn .987 .082 -.14
vn .987 -.082 -.14
vn -.076 .924 -.374
vn -.143 .865 -.481
vn .07 .988 -.14
vn -.003 .966 -.257
vn .129 .844 -.521
vn .066 .916 -.395
vn .203 .891 -.406
vn .3 .924 .236
vn .454 .891 0
vn .383 .916 .117
vn .229 .966 .117
vn .156 .988 0
vn .624 .616 -.481
vn .605 .703 -.374
vn .359 .84 -.406
vn .485 .78 -.395
vn .392 .759 -.521
vn .57 .78 -.257
vn .524 .84 -.14
vn .297 .913 -.28
vn .227 .964 -.14
vn .383 .913 -.14
vn -.903 .213 -.374
vn -.867 .131 -.481
vn -.918 .372 -.14
vn -.92 .296 -.257
vn -.763 .384 -.521
vn -.851 .346 -.395
vn -.785 .468 -.406
vn -.786 .571 .236
vn -.707 .707 0
vn -.753 .647 .117
vn -.848 .516 .117
vn -.891 .454 0
vn -.393 .784 -.481
vn -.482 .793 -.374
vn -.688 .602 -.406
vn -.592 .702 -.395
vn -.601 .607 -.521
vn -.566 .783 -.257
vn -.637 .758 -.14
vn -.777 .564 -.28
vn -.847 .513 -.14
vn -.75 .647 -.14
vn -.482 -.793 -.374
vn -.393 -.784 -.481
vn -.637 -.758 -.14
vn -.566 -.783 -.257
vn -.601 -.607 -.521
vn -.592 -.702 -.395
vn -.688 -.602 -.406
vn -.786 -.571 .236
vn -.891 -.454 0
vn -.848 -.516 .117
vn -.753 -.647 .117
vn -.707 -.707 0
vn -.867 -.131 -.481
vn -.903 -.213 -.374
vn -.785 -.468 -.406
vn -.851 -.346 -.395
vn -.763 -.384 -.521
vn -.92 -.296 -.257
vn -.918 -.372 -.14
vn -.777 -.564 -.28
vn -.75 -.647 -.14
vn -.847 -.513 -.14
vn .605 -.703 -.374
vn .624 -.616 -.481
vn .524 -.84 -.14
vn .57 -.78 -.257
vn .392 -.759 -.521
vn .485 -.78 -.395
vn .359 -.84 -.406
vn .3 -.924 .236
vn .156 -.988 0
vn .229 -.966 .117
vn .383 -.916 .117
vn .454 -.891 0
vn -.143 -.865 -.481
vn -.076 -.924 -.374
vn .203 -.891 -.406
vn .066 -.916 -.395
vn .129 -.844 -.521
vn -.003 -.966 -.257
vn .07 -.988 -.14
vn .297 -.913 -.28
vn .383 -.913 -.14
vn .227 -.964 -.14
vn .112 .081 -.99
vn .224 0 -.975
vn .112 -.081 -.99
vn .442 .156 -.883
vn .338 .081 -.938
vn .326 .237 -.915
vn .326 -.237 -.915
vn .338 -.081 -.938
vn .442 -.156 -.883
vn .717 .358 -.598
vn .667 .484 -.566
vn .77 .082 -.632
vn .752 .22 -.621
vn .516 .375 -.77
vn .641 .301 -.706
vn .555 .239 -.797
vn .667 -.484 -.566
vn .717 -.358 -.598
vn .555 -.239 -.797
vn .641 -.301 -.706
vn .516 -.375 -.77
vn .752 -.22 -.621
vn .77 -.082 -.632
vn .567 -.082 -.82
vn .567 .082 -.82
vn .68 0 -.733
vn -.043 .131 -.99
vn .069 .213 -.975
vn -.012 .468 -.883
vn .027 .346 -.938
vn -.125 .384 -.915
vn .181 .296 -.938
vn .285 .372 -.883
vn -.119 .793 -.598
vn -.255 .784 -.566
vn .16 .758 -.632
vn .023 .783 -.621
vn -.197 .607 -.77
vn -.089 .702 -.706
vn -.056 .602 -.797
vn .562 .571 -.598
vn .398 .454 -.797
vn .484 .516 -.706
vn .442 .647 -.621
vn .316 .707 -.632
vn .253 .513 -.82
vn .097 .564 -.82
vn .21 .647 -.733
vn -.138 0 -.99
vn -.181 .132 -.975
vn -.449 .133 -.883
vn -.321 .133 -.938
vn -.403 0 -.915
vn -.225 .264 -.938
vn -.265 .386 -.883
vn -.791 .132 -.598
vn -.824 0 -.566
vn -.671 .386 -.632
vn -.738 .264 -.621
vn -.638 0 -.77
vn -.695 .133 -.706
vn -.589 .133 -.797
vn -.37 .711 -.598
vn -.309 .519 -.797
vn -.341 .62 -.706
vn -.479 .62 -.621
vn -.575 .519 -.632
vn -.41 .4 -.82
vn -.507 .266 -.82
vn -.55 .4 -.733
vn -.043 -.131 -.99
vn -.181 -.132 -.975
vn -.265 -.386 -.883
vn -.225 -.264 -.938
vn -.125 -.384 -.915
vn -.321 -.133 -.938
vn -.449 -.133 -.883
vn -.37 -.711 -.598
vn -.255 -.784 -.566
vn -.575 -.519 -.632
vn -.479 -.62 -.621
vn -.197 -.607 -.77
vn -.341 -.62 -.706
vn -.309 -.519 -.797
vn -.791 -.132 -.598
vn -.589 -.133 -.797
vn -.695 -.133 -.706
vn -.738 -.264 -.621
vn -.671 -.386 -.632
vn -.507 -.266 -.82
vn -.41 -.4 -.82
vn -.55 -.4 -.733
vn .069 -.213 -.975
vn .285 -.372 -.883
vn .181 -.296 -.938
vn .027 -.346 -.938
vn -.012 -.468 -.883
vn .562 -.571 -.598
vn .316 -.707 -.632
vn .442 -.647 -.621
vn .484 -.516 -.706
vn .398 -.454 -.797
vn -.119 -.793 -.598
vn -.056 -.602 -.797
vn -.089 -.702 -.706
vn .023 -.783 -.621
vn .16 -.758 -.632
vn .097 -.564 -.82
vn .253 -.513 -.82
vn .21 -.647 -.733
# Number of faces: 1280
f 3499//3355 3661//3517 3663//3519
f 3541//3397 3662//3518 3661//3517
f 3543//3399 3663//3519 3662//3518
f 3663//3519 3661//3517 3662//3518
f 3511//3367 3664//3520 3666//3522
f 3542//3398 3665//3521 3664//3520
f 3541//3397 3666//3522 3665//3521
f 3666//3522 3664//3520 3665//3521
f 3513//3369 3667//3523 3669//3525
f 3543//3399 3668//3524 3667//3523
f 3542//3398 3669//3525 3668//3524
f 3669//3525 3667//3523 3668//3524
f 3543//3399 3662//3518 3668//3524
f 3541//3397 3665//3521 3662//3518
f 3542//3398 3668//3524 3665//3521
f 3668//3524 3662//3518 3665//3521
f 3500//3356 3670//3526 3672//3528
f 3544//3400 3671//3527 3670//3526
f 3546//3402 3672//3528 3671//3527
f 3672//3528 3670//3526 3671//3527
f 3512//3368 3673//3529 3675//3531
f 3545//3401 3674//3530 3673//3529
f 3544//3400 3675//3531 3674//3530
f 3675//3531 3673//3529 3674//3530
f 3511//3367 3676//3532 3678//3534
f 3546//3402 3677//3533 3676//3532
f 3545//3401 3678//3534 3677//3533
f 3678//3534 3676//3532 3677//3533
f 3546//3402 3671//3527 3677//3533
f 3544//3400 3674//3530 3671//3527
f 3545//3401 3677//3533 3674//3530
f 3677//3533 3671//3527 3674//3530
f 3501//3357 3679//3535 3681//3537
f 3547//3403 3680//3536 3679//3535
f 3549//3405 3681//3537 3680//3536
f 3681//3537 3679//3535 3680//3536
f 3513//3369 3682//3538 3684//3540
f 3548//3404 3683//3539 3682//3538
f 3547//3403 3684//3540 3683//3539
f 3684//3540 3682//3538 3683//3539
f 3512//3368 3685//3541 3687//3543
f 3549//3405 3686//3542 3685//3541
f 3548//3404 3687//3543 3686//3542
f 3687//3543 3685//3541 3686//3542
f 3549//3405 3680//3536 3686//3542
f 3547//3403 3683//3539 3680//3536
f 3548//3404 3686//3542 3683//3539
f 3686//3542 3680//3536 3683//3539
f 3513//3369 3669//3525 3682//3538
f 3542//3398 3688//3544 3669//3525
f 3548//3404 3682//3538 3688//3544
f 3682//3538 3669//3525 3688//3544
f 3511//3367 3678//3534 3664//3520
f 3545//3401 3689//3545 3678//3534
f 3542//3398 3664//3520 3689//3545
f 3664//3520 3678//3534 3689//3545
f 3512//3368 3687//3543 3673//3529
f 3548//3404 3690//3546 3687//3543
f 3545//3401 3673//3529 3690//3546
f 3673//3529 3687//3543 3690//3546
f 3548//3404 3688//3544 3690//3546
f 3542//3398 3689//3545 3688//3544
f 3545//3401 3690//3546 3689//3545
f 3690//3546 3688//3544 3689//3545
f 3499//3355 3663//3519 3692//3548
f 3543//3399 3691//3547 3663//3519
f 3551//3407 3692//3548 3691//3547
f 3692//3548 3663//3519 3691//3547
f 3513//3369 3693//3549 3667//3523
f 3550//3406 3694//3550 3693//3549
f 3543//3399 3667//3523 3694//3550
f 3667//3523 3693//3549 3694//3550
f 3515//3371 3695//3551 3697//3553
f 3551//3407 3696//3552 3695//3551
f 3550//3406 3697//3553 3696//3552
f 3697//3553 3695//3551 3696//3552
f 3551//3407 3691//3547 3696//3552
f 3543//3399 3694//3550 3691//3547
f 3550//3406 3696//3552 3694//3550
f 3696//3552 3691//3547 3694//3550
f 3501//3357 3698//3554 3679//3535
f 3552//3408 3699//3555 3698//3554
f 3547//3403 3679//3535 3699//3555
f 3679//3535 3698//3554 3699//3555
f 3514//3370 3700//3556 3702//3558
f 3553//3409 3701//3557 3700//3556
f 3552//3408 3702//3558 3701//3557
f 3702//3558 3700//3556 3701//3557
f 3513//3369 3684//3540 3704//3560
f 3547//3403 3703//3559 3684//3540
f 3553//3409 3704//3560 3703//3559
f 3704//3560 3684//3540 3703//3559
f 3547//3403 3699//3555 3703//3559
f 3552//3408 3701//3557 3699//3555
f 3553//3409 3703//3559 3701//3557
f 3703//3559 3699//3555 3701//3557
f 3502//3358 3705//3561 3707//3563
f 3554//3410 3706//3562 3705//3561
f 3556//3412 3707//3563 3706//3562
f 3707//3563 3705//3561 3706//3562
f 3515//3371 3708//3564 3710//3566
f 3555//3411 3709//3565 3708//3564
f 3554//3410 3710//3566 3709//3565
f 3710//3566 3708//3564 3709//3565
f 3514//3370 3711//3567 3713//3569
f 3556//3412 3712//3568 3711//3567
f 3555//3411 3713//3569 3712//3568
f 3713//3569 3711//3567 3712//3568
f 3556//3412 3706//3562 3712//3568
f 3554//3410 3709//3565 3706//3562
f 3555//3411 3712//3568 3709//3565
f 3712//3568 3706//3562 3709//3565
f 3515//3371 3697//3553 3708//3564
f 3550//3406 3714//3570 3697//3553
f 3555//3411 3708//3564 3714//3570
f 3708//3564 3697//3553 3714//3570
f 3513//3369 3704//3560 3693//3549
f 3553//3409 3715//3571 3704//3560
f 3550//3406 3693//3549 3715//3571
f 3693//3549 3704//3560 3715//3571
f 3514//3370 3713//3569 3700//3556
f 3555//3411 3716//3572 3713//3569
f 3553//3409 3700//3556 3716//3572
f 3700//3556 3713//3569 3716//3572
f 3555//3411 3714//3570 3716//3572
f 3550//3406 3715//3571 3714//3570
f 3553//3409 3716//3572 3715//3571
f 3716//3572 3714//3570 3715//3571
f 3499//3355 3692//3548 3718//3574
f 3551//3407 3717//3573 3692//3548
f 3558//3414 3718//3574 3717//3573
f 3718//3574 3692//3548 3717//3573
f 3515//3371 3719//3575 3695//3551
f 3557//3413 3720//3576 3719//3575
f 3551//3407 3695//3551 3720//3576
f 3695//3551 3719//3575 3720//3576
f 3517//3373 3721//3577 3723//3579
f 3558//3414 3722//3578 3721//3577
f 3557//3413 3723//3579 3722//3578
f 3723//3579 3721//3577 3722//3578
f 3558//3414 3717//3573 3722//3578
f 3551//3407 3720//3576 3717//3573
f 3557//3413 3722//3578 3720//3576
f 3722//3578 3717//3573 3720//3576
f 3502//3358 3724//3580 3705//3561
f 3559//3415 3725//3581 3724//3580
f 3554//3410 3705//3561 3725//3581
f 3705//3561 3724//3580 3725//3581
f 3516//3372 3726//3582 3728//3584
f 3560//3416 3727//3583 3726//3582
f 3559//3415 3728//3584 3727//3583
f 3728//3584 3726//3582 3727//3583
f 3515//3371 3710//3566 3730//3586
f 3554//3410 3729//3585 3710//3566
f 3560//3416 3730//3586 3729//3585
f 3730//3586 3710//3566 3729//3585
f 3554//3410 3725//3581 3729//3585
f 3559//3415 3727//3583 3725//3581
f 3560//3416 3729//3585 3727//3583
f 3729//3585 3725//3581 3727//3583
f 3503//3359 3731//3587 3733//3589
f 3561//3417 3732//3588 3731//3587
f 3563//3419 3733//3589 3732//3588
f 3733//3589 3731//3587 3732//3588
f 3517//3373 3734//3590 3736//3592
f 3562//3418 3735//3591 3734//3590
f 3561//3417 3736//3592 3735//3591
f 3736//3592 3734//3590 3735//3591
f 3516//3372 3737//3593 3739//3595
f 3563//3419 3738//3594 3737//3593
f 3562//3418 3739//3595 3738//3594
f 3739//3595 3737//3593 3738//3594
f 3563//3419 3732//3588 3738//3594
f 3561//3417 3735//3591 3732//3588
f 3562//3418 3738//3594 3735//3591
f 3738//3594 3732//3588 3735//3591
f 3517//3373 3723//3579 3734//3590
f 3557//3413 3740//3596 3723//3579
f 3562//3418 3734//3590 3740//3596
f 3734//3590 3723//3579 3740//3596
f 3515//3371 3730//3586 3719//3575
f 3560//3416 3741//3597 3730//3586
f 3557//3413 3719//3575 3741//3597
f 3719//3575 3730//3586 3741//3597
f 3516//3372 3739//3595 3726//3582
f 3562//3418 3742//3598 3739//3595
f 3560//3416 3726//3582 3742//3598
f 3726//3582 3739//3595 3742//3598
f 3562//3418 3740//3596 3742//3598
f 3557//3413 3741//3597 3740//3596
f 3560//3416 3742//3598 3741//3597
f 3742//3598 3740//3596 3741//3597
f 3499//3355 3718//3574 3744//3600
f 3558//3414 3743//3599 3718//3574
f 3565//3421 3744//3600 3743//3599
f 3744//3600 3718//3574 3743//3599
f 3517//3373 3745//3601 3721//3577
f 3564//3420 3746//3602 3745//3601
f 3558//3414 3721//3577 3746//3602
f 3721//3577 3745//3601 3746//3602
f 3519//3375 3747//3603 3749//3605
f 3565//3421 3748//3604 3747//3603
f 3564//3420 3749//3605 3748//3604
f 3749//3605 3747//3603 3748//3604
f 3565//3421 3743//3599 3748//3604
f 3558//3414 3746//3602 3743//3599
f 3564//3420 3748//3604 3746//3602
f 3748//3604 3743//3599 3746//3602
f 3503//3359 3750//3606 3731//3587
f 3566//3422 3751//3607 3750//3606
f 3561//3417 3731//3587 3751//3607
f 3731//3587 3750//3606 3751//3607
f 3518//3374 3752//3608 3754//3610
f 3567//3423 3753//3609 3752//3608
f 3566//3422 3754//3610 3753//3609
f 3754//3610 3752//3608 3753//3609
f 3517//3373 3736//3592 3756//3612
f 3561//3417 3755//3611 3736//3592
f 3567//3423 3756//3612 3755//3611
f 3756//3612 3736//3592 3755//3611
f 3561//3417 3751//3607 3755//3611
f 3566//3422 3753//3609 3751//3607
f 3567//3423 3755//3611 3753//3609
f 3755//3611 3751//3607 3753//3609
f 3504//3360 3757//3613 3759//3615
f 3568//3424 3758//3614 3757//3613
f 3570//3426 3759//3615 3758//3614
f 3759//3615 3757//3613 3758//3614
f 3519//3375 3760//3616 3762//3618
f 3569//3425 3761//3617 3760//3616
f 3568//3424 3762//3618 3761//3617
f 3762//3618 3760//3616 3761//3617
f 3518//3374 3763//3619 3765//3621
f 3570//3426 3764//3620 3763//3619
f 3569//3425 3765//3621 3764//3620
f 3765//3621 3763//3619 3764//3620
f 3570//3426 3758//3614 3764//3620
f 3568//3424 3761//3617 3758//3614
f 3569//3425 3764//3620 3761//3617
f 3764//3620 3758//3614 3761//3617
f 3519//3375 3749//3605 3760//3616
f 3564//3420 3766//3622 3749//3605
f 3569//3425 3760//3616 3766//3622
f 3760//3616 3749//3605 3766//3622
f 3517//3373 3756//3612 3745//3601
f 3567//3423 3767//3623 3756//3612
f 3564//3420 3745//3601 3767//3623
f 3745//3601 3756//3612 3767//3623
f 3518//3374 3765//3621 3752//3608
f 3569//3425 3768//3624 3765//3621
f 3567//3423 3752//3608 3768//3624
f 3752//3608 3765//3621 3768//3624
f 3569//3425 3766//3622 3768//3624
f 3564//3420 3767//3623 3766//3622
f 3567//3423 3768//3624 3767//3623
f 3768//3624 3766//3622 3767//3623
f 3499//3355 3744//3600 3661//3517
f 3565//3421 3769//3625 3744//3600
f 3541//3397 3661//3517 3769//3625
f 3661//3517 3744//3600 3769//3625
f 3519//3375 3770//3626 3747//3603
f 3571//3427 3771//3627 3770//3626
f 3565//3421 3747//3603 3771//3627
f 3747//3603 3770//3626 3771//3627
f 3511//3367 3666//3522 3773//3629
f 3541//3397 3772//3628 3666//3522
f 3571//3427 3773//3629 3772//3628
f 3773//3629 3666//3522 3772//3628
f 3541//3397 3769//3625 3772//3628
f 3565//3421 3771//3627 3769//3625
f 3571//3427 3772//3628 3771//3627
f 3772//3628 3769//3625 3771//3627
f 3504//3360 3774//3630 3757//3613
f 3572//3428 3775//3631 3774//3630
f 3568//3424 3757//3613 3775//3631
f 3757//3613 3774//3630 3775//3631
f 3520//3376 3776//3632 3778//3634
f 3573//3429 3777//3633 3776//3632
f 3572//3428 3778//3634 3777//3633
f 3778//3634 3776//3632 3777//3633
f 3519//3375 3762//3618 3780//3636
f 3568//3424 3779//3635 3762//3618
f 3573//3429 3780//3636 3779//3635
f 3780//3636 3762//3618 3779//3635
f 3568//3424 3775//3631 3779//3635
f 3572//3428 3777//3633 3775//3631
f 3573//3429 3779//3635 3777//3633
f 3779//3635 3775//3631 3777//3633
f 3500//3356 3672//3528 3782//3638
f 3546//3402 3781//3637 3672//3528
f 3575//3431 3782//3638 3781//3637
f 3782//3638 3672//3528 3781//3637
f 3511//3367 3783//3639 3676//3532
f 3574//3430 3784//3640 3783//3639
f 3546//3402 3676//3532 3784//3640
f 3676//3532 3783//3639 3784//3640
f 3520//3376 3785//3641 3787//3643
f 3575//3431 3786//3642 3785//3641
f 3574//3430 3787//3643 3786//3642
f 3787//3643 3785//3641 3786//3642
f 3575//3431 3781//3637 3786//3642
f 3546//3402 3784//3640 3781//3637
f 3574//3430 3786//3642 3784//3640
f 3786//3642 3781//3637 3784//3640
f 3511//3367 3773//3629 3783//3639
f 3571//3427 3788//3644 3773//3629
f 3574//3430 3783//3639 3788//3644
f 3783//3639 3773//3629 3788//3644
f 3519//3375 3780//3636 3770//3626
f 3573//3429 3789//3645 3780//3636
f 3571//3427 3770//3626 3789//3645
f 3770//3626 3780//3636 3789//3645
f 3520//3376 3787//3643 3776//3632
f 3574//3430 3790//3646 3787//3643
f 3573//3429 3776//3632 3790//3646
f 3776//3632 3787//3643 3790//3646
f 3574//3430 3788//3644 3790//3646
f 3571//3427 3789//3645 3788//3644
f 3573//3429 3790//3646 3789//3645
f 3790//3646 3788//3644 3789//3645
f 3500//3356 3791//3647 3670//3526
f 3576//3432 3792//3648 3791//3647
f 3544//3400 3670//3526 3792//3648
f 3670//3526 3791//3647 3792//3648
f 3521//3377 3793//3649 3795//3651
f 3577//3433 3794//3650 3793//3649
f 3576//3432 3795//3651 3794//3650
f 3795//3651 3793//3649 3794//3650
f 3512//3368 3675//3531 3797//3653
f 3544//3400 3796//3652 3675//3531
f 3577//3433 3797//3653 3796//3652
f 3797//3653 3675//3531 3796//3652
f 3544//3400 3792//3648 3796//3652
f 3576//3432 3794//3650 3792//3648
f 3577//3433 3796//3652 3794//3650
f 3796//3652 3792//3648 3794//3650
f 3505//3361 3798//3654 3800//3656
f 3578//3434 3799//3655 3798//3654
f 3580//3436 3800//3656 3799//3655
f 3800//3656 3798//3654 3799//3655
f 3522//3378 3801//3657 3803//3659
f 3579//3435 3802//3658 3801//3657
f 3578//3434 3803//3659 3802//3658
f 3803//3659 3801//3657 3802//3658
f 3521//3377 3804//3660 3806//3662
f 3580//3436 3805//3661 3804//3660
f 3579//3435 3806//3662 3805//3661
f 3806//3662 3804//3660 3805//3661
f 3580//3436 3799//3655 3805//3661
f 3578//3434 3802//3658 3799//3655
f 3579//3435 3805//3661 3802//3658
f 3805//3661 3799//3655 3802//3658
f 3501//3357 3681//3537 3808//3664
f 3549//3405 3807//3663 3681//3537
f 3582//3438 3808//3664 3807//3663
f 3808//3664 3681//3537 3807//3663
f 3512//3368 3809//3665 3685//3541
f 3581//3437 3810//3666 3809//3665
f 3549//3405 3685//3541 3810//3666
f 3685//3541 3809//3665 3810//3666
f 3522//3378 3811//3667 3813//3669
f 3582//3438 3812//3668 3811//3667
f 3581//3437 3813//3669 3812//3668
f 3813//3669 3811//3667 3812//3668
f 3582//3438 3807//3663 3812//3668
f 3549//3405 3810//3666 3807//3663
f 3581//3437 3812//3668 3810//3666
f 3812//3668 3807//3663 3810//3666
f 3512//3368 3797//3653 3809//3665
f 3577//3433 3814//3670 3797//3653
f 3581//3437 3809//3665 3814//3670
f 3809//3665 3797//3653 3814//3670
f 3521//3377 3806//3662 3793//3649
f 3579//3435 3815//3671 3806//3662
f 3577//3433 3793//3649 3815//3671
f 3793//3649 3806//3662 3815//3671
f 3522//3378 3813//3669 3801//3657
f 3581//3437 3816//3672 3813//3669
f 3579//3435 3801//3657 3816//3672
f 3801//3657 3813//3669 3816//3672
f 3581//3437 3814//3670 3816//3672
f 3577//3433 3815//3671 3814//3670
f 3579//3435 3816//3672 3815//3671
f 3816//3672 3814//3670 3815//3671
f 3501//3357 3817//3673 3698//3554
f 3583//3439 3818//3674 3817//3673
f 3552//3408 3698//3554 3818//3674
f 3698//3554 3817//3673 3818//3674
f 3523//3379 3819//3675 3821//3677
f 3584//3440 3820//3676 3819//3675
f 3583//3439 3821//3677 3820//3676
f 3821//3677 3819//3675 3820//3676
f 3514//3370 3702//3558 3823//3679
f 3552//3408 3822//3678 3702//3558
f 3584//3440 3823//3679 3822//3678
f 3823//3679 3702//3558 3822//3678
f 3552//3408 3818//3674 3822//3678
f 3583//3439 3820//3676 3818//3674
f 3584//3440 3822//3678 3820//3676
f 3822//3678 3818//3674 3820//3676
f 3506//3362 3824//3680 3826//3682
f 3585//3441 3825//3681 3824//3680
f 3587//3443 3826//3682 3825//3681
f 3826//3682 3824//3680 3825//3681
f 3524//3380 3827//3683 3829//3685
f 3586//3442 3828//3684 3827//3683
f 3585//3441 3829//3685 3828//3684
f 3829//3685 3827//3683 3828//3684
f 3523//3379 3830//3686 3832//3688
f 3587//3443 3831//3687 3830//3686
f 3586//3442 3832//3688 3831//3687
f 3832//3688 3830//3686 3831//3687
f 3587//3443 3825//3681 3831//3687
f 3585//3441 3828//3684 3825//3681
f 3586//3442 3831//3687 3828//3684
f 3831//3687 3825//3681 3828//3684
f 3502//3358 3707//3563 3834//3690
f 3556//3412 3833//3689 3707//3563
f 3589//3445 3834//3690 3833//3689
f 3834//3690 3707//3563 3833//3689
f 3514//3370 3835//3691 3711//3567
f 3588//3444 3836//3692 3835//3691
f 3556//3412 3711//3567 3836//3692
f 3711//3567 3835//3691 3836//3692
f 3524//3380 3837//3693 3839//3695
f 3589//3445 3838//3694 3837//3693
f 3588//3444 3839//3695 3838//3694
f 3839//3695 3837//3693 3838//3694
f 3589//3445 3833//3689 3838//3694
f 3556//3412 3836//3692 3833//3689
f 3588//3444 3838//3694 3836//3692
f 3838//3694 3833//3689 3836//3692
f 3514//3370 3823//3679 3835//3691
f 3584//3440 3840//3696 3823//3679
f 3588//3444 3835//3691 3840//3696
f 3835//3691 3823//3679 3840//3696
f 3523//3379 3832//3688 3819//3675
f 3586//3442 3841//3697 3832//3688
f 3584//3440 3819//3675 3841//3697
f 3819//3675 3832//3688 3841//3697
f 3524//3380 3839//3695 3827//3683
f 3588//3444 3842//3698 3839//3695
f 3586//3442 3827//3683 3842//3698
f 3827//3683 3839//3695 3842//3698
f 3588//3444 3840//3696 3842//3698
f 3584//3440 3841//3697 3840//3696
f 3586//3442 3842//3698 3841//3697
f 3842//3698 3840//3696 3841//3697
f 3502//3358 3843//3699 3724//3580
f 3590//3446 3844//3700 3843//3699
f 3559//3415 3724//3580 3844//3700
f 3724//3580 3843//3699 3844//3700
f 3525//3381 3845//3701 3847//3703
f 3591//3447 3846//3702 3845//3701
f 3590//3446 3847//3703 3846//3702
f 3847//3703 3845//3701 3846//3702
f 3516//3372 3728//3584 3849//3705
f 3559//3415 3848//3704 3728//3584
f 3591//3447 3849//3705 3848//3704
f 3849//3705 3728//3584 3848//3704
f 3559//3415 3844//3700 3848//3704
f 3590//3446 3846//3702 3844//3700
f 3591//3447 3848//3704 3846//3702
f 3848//3704 3844//3700 3846//3702
f 3507//3363 3850//3706 3852//3708
f 3592//3448 3851//3707 3850//3706
f 3594//3450 3852//3708 3851//3707
f 3852//3708 3850//3706 3851//3707
f 3526//3382 3853//3709 3855//3711
f 3593//3449 3854//3710 3853//3709
f 3592//3448 3855//3711 3854//3710
f 3855//3711 3853//3709 3854//3710
f 3525//3381 3856//3712 3858//3714
f 3594//3450 3857//3713 3856//3712
f 3593//3449 3858//3714 3857//3713
f 3858//3714 3856//3712 3857//3713
f 3594//3450 3851//3707 3857//3713
f 3592//3448 3854//3710 3851//3707
f 3593//3449 3857//3713 3854//3710
f 3857//3713 3851//3707 3854//3710
f 3503//3359 3733//3589 3860//3716
f 3563//3419 3859//3715 3733//3589
f 3596//3452 3860//3716 3859//3715
f 3860//3716 3733//3589 3859//3715
f 3516//3372 3861//3717 3737//3593
f 3595//3451 3862//3718 3861//3717
f 3563//3419 3737//3593 3862//3718
f 3737//3593 3861//3717 3862//3718
f 3526//3382 3863//3719 3865//3721
f 3596//3452 3864//3720 3863//3719
f 3595//3451 3865//3721 3864//3720
f 3865//3721 3863//3719 3864//3720
f 3596//3452 3859//3715 3864//3720
f 3563//3419 3862//3718 3859//3715
f 3595//3451 3864//3720 3862//3718
f 3864//3720 3859//3715 3862//3718
f 3516//3372 3849//3705 3861//3717
f 3591//3447 3866//3722 3849//3705
f 3595//3451 3861//3717 3866//3722
f 3861//3717 3849//3705 3866//3722
f 3525//3381 3858//3714 3845//3701
f 3593//3449 3867//3723 3858//3714
f 3591//3447 3845//3701 3867//3723
f 3845//3701 3858//3714 3867//3723
f 3526//3382 3865//3721 3853//3709
f 3595//3451 3868//3724 3865//3721
f 3593//3449 3853//3709 3868//3724
f 3853//3709 3865//3721 3868//3724
f 3595//3451 3866//3722 3868//3724
f 3591//3447 3867//3723 3866//3722
f 3593//3449 3868//3724 3867//3723
f 3868//3724 3866//3722 3867//3723
f 3503//3359 3869//3725 3750//3606
f 3597//3453 3870//3726 3869//3725
f 3566//3422 3750//3606 3870//3726
f 3750//3606 3869//3725 3870//3726
f 3527//3383 3871//3727 3873//3729
f 3598//3454 3872//3728 3871//3727
f 3597//3453 3873//3729 3872//3728
f 3873//3729 3871//3727 3872//3728
f 3518//3374 3754//3610 3875//3731
f 3566//3422 3874//3730 3754//3610
f 3598//3454 3875//3731 3874//3730
f 3875//3731 3754//3610 3874//3730
f 3566//3422 3870//3726 3874//3730
f 3597//3453 3872//3728 3870//3726
f 3598//3454 3874//3730 3872//3728
f 3874//3730 3870//3726 3872//3728
f 3508//3364 3876//3732 3878//3734
f 3599//3455 3877//3733 3876//3732
f 3601//3457 3878//3734 3877//3733
f 3878//3734 3876//3732 3877//3733
f 3528//3384 3879//3735 3881//3737
f 3600//3456 3880//3736 3879//3735
f 3599//3455 3881//3737 3880//3736
f 3881//3737 3879//3735 3880//3736
f 3527//3383 3882//3738 3884//3740
f 3601//3457 3883//3739 3882//3738
f 3600//3456 3884//3740 3883//3739
f 3884//3740 3882//3738 3883//3739
f 3601//3457 3877//3733 3883//3739
f 3599//3455 3880//3736 3877//3733
f 3600//3456 3883//3739 3880//3736
f 3883//3739 3877//3733 3880//3736
f 3504//3360 3759//3615 3886//3742
f 3570//3426 3885//3741 3759//3615
f 3603//3459 3886//3742 3885//3741
f 3886//3742 3759//3615 3885//3741
f 3518//3374 3887//3743 3763//3619
f 3602//3458 3888//3744 3887//3743
f 3570//3426 3763//3619 3888//3744
f 3763//3619 3887//3743 3888//3744
f 3528//3384 3889//3745 3891//3747
f 3603//3459 3890//3746 3889//3745
f 3602//3458 3891//3747 3890//3746
f 3891//3747 3889//3745 3890//3746
f 3603//3459 3885//3741 3890//3746
f 3570//3426 3888//3744 3885//3741
f 3602//3458 3890//3746 3888//3744
f 3890//3746 3885//3741 3888//3744
f 3518//3374 3875//3731 3887//3743
f 3598//3454 3892//3748 3875//3731
f 3602//3458 3887//3743 3892//3748
f 3887//3743 3875//3731 3892//3748
f 3527//3383 3884//3740 3871//3727
f 3600//3456 3893//3749 3884//3740
f 3598//3454 3871//3727 3893//3749
f 3871//3727 3884//3740 3893//3749
f 3528//3384 3891//3747 3879//3735
f 3602//3458 3894//3750 3891//3747
f 3600//3456 3879//3735 3894//3750
f 3879//3735 3891//3747 3894//3750
f 3602//3458 3892//3748 3894//3750
f 3598//3454 3893//3749 3892//3748
f 3600//3456 3894//3750 3893//3749
f 3894//3750 3892//3748 3893//3749
f 3504//3360 3895//3751 3774//3630
f 3604//3460 3896//3752 3895//3751
f 3572//3428 3774//3630 3896//3752
f 3774//3630 3895//3751 3896//3752
f 3529//3385 3897//3753 3899//3755
f 3605//3461 3898//3754 3897//3753
f 3604//3460 3899//3755 3898//3754
f 3899//3755 3897//3753 3898//3754
f 3520//3376 3778//3634 3901//3757
f 3572//3428 3900//3756 3778//3634
f 3605//3461 3901//3757 3900//3756
f 3901//3757 3778//3634 3900//3756
f 3572//3428 3896//3752 3900//3756
f 3604//3460 3898//3754 3896//3752
f 3605//3461 3900//3756 3898//3754
f 3900//3756 3896//3752 3898//3754
f 3509//3365 3902//3758 3904//3760
f 3606//3462 3903//3759 3902//3758
f 3608//3464 3904//3760 3903//3759
f 3904//3760 3902//3758 3903//3759
f 3530//3386 3905//3761 3907//3763
f 3607//3463 3906//3762 3905//3761
f 3606//3462 3907//3763 3906//3762
f 3907//3763 3905//3761 3906//3762
f 3529//3385 3908//3764 3910//3766
f 3608//3464 3909//3765 3908//3764
f 3607//3463 3910//3766 3909//3765
f 3910//3766 3908//3764 3909//3765
f 3608//3464 3903//3759 3909//3765
f 3606//3462 3906//3762 3903//3759
f 3607//3463 3909//3765 3906//3762
f 3909//3765 3903//3759 3906//3762
f 3500//3356 3782//3638 3912//3768
f 3575//3431 3911//3767 3782//3638
f 3610//3466 3912//3768 3911//3767
f 3912//3768 3782//3638 3911//3767
f 3520//3376 3913//3769 3785//3641
f 3609//3465 3914//3770 3913//3769
f 3575//3431 3785//3641 3914//3770
f 3785//3641 3913//3769 3914//3770
f 3530//3386 3915//3771 3917//3773
f 3610//3466 3916//3772 3915//3771
f 3609//3465 3917//3773 3916//3772
f 3917//3773 3915//3771 3916//3772
f 3610//3466 3911//3767 3916//3772
f 3575//3431 3914//3770 3911//3767
f 3609//3465 3916//3772 3914//3770
f 3916//3772 3911//3767 3914//3770
f 3520//3376 3901//3757 3913//3769
f 3605//3461 3918//3774 3901//3757
f 3609//3465 3913//3769 3918//3774
f 3913//3769 3901//3757 3918//3774
f 3529//3385 3910//3766 3897//3753
f 3607//3463 3919//3775 3910//3766
f 3605//3461 3897//3753 3919//3775
f 3897//3753 3910//3766 3919//3775
f 3530//3386 3917//3773 3905//3761
f 3609//3465 3920//3776 3917//3773
f 3607//3463 3905//3761 3920//3776
f 3905//3761 3917//3773 3920//3776
f 3609//3465 3918//3774 3920//3776
f 3605//3461 3919//3775 3918//3774
f 3607//3463 3920//3776 3919//3775
f 3920//3776 3918//3774 3919//3775
f 3505//3361 3800//3656 3922//3778
f 3580//3436 3921//3777 3800//3656
f 3612//3468 3922//3778 3921//3777
f 3922//3778 3800//3656 3921//3777
f 3521//3377 3923//3779 3804//3660
f 3611//3467 3924//3780 3923//3779
f 3580//3436 3804//3660 3924//3780
f 3804//3660 3923//3779 3924//3780
f 3531//3387 3925//3781 3927//3783
f 3612//3468 3926//3782 3925//3781
f 3611//3467 3927//3783 3926//3782
f 3927//3783 3925//3781 3926//3782
f 3612//3468 3921//3777 3926//3782
f 3580//3436 3924//3780 3921//3777
f 3611//3467 3926//3782 3924//3780
f 3926//3782 3921//3777 3924//3780
f 3500//3356 3912//3768 3791//3647
f 3610//3466 3928//3784 3912//3768
f 3576//3432 3791//3647 3928//3784
f 3791//3647 3912//3768 3928//3784
f 3530//3386 3929//3785 3915//3771
f 3613//3469 3930//3786 3929//3785
f 3610//3466 3915//3771 3930//3786
f 3915//3771 3929//3785 3930//3786
f 3521//3377 3795//3651 3932//3788
f 3576//3432 3931//3787 3795//3651
f 3613//3469 3932//3788 3931//3787
f 3932//3788 3795//3651 3931//3787
f 3576//3432 3928//3784 3931//3787
f 3610//3466 3930//3786 3928//3784
f 3613//3469 3931//3787 3930//3786
f 3931//3787 3928//3784 3930//3786
f 3509//3365 3933//3789 3902//3758
f 3614//3470 3934//3790 3933//3789
f 3606//3462 3902//3758 3934//3790
f 3902//3758 3933//3789 3934//3790
f 3531//3387 3935//3791 3937//3793
f 3615//3471 3936//3792 3935//3791
f 3614//3470 3937//3793 3936//3792
f 3937//3793 3935//3791 3936//3792
f 3530//3386 3907//3763 3939//3795
f 3606//3462 3938//3794 3907//3763
f 3615//3471 3939//3795 3938//3794
f 3939//3795 3907//3763 3938//3794
f 3606//3462 3934//3790 3938//3794
f 3614//3470 3936//3792 3934//3790
f 3615//3471 3938//3794 3936//3792
f 3938//3794 3934//3790 3936//3792
f 3531//3387 3927//3783 3935//3791
f 3611//3467 3940//3796 3927//3783
f 3615//3471 3935//3791 3940//3796
f 3935//3791 3927//3783 3940//3796
f 3521//3377 3932//3788 3923//3779
f 3613//3469 3941//3797 3932//3788
f 3611//3467 3923//3779 3941//3797
f 3923//3779 3932//3788 3941//3797
f 3530//3386 3939//3795 3929//3785
f 3615//3471 3942//3798 3939//3795
f 3613//3469 3929//3785 3942//3798
f 3929//3785 3939//3795 3942//3798
f 3615//3471 3940//3796 3942//3798
f 3611//3467 3941//3797 3940//3796
f 3613//3469 3942//3798 3941//3797
f 3942//3798 3940//3796 3941//3797
f 3506//3362 3826//3682 3944//3800
f 3587//3443 3943//3799 3826//3682
f 3617//3473 3944//3800 3943//3799
f 3944//3800 3826//3682 3943//3799
f 3523//3379 3945//3801 3830//3686
f 3616//3472 3946//3802 3945//3801
f 3587//3443 3830//3686 3946//3802
f 3830//3686 3945//3801 3946//3802
f 3532//3388 3947//3803 3949//3805
f 3617//3473 3948//3804 3947//3803
f 3616//3472 3949//3805 3948//3804
f 3949//3805 3947//3803 3948//3804
f 3617//3473 3943//3799 3948//3804
f 3587//3443 3946//3802 3943//3799
f 3616//3472 3948//3804 3946//3802
f 3948//3804 3943//3799 3946//3802
f 3501//3357 3808//3664 3817//3673
f 3582//3438 3950//3806 3808//3664
f 3583//3439 3817//3673 3950//3806
f 3817//3673 3808//3664 3950//3806
f 3522//3378 3951//3807 3811//3667
f 3618//3474 3952//3808 3951//3807
f 3582//3438 3811//3667 3952//3808
f 3811//3667 3951//3807 3952//3808
f 3523//3379 3821//3677 3954//3810
f 3583//3439 3953//3809 3821//3677
f 3618//3474 3954//3810 3953//3809
f 3954//3810 3821//3677 3953//3809
f 3583//3439 3950//3806 3953//3809
f 3582//3438 3952//3808 3950//3806
f 3618//3474 3953//3809 3952//3808
f 3953//3809 3950//3806 3952//3808
f 3505//3361 3955//3811 3798//3654
f 3619//3475 3956//3812 3955//3811
f 3578//3434 3798//3654 3956//3812
f 3798//3654 3955//3811 3956//3812
f 3532//3388 3957//3813 3959//3815
f 3620//3476 3958//3814 3957//3813
f 3619//3475 3959//3815 3958//3814
f 3959//3815 3957//3813 3958//3814
f 3522//3378 3803//3659 3961//3817
f 3578//3434 3960//3816 3803//3659
f 3620//3476 3961//3817 3960//3816
f 3961//3817 3803//3659 3960//3816
f 3578//3434 3956//3812 3960//3816
f 3619//3475 3958//3814 3956//3812
f 3620//3476 3960//3816 3958//3814
f 3960//3816 3956//3812 3958//3814
f 3532//3388 3949//3805 3957//3813
f 3616//3472 3962//3818 3949//3805
f 3620//3476 3957//3813 3962//3818
f 3957//3813 3949//3805 3962//3818
f 3523//3379 3954//3810 3945//3801
f 3618//3474 3963//3819 3954//3810
f 3616//3472 3945//3801 3963//3819
f 3945//3801 3954//3810 3963//3819
f 3522//3378 3961//3817 3951//3807
f 3620//3476 3964//3820 3961//3817
f 3618//3474 3951//3807 3964//3820
f 3951//3807 3961//3817 3964//3820
f 3620//3476 3962//3818 3964//3820
f 3616//3472 3963//3819 3962//3818
f 3618//3474 3964//3820 3963//3819
f 3964//3820 3962//3818 3963//3819
f 3507//3363 3852//3708 3966//3822
f 3594//3450 3965//3821 3852//3708
f 3622//3478 3966//3822 3965//3821
f 3966//3822 3852//3708 3965//3821
f 3525//3381 3967//3823 3856//3712
f 3621//3477 3968//3824 3967//3823
f 3594//3450 3856//3712 3968//3824
f 3856//3712 3967//3823 3968//3824
f 3533//3389 3969//3825 3971//3827
f 3622//3478 3970//3826 3969//3825
f 3621//3477 3971//3827 3970//3826
f 3971//3827 3969//3825 3970//3826
f 3622//3478 3965//3821 3970//3826
f 3594//3450 3968//3824 3965//3821
f 3621//3477 3970//3826 3968//3824
f 3970//3826 3965//3821 3968//3824
f 3502//3358 3834//3690 3843//3699
f 3589//3445 3972//3828 3834//3690
f 3590//3446 3843//3699 3972//3828
f 3843//3699 3834//3690 3972//3828
f 3524//3380 3973//3829 3837//3693
f 3623//3479 3974//3830 3973//3829
f 3589//3445 3837//3693 3974//3830
f 3837//3693 3973//3829 3974//3830
f 3525//3381 3847//3703 3976//3832
f 3590//3446 3975//3831 3847//3703
f 3623//3479 3976//3832 3975//3831
f 3976//3832 3847//3703 3975//3831
f 3590//3446 3972//3828 3975//3831
f 3589//3445 3974//3830 3972//3828
f 3623//3479 3975//3831 3974//3830
f 3975//3831 3972//3828 3974//3830
f 3506//3362 3977//3833 3824//3680
f 3624//3480 3978//3834 3977//3833
f 3585//3441 3824//3680 3978//3834
f 3824//3680 3977//3833 3978//3834
f 3533//3389 3979//3835 3981//3837
f 3625//3481 3980//3836 3979//3835
f 3624//3480 3981//3837 3980//3836
f 3981//3837 3979//3835 3980//3836
f 3524//3380 3829//3685 3983//3839
f 3585//3441 3982//3838 3829//3685
f 3625//3481 3983//3839 3982//3838
f 3983//3839 3829//3685 3982//3838
f 3585//3441 3978//3834 3982//3838
f 3624//3480 3980//3836 3978//3834
f 3625//3481 3982//3838 3980//3836
f 3982//3838 3978//3834 3980//3836
f 3533//3389 3971//3827 3979//3835
f 3621//3477 3984//3840 3971//3827
f 3625//3481 3979//3835 3984//3840
f 3979//3835 3971//3827 3984//3840
f 3525//3381 3976//3832 3967//3823
f 3623//3479 3985//3841 3976//3832
f 3621//3477 3967//3823 3985//3841
f 3967//3823 3976//3832 3985//3841
f 3524//3380 3983//3839 3973//3829
f 3625//3481 3986//3842 3983//3839
f 3623//3479 3973//3829 3986//3842
f 3973//3829 3983//3839 3986//3842
f 3625//3481 3984//3840 3986//3842
f 3621//3477 3985//3841 3984//3840
f 3623//3479 3986//3842 3985//3841
f 3986//3842 3984//3840 3985//3841
f 3508//3364 3878//3734 3988//3844
f 3601//3457 3987//3843 3878//3734
f 3627//3483 3988//3844 3987//3843
f 3988//3844 3878//3734 3987//3843
f 3527//3383 3989//3845 3882//3738
f 3626//3482 3990//3846 3989//3845
f 3601//3457 3882//3738 3990//3846
f 3882//3738 3989//3845 3990//3846
f 3534//3390 3991//3847 3993//3849
f 3627//3483 3992//3848 3991//3847
f 3626//3482 3993//3849 3992//3848
f 3993//3849 3991//3847 3992//3848
f 3627//3483 3987//3843 3992//3848
f 3601//3457 3990//3846 3987//3843
f 3626//3482 3992//3848 3990//3846
f 3992//3848 3987//3843 3990//3846
f 3503//3359 3860//3716 3869//3725
f 3596//3452 3994//3850 3860//3716
f 3597//3453 3869//3725 3994//3850
f 3869//3725 3860//3716 3994//3850
f 3526//3382 3995//3851 3863//3719
f 3628//3484 3996//3852 3995//3851
f 3596//3452 3863//3719 3996//3852
f 3863//3719 3995//3851 3996//3852
f 3527//3383 3873//3729 3998//3854
f 3597//3453 3997//3853 3873//3729
f 3628//3484 3998//3854 3997//3853
f 3998//3854 3873//3729 3997//3853
f 3597//3453 3994//3850 3997//3853
f 3596//3452 3996//3852 3994//3850
f 3628//3484 3997//3853 3996//3852
f 3997//3853 3994//3850 3996//3852
f 3507//3363 3999//3855 3850//3706
f 3629//3485 4000//3856 3999//3855
f 3592//3448 3850//3706 4000//3856
f 3850//3706 3999//3855 4000//3856
f 3534//3390 4001//3857 4003//3859
f 3630//3486 4002//3858 4001//3857
f 3629//3485 4003//3859 4002//3858
f 4003//3859 4001//3857 4002//3858
f 3526//3382 3855//3711 4005//3861
f 3592//3448 4004//3860 3855//3711
f 3630//3486 4005//3861 4004//3860
f 4005//3861 3855//3711 4004//3860
f 3592//3448 4000//3856 4004//3860
f 3629//3485 4002//3858 4000//3856
f 3630//3486 4004//3860 4002//3858
f 4004//3860 4000//3856 4002//3858
f 3534//3390 3993//3849 4001//3857
f 3626//3482 4006//3862 3993//3849
f 3630//3486 4001//3857 4006//3862
f 4001//3857 3993//3849 4006//3862
f 3527//3383 3998//3854 3989//3845
f 3628//3484 4007//3863 3998//3854
f 3626//3482 3989//3845 4007//3863
f 3989//3845 3998//3854 4007//3863
f 3526//3382 4005//3861 3995//3851
f 3630//3486 4008//3864 4005//3861
f 3628//3484 3995//3851 4008//3864
f 3995//3851 4005//3861 4008//3864
f 3630//3486 4006//3862 4008//3864
f 3626//3482 4007//3863 4006//3862
f 3628//3484 4008//3864 4007//3863
f 4008//3864 4006//3862 4007//3863
f 3509//3365 3904//3760 4010//3866
f 3608//3464 4009//3865 3904//3760
f 3632//3488 4010//3866 4009//3865
f 4010//3866 3904//3760 4009//3865
f 3529//3385 4011//3867 3908//3764
f 3631//3487 4012//3868 4011//3867
f 3608//3464 3908//3764 4012//3868
f 3908//3764 4011//3867 4012//3868
f 3535//3391 4013//3869 4015//3871
f 3632//3488 4014//3870 4013//3869
f 3631//3487 4015//3871 4014//3870
f 4015//3871 4013//3869 4014//3870
f 3632//3488 4009//3865 4014//3870
f 3608//3464 4012//3868 4009//3865
f 3631//3487 4014//3870 4012//3868
f 4014//3870 4009//3865 4012//3868
f 3504//3360 3886//3742 3895//3751
f 3603//3459 4016//3872 3886//3742
f 3604//3460 3895//3751 4016//3872
f 3895//3751 3886//3742 4016//3872
f 3528//3384 4017//3873 3889//3745
f 3633//3489 4018//3874 4017//3873
f 3603//3459 3889//3745 4018//3874
f 3889//3745 4017//3873 4018//3874
f 3529//3385 3899//3755 4020//3876
f 3604//3460 4019//3875 3899//3755
f 3633//3489 4020//3876 4019//3875
f 4020//3876 3899//3755 4019//3875
f 3604//3460 4016//3872 4019//3875
f 3603//3459 4018//3874 4016//3872
f 3633//3489 4019//3875 4018//3874
f 4019//3875 4016//3872 4018//3874
f 3508//3364 4021//3877 3876//3732
f 3634//3490 4022//3878 4021//3877
f 3599//3455 3876//3732 4022//3878
f 3876//3732 4021//3877 4022//3878
f 3535//3391 4023//3879 4025//3881
f 3635//3491 4024//3880 4023//3879
f 3634//3490 4025//3881 4024//3880
f 4025//3881 4023//3879 4024//3880
f 3528//3384 3881//3737 4027//3883
f 3599//3455 4026//3882 3881//3737
f 3635//3491 4027//3883 4026//3882
f 4027//3883 3881//3737 4026//3882
f 3599//3455 4022//3878 4026//3882
f 3634//3490 4024//3880 4022//3878
f 3635//3491 4026//3882 4024//3880
f 4026//3882 4022//3878 4024//3880
f 3535//3391 4015//3871 4023//3879
f 3631//3487 4028//3884 4015//3871
f 3635//3491 4023//3879 4028//3884
f 4023//3879 4015//3871 4028//3884
f 3529//3385 4020//3876 4011//3867
f 3633//3489 4029//3885 4020//3876
f 3631//3487 4011//3867 4029//3885
f 4011//3867 4020//3876 4029//3885
f 3528//3384 4027//3883 4017//3873
f 3635//3491 4030//3886 4027//3883
f 3633//3489 4017//3873 4030//3886
f 4017//3873 4027//3883 4030//3886
f 3635//3491 4028//3884 4030//3886
f 3631//3487 4029//3885 4028//3884
f 3633//3489 4030//3886 4029//3885
f 4030//3886 4028//3884 4029//3885
f 3510//3366 4031//3887 4033//3889
f 3636//3492 4032//3888 4031//3887
f 3638//3494 4033//3889 4032//3888
f 4033//3889 4031//3887 4032//3888
f 3536//3392 4034//3890 4036//3892
f 3637//3493 4035//3891 4034//3890
f 3636//3492 4036//3892 4035//3891
f 4036//3892 4034//3890 4035//3891
f 3537//3393 4037//3893 4039//3895
f 3638//3494 4038//3894 4037//3893
f 3637//3493 4039//3895 4038//3894
f 4039//3895 4037//3893 4038//3894
f 3638//3494 4032//3888 4038//3894
f 3636//3492 4035//3891 4032//3888
f 3637//3493 4038//3894 4035//3891
f 4038//3894 4032//3888 4035//3891
f 3505//3361 3922//3778 4041//3897
f 3612//3468 4040//3896 3922//3778
f 3640//3496 4041//3897 4040//3896
f 4041//3897 3922//3778 4040//3896
f 3531//3387 4042//3898 3925//3781
f 3639//3495 4043//3899 4042//3898
f 3612//3468 3925//3781 4043//3899
f 3925//3781 4042//3898 4043//3899
f 3536//3392 4044//3900 4046//3902
f 3640//3496 4045//3901 4044//3900
f 3639//3495 4046//3902 4045//3901
f 4046//3902 4044//3900 4045//3901
f 3640//3496 4040//3896 4045//3901
f 3612//3468 4043//3899 4040//3896
f 3639//3495 4045//3901 4043//3899
f 4045//3901 4040//3896 4043//3899
f 3509//3365 4047//3903 3933//3789
f 3641//3497 4048//3904 4047//3903
f 3614//3470 3933//3789 4048//3904
f 3933//3789 4047//3903 4048//3904
f 3537//3393 4049//3905 4051//3907
f 3642//3498 4050//3906 4049//3905
f 3641//3497 4051//3907 4050//3906
f 4051//3907 4049//3905 4050//3906
f 3531//3387 3937//3793 4053//3909
f 3614//3470 4052//3908 3937//3793
f 3642//3498 4053//3909 4052//3908
f 4053//3909 3937//3793 4052//3908
f 3614//3470 4048//3904 4052//3908
f 3641//3497 4050//3906 4048//3904
f 3642//3498 4052//3908 4050//3906
f 4052//3908 4048//3904 4050//3906
f 3537//3393 4039//3895 4049//3905
f 3637//3493 4054//3910 4039//3895
f 3642//3498 4049//3905 4054//3910
f 4049//3905 4039//3895 4054//3910
f 3536//3392 4046//3902 4034//3890
f 3639//3495 4055//3911 4046//3902
f 3637//3493 4034//3890 4055//3911
f 4034//3890 4046//3902 4055//3911
f 3531//3387 4053//3909 4042//3898
f 3642//3498 4056//3912 4053//3909
f 3639//3495 4042//3898 4056//3912
f 4042//3898 4053//3909 4056//3912
f 3642//3498 4054//3910 4056//3912
f 3637//3493 4055//3911 4054//3910
f 3639//3495 4056//3912 4055//3911
f 4056//3912 4054//3910 4055//3911
f 3510//3366 4057//3913 4031//3887
f 3643//3499 4058//3914 4057//3913
f 3636//3492 4031//3887 4058//3914
f 4031//3887 4057//3913 4058//3914
f 3538//3394 4059//3915 4061//3917
f 3644//3500 4060//3916 4059//3915
f 3643//3499 4061//3917 4060//3916
f 4061//3917 4059//3915 4060//3916
f 3536//3392 4036//3892 4063//3919
f 3636//3492 4062//3918 4036//3892
f 3644//3500 4063//3919 4062//3918
f 4063//3919 4036//3892 4062//3918
f 3636//3492 4058//3914 4062//3918
f 3643//3499 4060//3916 4058//3914
f 3644//3500 4062//3918 4060//3916
f 4062//3918 4058//3914 4060//3916
f 3506//3362 3944//3800 4065//3921
f 3617//3473 4064//3920 3944//3800
f 3646//3502 4065//3921 4064//3920
f 4065//3921 3944//3800 4064//3920
f 3532//3388 4066//3922 3947//3803
f 3645//3501 4067//3923 4066//3922
f 3617//3473 3947//3803 4067//3923
f 3947//3803 4066//3922 4067//3923
f 3538//3394 4068//3924 4070//3926
f 3646//3502 4069//3925 4068//3924
f 3645//3501 4070//3926 4069//3925
f 4070//3926 4068//3924 4069//3925
f 3646//3502 4064//3920 4069//3925
f 3617//3473 4067//3923 4064//3920
f 3645//3501 4069//3925 4067//3923
f 4069//3925 4064//3920 4067//3923
f 3505//3361 4041//3897 3955//3811
f 3640//3496 4071//3927 4041//3897
f 3619//3475 3955//3811 4071//3927
f 3955//3811 4041//3897 4071//3927
f 3536//3392 4072//3928 4044//3900
f 3647//3503 4073//3929 4072//3928
f 3640//3496 4044//3900 4073//3929
f 4044//3900 4072//3928 4073//3929
f 3532//3388 3959//3815 4075//3931
f 3619//3475 4074//3930 3959//3815
f 3647//3503 4075//3931 4074//3930
f 4075//3931 3959//3815 4074//3930
f 3619//3475 4071//3927 4074//3930
f 3640//3496 4073//3929 4071//3927
f 3647//3503 4074//3930 4073//3929
f 4074//3930 4071//3927 4073//3929
f 3536//3392 4063//3919 4072//3928
f 3644//3500 4076//3932 4063//3919
f 3647//3503 4072//3928 4076//3932
f 4072//3928 4063//3919 4076//3932
f 3538//3394 4070//3926 4059//3915
f 3645//3501 4077//3933 4070//3926
f 3644//3500 4059//3915 4077//3933
f 4059//3915 4070//3926 4077//3933
f 3532//3388 4075//3931 4066//3922
f 3647//3503 4078//3934 4075//3931
f 3645//3501 4066//3922 4078//3934
f 4066//3922 4075//3931 4078//3934
f 3647//3503 4076//3932 4078//3934
f 3644//3500 4077//3933 4076//3932
f 3645//3501 4078//3934 4077//3933
f 4078//3934 4076//3932 4077//3933
f 3510//3366 4079//3935 4057//3913
f 3648//3504 4080//3936 4079//3935
f 3643//3499 4057//3913 4080//3936
f 4057//3913 4079//3935 4080//3936
f 3539//3395 4081//3937 4083//3939
f 3649//3505 4082//3938 4081//3937
f 3648//3504 4083//3939 4082//3938
f 4083//3939 4081//3937 4082//3938
f 3538//3394 4061//3917 4085//3941
f 3643//3499 4084//3940 4061//3917
f 3649//3505 4085//3941 4084//3940
f 4085//3941 4061//3917 4084//3940
f 3643//3499 4080//3936 4084//3940
f 3648//3504 4082//3938 4080//3936
f 3649//3505 4084//3940 4082//3938
f 4084//3940 4080//3936 4082//3938
f 3507//3363 3966//3822 4087//3943
f 3622//3478 4086//3942 3966//3822
f 3651//3507 4087//3943 4086//3942
f 4087//3943 3966//3822 4086//3942
f 3533//3389 4088//3944 3969//3825
f 3650//3506 4089//3945 4088//3944
f 3622//3478 3969//3825 4089//3945
f 3969//3825 4088//3944 4089//3945
f 3539//3395 4090//3946 4092//3948
f 3651//3507 4091//3947 4090//3946
f 3650//3506 4092//3948 4091//3947
f 4092//3948 4090//3946 4091//3947
f 3651//3507 4086//3942 4091//3947
f 3622//3478 4089//3945 4086//3942
f 3650//3506 4091//3947 4089//3945
f 4091//3947 4086//3942 4089//3945
f 3506//3362 4065//3921 3977//3833
f 3646//3502 4093//3949 4065//3921
f 3624//3480 3977//3833 4093//3949
f 3977//3833 4065//3921 4093//3949
f 3538//3394 4094//3950 4068//3924
f 3652//3508 4095//3951 4094//3950
f 3646//3502 4068//3924 4095//3951
f 4068//3924 4094//3950 4095//3951
f 3533//3389 3981//3837 4097//3953
f 3624//3480 4096//3952 3981//3837
f 3652//3508 4097//3953 4096//3952
f 4097//3953 3981//3837 4096//3952
f 3624//3480 4093//3949 4096//3952
f 3646//3502 4095//3951 4093//3949
f 3652//3508 4096//3952 4095//3951
f 4096//3952 4093//3949 4095//3951
f 3538//3394 4085//3941 4094//3950
f 3649//3505 4098//3954 4085//3941
f 3652//3508 4094//3950 4098//3954
f 4094//3950 4085//3941 4098//3954
f 3539//3395 4092//3948 4081//3937
f 3650//3506 4099//3955 4092//3948
f 3649//3505 4081//3937 4099//3955
f 4081//3937 4092//3948 4099//3955
f 3533//3389 4097//3953 4088//3944
f 3652//3508 4100//3956 4097//3953
f 3650//3506 4088//3944 4100//3956
f 4088//3944 4097//3953 4100//3956
f 3652//3508 4098//3954 4100//3956
f 3649//3505 4099//3955 4098//3954
f 3650//3506 4100//3956 4099//3955
f 4100//3956 4098//3954 4099//3955
f 3510//3366 4101//3957 4079//3935
f 3653//3509 4102//3958 4101//3957
f 3648//3504 4079//3935 4102//3958
f 4079//3935 4101//3957 4102//3958
f 3540//3396 4103//3959 4105//3961
f 3654//3510 4104//3960 4103//3959
f 3653//3509 4105//3961 4104//3960
f 4105//3961 4103//3959 4104//3960
f 3539//3395 4083//3939 4107//3963
f 3648//3504 4106//3962 4083//3939
f 3654//3510 4107//3963 4106//3962
f 4107//3963 4083//3939 4106//3962
f 3648//3504 4102//3958 4106//3962
f 3653//3509 4104//3960 4102//3958
f 3654//3510 4106//3962 4104//3960
f 4106//3962 4102//3958 4104//3960
f 3508//3364 3988//3844 4109//3965
f 3627//3483 4108//3964 3988//3844
f 3656//3512 4109//3965 4108//3964
f 4109//3965 3988//3844 4108//3964
f 3534//3390 4110//3966 3991//3847
f 3655//3511 4111//3967 4110//3966
f 3627//3483 3991//3847 4111//3967
f 3991//3847 4110//3966 4111//3967
f 3540//3396 4112//3968 4114//3970
f 3656//3512 4113//3969 4112//3968
f 3655//3511 4114//3970 4113//3969
f 4114//3970 4112//3968 4113//3969
f 3656//3512 4108//3964 4113//3969
f 3627//3483 4111//3967 4108//3964
f 3655//3511 4113//3969 4111//3967
f 4113//3969 4108//3964 4111//3967
f 3507//3363 4087//3943 3999//3855
f 3651//3507 4115//3971 4087//3943
f 3629//3485 3999//3855 4115//3971
f 3999//3855 4087//3943 4115//3971
f 3539//3395 4116//3972 4090//3946
f 3657//3513 4117//3973 4116//3972
f 3651//3507 4090//3946 4117//3973
f 4090//3946 4116//3972 4117//3973
f 3534//3390 4003//3859 4119//3975
f 3629//3485 4118//3974 4003//3859
f 3657//3513 4119//3975 4118//3974
f 4119//3975 4003//3859 4118//3974
f 3629//3485 4115//3971 4118//3974
f 3651//3507 4117//3973 4115//3971
f 3657//3513 4118//3974 4117//3973
f 4118//3974 4115//3971 4117//3973
f 3539//3395 4107//3963 4116//3972
f 3654//3510 4120//3976 4107//3963
f 3657//3513 4116//3972 4120//3976
f 4116//3972 4107//3963 4120//3976
f 3540//3396 4114//3970 4103//3959
f 3655//3511 4121//3977 4114//3970
f 3654//3510 4103//3959 4121//3977
f 4103//3959 4114//3970 4121//3977
f 3534//3390 4119//3975 4110//3966
f 3657//3513 4122//3978 4119//3975
f 3655//3511 4110//3966 4122//3978
f 4110//3966 4119//3975 4122//3978
f 3657//3513 4120//3976 4122//3978
f 3654//3510 4121//3977 4120//3976
f 3655//3511 4122//3978 4121//3977
f 4122//3978 4120//3976 4121//3977
f 3510//3366 4033//3889 4101//3957
f 3638//3494 4123//3979 4033//3889
f 3653//3509 4101//3957 4123//3979
f 4101//3957 4033//3889 4123//3979
f 3537//3393 4124//3980 4037//3893
f 3658//3514 4125//3981 4124//3980
f 3638//3494 4037//3893 4125//3981
f 4037//3893 4124//3980 4125//3981
f 3540//3396 4105//3961 4127//3983
f 3653//3509 4126//3982 4105//3961
f 3658//3514 4127//3983 4126//3982
f 4127//3983 4105//3961 4126//3982
f 3653//3509 4123//3979 4126//3982
f 3638//3494 4125//3981 4123//3979
f 3658//3514 4126//3982 4125//3981
f 4126//3982 4123//3979 4125//3981
f 3509//3365 4010//3866 4047//3903
f 3632//3488 4128//3984 4010//3866
f 3641//3497 4047//3903 4128//3984
f 4047//3903 4010//3866 4128//3984
f 3535//3391 4129//3985 4013//3869
f 3659//3515 4130//3986 4129//3985
f 3632//3488 4013//3869 4130//3986
f 4013//3869 4129//3985 4130//3986
f 3537//3393 4051//3907 4132//3988
f 3641//3497 4131//3987 4051//3907
f 3659//3515 4132//3988 4131//3987
f 4132//3988 4051//3907 4131//3987
f 3641//3497 4128//3984 4131//3987
f 3632//3488 4130//3986 4128//3984
f 3659//3515 4131//3987 4130//3986
f 4131//3987 4128//3984 4130//3986
f 3508//3364 4109//3965 4021//3877
f 3656//3512 4133//3989 4109//3965
f 3634//3490 4021//3877 4133//3989
f 4021//3877 4109//3965 4133//3989
f 3540//3396 4134//3990 4112//3968
f 3660//3516 4135//3991 4134//3990
f 3656//3512 4112//3968 4135//3991
f 4112//3968 4134//3990 4135//3991
f 3535//3391 4025//3881 4137//3993
f 3634//3490 4136//3992 4025//3881
f 3660//3516 4137//3993 4136//3992
f 4137//3993 4025//3881 4136//3992
f 3634//3490 4133//3989 4136//3992
f 3656//3512 4135//3991 4133//3989
f 3660//3516 4136//3992 4135//3991
f 4136//3992 4133//3989 4135//3991
f 3540//3396 4127//3983 4134//3990
f 3658//3514 4138//3994 4127//3983
f 3660//3516 4134//3990 4138//3994
f 4134//3990 4127//3983 4138//3994
f 3537//3393 4132//3988 4124//3980
f 3659//3515 4139//3995 4132//3988
f 3658//3514 4124//3980 4139//3995
f 4124//3980 4132//3988 4139//3995
f 3535//3391 4137//3993 4129//3985
f 3660//3516 4140//3996 4137//3993
f 3659//3515 4129//3985 4140//3996
f 4129//3985 4137//3993 4140//3996
f 3660//3516 4138//3994 4140//3996
f 3658//3514 4139//3995 4138//3994
f 3659//3515 4140//3996 4139//3995
f 4140//3996 4138//3994 4139//3995

g Sphere4
usemtl kffffff
# Number of vertices: 642
v 0.27740000000000004 0.8929 0.40590000000000004
v 0.4129057194364873 0.8929 0.32215285971824364
v 0.3192735651709861 1.0217735990801498 0.32215285971824364
v 0.16777356399775412 0.9725482550307631 0.32215285971824364
v 0.16777357935556567 0.8132517238310236 0.32215285971824364
v 0.31927359002044603 0.7640264089939308 0.32215285971824364
v 0.3870264283233407 0.9725482655998701 0.18664714028175639
v 0.2355264224042838 1.0217735950431102 0.18664714028175639
v 0.14189428056351341 0.8928999869358656 0.18664714028175639
v 0.23552644725374458 0.7640263968828118 0.18664714028175639
v 0.38702644368115025 0.8132517555383447 0.18664714028175639
v 0.27740000000000004 0.8929 0.10290000000000002
v 0.3570482634860488 0.8929 0.38327359746533407
v 0.3816609286113728 0.9686500017170555 0.3340482642934567
v 0.30201266406841343 0.9686500009491649 0.38327359746533407
v 0.23757586132120456 1.0154660718695503 0.3340482642934567
v 0.21296319765649524 0.9397160696779123 0.38327359746533407
v 0.14852640303367215 0.8928999875752699 0.3340482642934567
v 0.2129632066835904 0.8460839178973577 0.38327359746533407
v 0.23757588495444604 0.7703339204515453 0.3340482642934567
v 0.3020126786745595 0.8171500037966606 0.38327359746533407
v 0.3816609379329654 0.8171500068682225 0.3340482602564174
v 0.421485061767361 0.9397160760369316 0.2544
v 0.3664494621773235 1.0154660772233877 0.2544
v 0.27739999269692683 1.0443999999999998 0.2544
v 0.18835052600605612 1.01546606863811 0.2544
v 0.13331493371909214 0.9397160621456608 0.2544
v 0.13331494274618727 0.8460839100717981 0.2544
v 0.18835054963929793 0.7703339141913358 0.2544
v 0.2774000219092196 0.7414000000000016 0.2544
v 0.3664494858105636 0.7703339399471688 0.2544
v 0.421485066280908 0.8460839378543393 0.2544
v 0.40627359946135544 0.8929000124247305 0.17475173974358266
v 0.31722412686217494 1.015466075709003 0.17475173570654334
v 0.1731390640855544 0.9686499916652375 0.17475173570654334
v 0.1731390786917011 0.8171499882311272 0.17475173570654332
v 0.3172241504954157 0.7703339319699039 0.17475173570654334
v 0.3418367978299576 0.9397160758902776 0.12552640253466596
v 0.34183680685705153 0.8460839365344535 0.12552640253466596
v 0.2527873286285135 0.9686499985762526 0.12552640253466596
v 0.19775173651395167 0.8928999923210945 0.12552640253466596
v 0.25278734323466007 0.8171499966779234 0.12552640253466596
v 0.3187998791302698 0.8929 0.4001336612042635
v 0.3322132135473579 0.932724132353611 0.38990571981615324
v 0.2901932646979144 0.9322736253140353 0.4001336612042635
v 0.4020268259635828 0.932273625804904 0.3310167203762876
v 0.3740867841420464 0.9327241326670439 0.36402643034226295
v 0.38923356042595125 0.8929 0.3566032522107546
v 0.31195846661139925 0.9992600377163043 0.3566032522107546
v 0.34515285723858713 0.9725482649303839 0.3640264303422629
v 0.3533583464679998 0.9992600383632362 0.3310167203762876
v 0.25646321143678846 0.9573367967993874 0.38990571981615324
v 0.243906792341688 0.9172342358161939 0.4001336612042635
v 0.27846525874573025 1.0235942744828037 0.3310167203762876
v 0.2694028545318326 0.9971609295698727 0.36402643034226295
v 0.1869247440039963 0.958634110551543 0.3566032522107546
v 0.2225867794964279 0.9819494616965188 0.3640264303422629
v 0.19971800831109043 0.9980077367562727 0.3310167203762876
v 0.20964714104108867 0.8928999934679329 0.3899057198161533
v 0.24390679703382606 0.8685657577256324 0.4001336612042635
v 0.1534315400699514 0.9342998683736276 0.3310167203762876
v 0.1757707087322656 0.9175126578579189 0.3640264303422629
v 0.1869247566788764 0.827165872002982 0.3566032522107546
v 0.17577071347809037 0.8682873225458796 0.36402643034226295
v 0.1534315480526935 0.8515001077227236 0.3310167203762876
v 0.25646322386151865 0.8284631991635736 0.38990571981615324
v 0.29019327228995284 0.853526377152768 0.4001336612042635
v 0.1997180285780092 0.7877922482650555 0.3310167203762876
v 0.22258679666698303 0.803850527734375 0.3640264303422629
v 0.31195848711978513 0.7865399689472755 0.3566032522107546
v 0.26940287463546836 0.7886390688881164 0.3640264303422629
v 0.2784652839462543 0.7622057257226025 0.3310167203762876
v 0.33221322045837276 0.8530758706993223 0.38990571791782347
v 0.3533583633447317 0.7865399715350023 0.3310167173854023
v 0.34515286963686936 0.8132517422912927 0.36402642792655765
v 0.3740867887840098 0.8530758719530542 0.36402642792655765
v 0.40202682935703504 0.8535263791162425 0.3310167173854023
v 0.42272676607742776 0.9172342391390285 0.2896168406731947
v 0.4079632139166378 0.9573368004666098 0.29627357063094334
v 0.38066851457582057 0.9980077448635559 0.21918315932680532
v 0.3999660729307491 0.9819494680856338 0.2544
v 0.40927512911838293 0.9586341193978338 0.21918315932680532
v 0.37902928689270543 0.9971609328957668 0.29627357063094334
v 0.3454516721176305 1.0235942770552457 0.2896168406731947
v 0.29916519813313525 1.038633662148538 0.2896168406731947
v 0.2564632074109647 1.0369850609837783 0.29627357063094334
v 0.20934831528210757 1.0235942704943692 0.21918315932680532
v 0.23058391701743317 1.0369850595105872 0.2544
v 0.2556347878166524 1.03863366005015 0.2191831593268053
v 0.2096471321806304 1.021773593047088 0.29627357063094334
v 0.17413147529072054 0.9980077349074166 0.2896168406731947
v 0.14552486454417773 0.958634106683725 0.2896168406731947
v 0.13389713818371318 0.9175126539233598 0.29627357063094334
v 0.13207323626864204 0.8685657468499881 0.21918315932680532
v 0.12590000000000073 0.8928999853938536 0.2544
v 0.13207323157650397 0.9172342251280448 0.2191831593268053
v 0.13389714292953794 0.8682873184063595 0.29627357063094334
v 0.14552487721905785 0.827165867888058 0.2896168406731947
v 0.17413149555763943 0.7877922451803058 0.2896168406731947
v 0.20964715703009126 0.7640263938887785 0.29627357063094334
v 0.25563481591707754 0.7471663357530756 0.21918315932680532
v 0.2305839447999749 0.7488149314623191 0.2544
v 0.20934834048263223 0.7622057163838791 0.21918315932680532
v 0.25646323519350617 0.7488149349791834 0.29627357063094334
v 0.2991652262335599 0.7471663420482394 0.2896168406731947
v 0.34545169731815384 0.7622057360665083 0.2896168406731947
v 0.3790293030662504 0.7886390818265385 0.2962735680339638
v 0.40927513849777175 0.827165899283172 0.21918315958034515
v 0.3999660858086643 0.8038505496392979 0.2544
v 0.38066853484273755 0.7877922750487238 0.21918315932680532
v 0.40796322062498147 0.8284632116289637 0.29627356832727186
v 0.422726767377232 0.8685657682566211 0.28961684041965485
v 0.4209028591286703 0.9175126740116151 0.21252643196603624
v 0.4013684557914613 0.9342998863013646 0.17778328261459778
v 0.42889999999999984 0.8929000073030732 0.2544
v 0.4013684637742022 0.8515001376022853 0.17778328261459778
v 0.420902862506764 0.8682873461831907 0.2125264316727282
v 0.29833677869776476 1.036985063002298 0.21252642936905666
v 0.27633472865400777 1.0235942743801012 0.1777832796237124
v 0.32421606909129624 1.0369850640241347 0.2544
v 0.3550819815554506 0.9980077442456092 0.1777832796237124
v 0.3451528553946396 1.0217735995791553 0.21252642936905666
v 0.1468367798709976 0.9573367878789831 0.21252642936905666
v 0.15277317024039844 0.9322736137896058 0.1777832796237124
v 0.15483391848397393 0.981949456269013 0.2544
v 0.20144164327780734 0.9992600310400758 0.1777832796237124
v 0.17577070305547698 0.9971609230976657 0.21252642936905666
v 0.17577072315911327 0.7886390573061332 0.21252642936905666
v 0.201441663786194 0.7865399543136045 0.1777832796237124
v 0.15483393565452924 0.8038505200977462 0.2544
v 0.15277317783243727 0.853526362179798 0.1777832796237124
v 0.14683679229572816 0.828463186945764 0.21252642936905666
v 0.3451528802440992 0.7640264134849808 0.21252642936905666
v 0.355082001822368 0.7877922707330647 0.1777832796237124
v 0.3242160968738371 0.7488149450029619 0.2544
v 0.27633475385453193 0.7622057254144953 0.1777832796237124
v 0.2983368064803059 0.7488149410347429 0.21252642936905666
v 0.3108932053122432 0.9172342390452809 0.1086663387957365
v 0.3451528627555709 0.8929000065320676 0.11889428208217659
v 0.31089321000438064 0.8685657674128934 0.1086663387957365
v 0.37902928993462426 0.9175126741222352 0.14477357207344238
v 0.3678752496585641 0.9586341192742808 0.15219674778924538
v 0.3678752623334426 0.8271658981711956 0.15219674778924538
v 0.3790292946804484 0.868287345473967 0.14477357207344238
v 0.2646067315060664 0.9322736240806339 0.10866633879573653
v 0.2983367823508466 0.9573367988179073 0.11889428018384679
v 0.28539713541634965 0.9971609303408786 0.14477356965773713
v 0.2428415231344077 0.9992600343845149 0.15219674778924538
v 0.33221321191829484 0.9819494669810723 0.14477356965773708
v 0.23600012086973046 0.8928999960086291 0.1086663387957365
v 0.22258678261318957 0.9327241270690575 0.11889428018384679
v 0.18071321201850127 0.9327241233454509 0.14477356965773713
v 0.16556643957404937 0.8928999892181033 0.15219674778924538
v 0.20964713508250757 0.9725482583983165 0.14477356965773713
v 0.26460673909810517 0.8535263734525635 0.10866633879573653
v 0.22258679029209527 0.8530758623618361 0.11889428018384676
v 0.209647150440319 0.8132517285375496 0.14477356965773713
v 0.24284154364279426 0.7865399589519072 0.15219674778924538
v 0.18071321969740703 0.8530758580113634 0.14477356965773713
v 0.29833679477557645 0.828463205219133 0.11889428018384679
v 0.332213229088849 0.8038505435880356 0.14477356965773713
v 0.2853971555199853 0.7886390712011343 0.14477356965773713
v 0.29829976468233654 0.8929 0.40445149061646457
v 0.30485302228868183 0.9128457890237818 0.4020507604702256
v 0.28385838169874655 0.912776857639233 0.40445149061646457
v 0.34546877817561783 0.9130602726001656 0.38823741945496987
v 0.3260042183377894 0.9130180605483023 0.3964744297878663
v 0.33850833531553076 0.8929 0.3930290783167971
v 0.2962835118692144 0.9510174812300101 0.3930290783167971
v 0.3115529405014782 0.9329085372833743 0.3964744297878663
v 0.3176079656129948 0.9514073897460713 0.3882374194549699
v 0.4087218565464058 0.9127768578983892 0.3272816198591419
v 0.397185489379106 0.9128457892617188 0.3449861580206115
v 0.40226347434874393 0.8929 0.34019838444609884
v 0.3791262756481182 0.951407390261149 0.35021701376891634
v 0.3892015721923704 0.9329085376902457 0.34848493698357025
v 0.3929486516510024 0.9510174818986589 0.33328673779156026
v 0.37406513875832464 0.8929 0.37105376525785116
v 0.38273876501750675 0.9130180607183956 0.3614105518980135
v 0.3666665431004486 0.9130602727476977 0.3751364803430769
v 0.3159849309708917 1.0116522224146183 0.34019838444609884
v 0.33338532059203696 1.0006591845425328 0.3449861580206115
v 0.3368846960538737 1.0116522228090312 0.3272816198591419
v 0.3241584345803816 0.9715676624157473 0.3751364803430769
v 0.3290848776746065 0.9868662982257124 0.3614105518980135
v 0.30727116709458396 0.9848340112666341 0.37105376525785116
v 0.3683795033623049 0.9848340120333817 0.33328673779156026
v 0.3499989626593044 0.9868662984989328 0.34848493698357025
v 0.364478979675282 0.9715676628044785 0.35021701376891634
v 0.3395081322946931 0.9534404693851815 0.37861626894045247
v 0.3541698747198333 0.9332603130068919 0.37861626894045247
v 0.3607268044043565 0.9534404695773853 0.36550240866474415
v 0.26691387656586374 0.9251729631098251 0.4020507604702256
v 0.2604917342460659 0.905184572152557 0.40445149061646457
v 0.27926084787914834 0.9638671219566154 0.38823741945496987
v 0.2732861148626195 0.9453421810142284 0.3964744297878663
v 0.22796231546143902 0.9288185744775744 0.3930290783167971
v 0.249903457202648 0.9377446934948389 0.3964744297878663
v 0.23418110824231525 0.9492198237645678 0.38823741945496987
v 0.2990766651246587 1.0239367951217555 0.3272816198591419
v 0.2954461744166358 1.0129863587756294 0.3449861580206115
v 0.25319130876224344 1.0077272142872162 0.35021701376891634
v 0.27389820075024757 1.0115929316969299 0.34848493698357025
v 0.2578334822363677 1.0207525869242038 0.33328673779156026
v 0.2908180517122109 0.99929994206169 0.3614105518980135
v 0.28581131656591247 0.9840273947174712 0.3751364803430769
v 0.17638332161450576 0.9662929009809603 0.34019838444609884
v 0.19221533751112735 0.9794446200044905 0.3449861580206115
v 0.18284170306194947 0.9861697591231102 0.3272816198591419
v 0.21703175530108282 0.9616795561656039 0.3751364803430769
v 0.20400424229852723 0.9710924199261619 0.3614105518980135
v 0.1991962555986087 0.9497183369412376 0.37105376525785116
v 0.21807976703284565 1.0078358193137724 0.33328673779156026
v 0.21046704895369472 0.9909828970668715 0.34848493698357025
v 0.2294914871093417 1.0000266739193042 0.35021701376891634
v 0.23901505746022905 0.9706763763409666 0.37861626894045247
v 0.26273825396291584 0.9783845116594652 0.37861626894045247
v 0.2455719867791588 0.9908565330302485 0.36550240866474415
v 0.24346619778798642 0.8928999967284351 0.4020507604702256
v 0.26049173661478253 0.8806154245871844 0.40445149061646457
v 0.21048128892508983 0.916599815647113 0.38823741945496987
v 0.22625326112326327 0.9051929859158613 0.3964744297878663
v 0.22796232238727437 0.8569814159898315 0.3930290783167971
v 0.22625326349360286 0.8806070042220037 0.3964744297878663
v 0.21048129349489933 0.8692001714495939 0.38823741945496987
v 0.1594750576733291 0.9540083256517381 0.3272816198591419
v 0.1687676584535383 0.9471716532381104 0.3449861580206115
v 0.16071193211958257 0.9053597225788694 0.35021701376891634
v 0.16343419710637208 0.926247719616315 0.34848493698357025
v 0.14975857676486187 0.9137997529916974 0.33328673779156026
v 0.18035404601918575 0.9385407120719673 0.3614105518980135
v 0.19333193581042307 0.9290595478094371 0.3751364803430769
v 0.17638333576615722 0.8195070795409634 0.34019838444609884
v 0.16876766891822298 0.8386283258153576 0.3449861580206115
v 0.15947506945626394 0.831791651609927 0.3272816198591419
v 0.19333194278272361 0.8567404359805246 0.3751364803430769
v 0.18035405481964853 0.8472592692155925 0.3614105518980135
v 0.1991962665543454 0.8360816479794851 0.37105376525785116
v 0.14975858079476329 0.8720002223964309 0.33328673779156026
v 0.16343420353649532 0.8595522584087524 0.34848493698357025
v 0.1607119345220736 0.8804402549212893 0.35021701376891634
v 0.1915686713751769 0.8804279690101896 0.3786162689404525
v 0.1915686689703163 0.905372014439778 0.37861626894045247
v 0.17440240396547071 0.8928999900699804 0.36550240866474415
v 0.26691388278875006 0.8606270348682369 0.4020507604702256
v 0.28385838553141035 0.8730231436060752 0.40445149061646457
v 0.2341811191019278 0.8365801679019487 0.38823741945496987
v 0.2499034658496209 0.8480553012032672 0.3964744297878663
v 0.29628352307545086 0.8347825224111176 0.3930290783167971
v 0.27328612497454263 0.8404578181925315 0.3964744297878663
v 0.2792608615630582 0.8219328784021954 0.38823741945496987
v 0.18284172104626478 0.7996302226441216 0.3272816198591419
v 0.1922153541986984 0.8063553635701692 0.3449861580206115
v 0.22949150776555222 0.7857733168429586 0.35021701376891634
v 0.21046706786608077 0.794817090027091 0.3484849369835702
v 0.21807978919481902 0.7779641692480778 0.3332867377915602
v 0.2040042573756234 0.8147075659216392 0.3614105518980135
v 0.21703176856318646 0.8241204321941675 0.3751364803430769
v 0.31598495386874365 0.7741477850253464 0.34019838444609884
v 0.29544619757173685 0.7728136447040438 0.3449861580206115
v 0.29907669039122736 0.7618632090579505 0.3272816198591419
v 0.2858113341371343 0.801772606904404 0.3751364803430769
v 0.29081807222829154 0.7865000605255863 0.3614105518980135
v 0.3072711848213375 0.8009659944931384 0.37105376525785116
v 0.25783350688895684 0.7650474093029745 0.3332867377915602
v 0.2738982236366678 0.774207067627854 0.3484849369835702
v 0.25319133090327484 0.7780727810448561 0.35021701376891634
v 0.262738270446075 0.8074154855134525 0.37861626894045247
v 0.23901507245710285 0.8151236162576344 0.37861626894045247
v 0.24557200566717866 0.7949434608326628 0.36550240866474415
v 0.30485302603816217 0.8729542122959382 0.4020507599513544
v 0.3176079763683943 0.8343926144016849 0.38823741803699263
v 0.31155294782442927 0.8528914655092557 0.3964744288139309
v 0.32600422182392996 0.8727819409960731 0.3964744288139309
v 0.3454687814417813 0.8727397290141649 0.38823741803699263
v 0.33688471694849814 0.7741477866029983 0.3272816181411337
v 0.33338533948428295 0.7851408239362541 0.34498615643072716
v 0.3644789906138055 0.8142323452488159 0.3502170104398445
v 0.34999897743551683 0.7989337101660463 0.34848493423582083
v 0.36837951632810695 0.8009659975601287 0.33328673401839787
v 0.32908489414170894 0.7989337090731647 0.3614105503537558
v 0.3241584482204113 0.8142323436938913 0.37513647904143577
v 0.3971854909992819 0.8729542132476861 0.34498615643072716
v 0.4087218578844929 0.8730231446426997 0.32728161814113366
v 0.3666665453921508 0.872739729604293 0.37513647904143577
v 0.38273876704365023 0.8727819416764466 0.3614105503537558
v 0.39294865773992216 0.834782525085712 0.3332867340183978
v 0.3892015762320496 0.852891467136741 0.34848493423582083
v 0.37912628265058906 0.8343926164619951 0.3502170104398445
v 0.3541698805039919 0.8525396909181331 0.37861626664096365
v 0.33950814202261403 0.8323595358765741 0.37861626664096365
v 0.3607268127334009 0.8323595366453893 0.3655024058087933
v 0.4191717391145956 0.9051845738321808 0.30638185485517755
v 0.4141523906845138 0.9251729650330616 0.3110523553794976
v 0.4164359005470055 0.9492198288232175 0.27559776498611765
v 0.4167720590381354 0.9377446970530057 0.29334396366183935
v 0.4235028202588644 0.9288185793715722 0.2721784017373341
v 0.4063150163803665 0.945342183125668 0.31425804858716794
v 0.3962756275467215 0.9638671241804427 0.3159183099648452
v 0.38487505313811393 0.9861697685146418 0.2024181451448225
v 0.3965184573551199 0.9794446286481576 0.21871988832011618
v 0.3993164361798881 0.9662929107953251 0.20241814514482248
v 0.38452667476773567 1.0000266799317883 0.2544
v 0.3914854461288777 0.9909829044080922 0.23660941697279148
v 0.3744872510614255 1.0078358260639462 0.2366215982626659
v 0.41671207465786275 0.9497183446273123 0.2366215982626659
v 0.4059367240237224 0.9710924275924557 0.23660941697279148
v 0.41238748741988 0.9616795626626671 0.2544
v 0.3503522218067556 1.0129863604386986 0.3110523553794976
v 0.33289319564819214 1.0239367963686794 0.30638185485517755
v 0.38162833150921666 0.9840273968127812 0.3159183099648452
v 0.36711240677885204 0.9992999440285663 0.31425804858716794
v 0.35670884842297806 1.0207525908751445 0.2721784017373341
v 0.36311817156007137 1.0115929347463593 0.29334396366183935
v 0.37392779186799213 1.0077272187100381 0.27559776498611765
v 0.3950593365130085 0.9783845152598785 0.2968373441923766
v 0.4056686728783883 0.9706763814588626 0.275618672088105
v 0.39100693038804774 0.9908565379268927 0.275618672088105
v 0.30952654736939383 1.0315290796331613 0.30638185485517755
v 0.2889653936478469 1.032932147379541 0.3110523553794976
v 0.26680111012777297 1.0425347830321203 0.27559776498611765
v 0.2778184877841605 1.039308478450805 0.29334396366183935
v 0.2883876496321009 1.0429514911196425 0.2721784017373341
v 0.26736144554812913 1.031710991797671 0.31425804858716794
v 0.24664083802871756 1.0278874864344605 0.3159183099648452
v 0.2219067917185235 1.0239367910185684 0.2024181451448225
v 0.23190078924007376 1.0329321443481276 0.21871988832011618
v 0.24527343926534814 1.0315290765358336 0.2024181451448225
v 0.20862043083024723 1.027887484104354 0.2544
v 0.2193719509370815 1.0317109890372644 0.23660941697279148
v 0.19809113925072763 1.0207525832289612 0.2366215982626659
v 0.2664123359014039 1.0429514900603203 0.2366215982626659
v 0.24275460869176213 1.0393084765874268 0.23660941697279145
v 0.25370017061192884 1.0425347823434656 0.2544
v 0.18573455659560023 0.9993904085607239 0.3110523553794976
v 0.16992493786972895 0.9861697581529492 0.30638185485517755
v 0.22294101627117974 1.0201869460325501 0.3159183099648452
v 0.20393029364082443 1.0111009571316272 0.314258048587168
v 0.18031273785758822 1.0078358167037438 0.2721784017373341
v 0.19100467815177735 1.0111009562442173 0.29334396366183935
v 0.1980215486057626 1.0201869443966898 0.27559776498611765
v 0.23245812391509818 1.0312168449317258 0.2968373441923766
v 0.2430674597337147 1.0389249794852968 0.275618672088105
v 0.2193442631255315 1.0312168441325205 0.275618672088105
v 0.15548355674428682 0.9662928990413359 0.30638185485517755
v 0.14779541483476857 0.9471716512933168 0.3110523553794976
v 0.13181362604640418 0.929059542013652 0.27559776498611765
v 0.13828658060565507 0.9385407081312115 0.29334396366183935
v 0.13808791986426958 0.9497183311962061 0.2721784017373341
v 0.14228081650682137 0.9262477176351389 0.31425804858716794
v 0.13951416714584713 0.905359720590199 0.3159183099648452
v 0.1356282620697634 0.8806154124995766 0.2024181451448225
v 0.13016148727146554 0.8928999858047045 0.21871988832011618
v 0.13562825970104678 0.905184560163938 0.20241814514482248
v 0.1277652187989874 0.8692001633987687 0.2544
v 0.127451251505938 0.8806069946466898 0.23660941697279148
v 0.13129718320405406 0.8569814065426249 0.23662159826266593
v 0.1312971762782187 0.928818565285769 0.2366215982626659
v 0.12745124913559838 0.9051929764401303 0.23660941697279145
v 0.12776521422917786 0.9165998077485905 0.2544
v 0.14779542529945325 0.8386283237162745 0.3110523553794976
v 0.15548357089593828 0.8195070774506865 0.30638185485517755
v 0.13951416954833817 0.8804402528225979 0.3159183099648452
v 0.14228082293694458 0.8595522563111249 0.31425804858716794
v 0.13808793082000628 0.8360816419415821 0.2721784017373341
v 0.1382865894061179 0.8472592650448824 0.29334396366183935
v 0.13181363301870472 0.8567404299143238 0.27559776498611765
v 0.13196505984496865 0.8928999859785873 0.2968373441923766
v 0.1279126528353263 0.905372008358151 0.275618672088105
v 0.12791265524018688 0.8804279628176371 0.275618672088105
v 0.16992495585404435 0.7996302211236667 0.30638185485517755
v 0.1857345771291266 0.7864095737643094 0.3110523553794976
v 0.19802157314928542 0.7656130402975267 0.27559776498611765
v 0.19100470094333633 0.7746990270970032 0.29334396366183935
v 0.18031276001956184 0.7779641645758524 0.2721784017373341
v 0.20393031643238332 0.7746990287019159 0.31425804858716794
v 0.2229410408147024 0.7656130434666486 0.3159183099648452
v 0.24527346599586472 0.7542709172695123 0.2024181451448225
v 0.2319008162411307 0.7528678468786985 0.21871988832011618
v 0.2219068169850929 0.7618631982812109 0.2024181451448225
v 0.25370019946457 0.7432652130867263 0.2544
v 0.2427546369223059 0.7464915167322373 0.23660941697279148
v 0.26641236483439457 0.7428485078210367 0.2366215982626659
v 0.19809116390331716 0.7650474014786738 0.2366215982626659
v 0.21937197770267503 0.7540889997737459 0.23660941697279148
v 0.2086204568585911 0.7579125026335437 0.2544
v 0.2889654206489033 0.7528678548505057 0.31105235537949755
v 0.30952657409990975 0.7542709265614955 0.30638185485517755
v 0.24664086405706115 0.7579125076345478 0.3159183099648452
v 0.26736147231372226 0.7540890062666934 0.31425804858716794
v 0.28838767856509134 0.7428485109990035 0.2721784017373341
v 0.277818516014704 0.7464915216298906 0.29334396366183935
v 0.266801138980414 0.7432652149242002 0.27559776498611765
v 0.23245815058541036 0.7545831464025656 0.2968373441923766
v 0.21934428979584378 0.7545831446731509 0.275618672088105
v 0.24306748789031238 0.7468750138946912 0.275618672088105
v 0.3328932209147604 0.7618632143315441 0.30638185485517755
v 0.35035224290348443 0.7728136515826415 0.31105235369457984
v 0.37392781175283973 0.7780727977523596 0.27559776361288646
v 0.3631181921960822 0.7742070796866871 0.2933439622295043
v 0.3567088730755661 0.7650474244172231 0.2721784017373341
v 0.36711242345338996 0.7865000684346241 0.31425804574994876
v 0.3816283441277707 0.8017726152380018 0.315918306436554
v 0.3993164484527124 0.8195071094360143 0.20241814536456057
v 0.3965184718939001 0.8063553912506104 0.21871988859214123
v 0.38487507112242736 0.7996302522087443 0.2024181451448225
v 0.4123874957086939 0.8241204536050479 0.2544
v 0.4059367352400546 0.8147075908155237 0.23660941710467187
v 0.4167120814255116 0.8360816719163233 0.23662159842203725
v 0.37448727322339725 0.7779641926564599 0.2366215982626659
v 0.3914854626473107 0.7948171147990034 0.2366094170079449
v 0.38452669284191854 0.7857733381423969 0.2544
v 0.41415239287937644 0.8606270412494502 0.3110523536602849
v 0.4191717395205542 0.8806154299230221 0.30638185463543943
v 0.39627563553616885 0.8219328863637567 0.3159183066900616
v 0.40631502121976093 0.8404578255780079 0.3142580457900352
v 0.42350282293573793 0.8569814314380276 0.2721784015779628
v 0.41677206264667277 0.8480553129340234 0.29334396224790904
v 0.4164359060811921 0.8365801843915937 0.27559776379755785
v 0.39505934760980366 0.8074154986915487 0.2968373415293748
v 0.3910069449414903 0.7949434786598897 0.27561867074078145
v 0.4056686823953197 0.8151236338995604 0.27561867085326014
v 0.40700457946985225 0.9471716666531165 0.1977476463054202
v 0.39532493602412466 0.9540083398631978 0.18151838185886632
v 0.4229863699059725 0.9290595591153094 0.23320223638711357
v 0.4165134144050046 0.938540724560949 0.2154560377704957
v 0.40504142204091725 0.9137997745270854 0.1755132659816022
v 0.4125191800123006 0.9262477368317636 0.19454195425005125
v 0.41528583237576966 0.9053597433047159 0.19288169356344603
v 0.42463851279445464 0.892900003746469 0.2900801114078588
v 0.42703478519959637 0.8692001886448294 0.2544
v 0.4273487503038377 0.8806070165312968 0.27219058289532816
v 0.4273487493829401 0.9051929945617424 0.2721905829920551
v 0.42703478291469193 0.9165998257814911 0.2544
v 0.3953249478070579 0.8317916828751384 0.18151838185886635
v 0.40700458848048654 0.8386283548291215 0.19774764633971514
v 0.41528583432127264 0.8804402794768871 0.19288169330993843
v 0.4125191855075002 0.8595522855057833 0.19454195420996484
v 0.40504142607081806 0.872000250084787 0.1755132659816022
v 0.4165134208437159 0.8472592950800206 0.215456037752091
v 0.42298637414952645 0.8567404580784401 0.23320223620244218
v 0.4228349409320852 0.8929000102333513 0.21196265847062526
v 0.426887345581901 0.9053720296211815 0.23318132925921856
v 0.4268873470390099 0.8804279880348179 0.2331813291467399
v 0.2658345928516249 1.0329321462645182 0.19774764462050246
v 0.2557233222420569 1.0239367930319032 0.18151838014085814
v 0.28799887544590663 1.0425347840539607 0.23320223501388238
v 0.2769814981005678 1.0393084784104578 0.21545603633816068
v 0.2969665054373379 1.0207525888106153 0.1755132622084398
v 0.2874385410690744 1.0317109927654895 0.19454195141283206
v 0.3081591489571109 1.027887489399957 0.1928816900351548
v 0.3228991972593981 1.0329321487347152 0.29008011167988385
v 0.34617955615558127 1.0278874907354059 0.2544
v 0.33542803568012214 1.03171099463176 0.27219058302720855
v 0.3120453771929662 1.0393084799275953 0.27219058302720855
v 0.30109981496175076 1.0425347846283703 0.2544
v 0.37195828794589336 0.9861697682394948 0.18151838014085814
v 0.36906543313763707 0.9993904173982078 0.19774764462050246
v 0.3318589714570593 1.0201869512829513 0.1928816900351548
v 0.35086969496339654 1.0111009642148563 0.19454195141283206
v 0.336720221886168 1.0078358250328479 0.1755132622084398
v 0.3637953104524437 1.0111009645736075 0.21545603633816068
v 0.3567784391224765 1.020186952049582 0.2332022350138824
v 0.32234186274974597 1.0312168492645808 0.2119626558076234
v 0.3117325261879867 1.0389249827953035 0.23318132791189505
v 0.3354557235393127 1.0312168497296854 0.23318132791189505
v 0.14064760620404365 0.9251729518487352 0.19774764462050246
v 0.1460781415372629 0.9127768452376218 0.18151838014085814
v 0.13836409402318883 0.9492198154187373 0.23320223501388238
v 0.13802793663837884 0.9377446836161165 0.21545603633816068
v 0.16185134274587978 0.9510174707585892 0.1755132622084398
v 0.14848497856367246 0.9453421706969444 0.19454195141283206
v 0.158524365611324 0.9638671127196186 0.1928816900351548
v 0.15828153430109515 0.9794446171639221 0.29008011167988385
v 0.17027331490415953 1.0000266696036828 0.2544
v 0.16331454441492982 0.9909828934090903 0.27219058302720855
v 0.14886326843773018 0.9710924152002033 0.27219058302720855
v 0.14241250594906885 0.9616795496484952 0.2544
v 0.21791529249720026 1.011652217074099 0.18151838014085814
v 0.20444776661569397 1.0129863534053594 0.19774764462050246
v 0.17317165970517273 0.9840273867641057 0.1928816900351548
v 0.1876875829631078 0.9992999353793741 0.19454195141283206
v 0.18642048777431844 0.9848340032620286 0.1755132622084398
v 0.19168181699671868 1.011592926482252 0.21545603633816068
v 0.18087219706149246 1.0077272094037732 0.23320223501388238
v 0.1597406552454123 0.9783845039163171 0.2119626558076234
v 0.14913131962317533 0.9706763690924529 0.23318132791189505
v 0.16379306016794276 0.9908565269740246 0.23318132791189505
v 0.20444778977079572 0.7728136325279631 0.19774764462050246
v 0.21791531539505307 0.7741477714560374 0.18151838014085814
v 0.18087221920252436 0.7780727719836981 0.23320223501388238
v 0.19168183988313953 0.7742070569895345 0.21545603633816068
v 0.18642050550107275 0.8009659791952659 0.1755132622084398
v 0.18768760347918909 0.7865000473222425 0.19454195141283206
v 0.17317167727639513 0.8017725931385443 0.19288169003515476
v 0.15828155098866628 0.8063553598676076 0.29008011167988385
v 0.14241251921117257 0.8241204243231617 0.2544
v 0.14886328351482644 0.8147075600152924 0.27219058302720855
v 0.1633145633273161 0.7948170845929068 0.27219058302720855
v 0.17027333556037033 0.7857733097401074 0.2544
v 0.14607814536992686 0.8730231294408436 0.18151838014085814
v 0.1406476124269301 0.8606270217826123 0.19774764462050246
v 0.15852437929523427 0.8219328643587337 0.19288169003515476
v 0.1484849886755959 0.8404578044456089 0.19454195141283206
v 0.1618513539521167 0.834782506961272 0.1755132622084398
v 0.1380279452853519 0.8480552895101054 0.21545603633816068
v 0.13836410488280154 0.8365801577723028 0.2332022350138824
v 0.15974067172857198 0.807415473396561 0.2119626558076234
v 0.16379307905596296 0.7949434511202401 0.23318132791189505
v 0.1491313346200494 0.8151236061747286 0.23318132791189505
v 0.3690654536711617 0.7864096002767611 0.19774764462050246
v 0.37195830593020696 0.7996302499932754 0.18151838014085814
v 0.3567784636659978 0.7656130632562037 0.2332022350138824
v 0.363795333244001 0.7746990520851742 0.21545603633816068
v 0.3367202440481403 0.7779641864053041 0.1755132622084398
v 0.35086971775495407 0.7746990499516031 0.19454195141283206
v 0.33185899600058094 0.7656130592178525 0.1928816900351548
v 0.32289922426045414 0.7528678600384615 0.29008011167988385
v 0.3010998438143915 0.7432652199414406 0.2544
v 0.3120454054235093 0.7464915267527433 0.27219058302720855
v 0.3354280624457145 0.7540890165572326 0.27219058302720855
v 0.3461795821839238 0.7579125225266993 0.2544
v 0.255723347508626 0.7618632027883934 0.18151838014085814
v 0.2658346198526816 0.7528678515054378 0.19774764462050246
v 0.3081591749854539 0.7579125165310374 0.1928816900351548
v 0.28743856783466737 0.7540890091701489 0.19454195141283206
v 0.2969665300899267 0.7650474149622088 0.1755132622084398
v 0.2769815263311113 0.7464915215088491 0.21545603633816068
v 0.28799890429854746 0.7432652179897216 0.2332022350138824
v 0.3223418894200573 0.7545831594011304 0.2119626558076234
v 0.33545575020962387 0.7545831614646459 0.23318132791189505
v 0.3117325543445837 0.7468750238247112 0.23318132791189505
v 0.29430826456957593 0.9051845737826864 0.10434850938353543
v 0.31133380446969516 0.8929000032715652 0.10674924004864558
v 0.2943082669382922 0.8806154294775725 0.10434850938353543
v 0.3443187104835079 0.9165998253245832 0.12056258196300743
v 0.32854673960415304 0.9051929941454567 0.11232557118606909
v 0.3268376810756436 0.9288185792438717 0.11577092168320294
v 0.32683768800147805 0.8569814302887232 0.11577092168320294
v 0.3285467419744923 0.880607015716679 0.11232557118606909
v 0.34431871505331674 0.8692001875787109 0.12056258196300743
v 0.3860323361498786 0.9471716666938432 0.16381384356927287
v 0.37841667130966905 0.9662929107199989 0.16860161555390119
v 0.39408806839252536 0.9053597433838771 0.15858298956015554
v 0.39136580010950434 0.9262477368833596 0.1603150657641792
v 0.35560373892352337 0.9497183444808766 0.13774623474214887
v 0.3744459498121149 0.938540724556593 0.14738944964624423
v 0.3614680611749877 0.9290595591642855 0.1336635209585642
v 0.3784166854613186 0.819507108758079 0.16860161555390119
v 0.38603234661456187 0.8386283542526899 0.16381384356927287
v 0.36146806814728727 0.8567404570457535 0.1336635209585642
v 0.3744459586125765 0.8472592941558482 0.14738944964624423
v 0.3556037498792587 0.8360816705984019 0.13774623474214884
v 0.39136580653962666 0.8595522850915739 0.1603150657641792
v 0.39408807079501607 0.8804402791159648 0.15858298956015554
v 0.36323133460452484 0.880427987259984 0.13018373335903638
v 0.3632313321996646 0.9053720292900493 0.13018373335903638
v 0.380397599115213 0.8929000099300198 0.14329759419120675
v 0.2709416163849216 0.9127768570165791 0.10434850938353543
v 0.28788612032269323 0.9251729641207942 0.10674923952977444
v 0.2755391452788968 0.9638671217772103 0.12056258054503016
v 0.281513880081419 0.9453421814108487 0.11232557021213374
v 0.25851648252766735 0.9510174794094466 0.11577092168320294
v 0.3048965384738658 0.937744696145786 0.11232557021213374
v 0.32061888632787877 0.9492198279313099 0.12056258054503016
v 0.25935381400581364 1.0129863570357933 0.16381384197938856
v 0.23881505758018218 1.0116522186946364 0.16860161555390119
v 0.301608680167241 1.0077272166211806 0.1585829862310837
v 0.28090178780654235 1.0115929320345385 0.16031506301642978
v 0.2475288240420392 0.9848340083867483 0.13774623474214887
v 0.26398193802974873 0.9992999407680524 0.1473894481019865
v 0.26898867464847664 0.984027393906534 0.13366351965692314
v 0.3625846541450876 0.979444628217161 0.16381384197938856
v 0.3377682380678657 0.9616795619857186 0.1336635196569231
v 0.35079575016292514 0.9710924270022618 0.1473894481019865
v 0.34433294159011263 0.9909829035198907 0.16031506301642978
v 0.32530850256255334 1.0000266785381733 0.1585829862310837
v 0.3157849350413343 0.9706763800416665 0.13018373105954756
v 0.2920617377955047 0.9783845130730067 0.13018373105954756
v 0.30922800377683146 0.9908565360987933 0.14329759133525588
v 0.25650023531766364 0.8928999979850494 0.10434850938353543
v 0.24994697578834071 0.9128457863770301 0.10674923952977444
v 0.2093312198807265 0.9130602660376406 0.12056258054503016
v 0.2287957797226245 0.9130180558623594 0.11232557021213374
v 0.21629166468446961 0.8928999941085328 0.11577092168320294
v 0.24324705564129068 0.9329085339906821 0.11232557021213374
v 0.23719202874629589 0.9514073858696127 0.12056258054503016
v 0.15761450869791693 0.9128457777131749 0.16381384197938856
v 0.15253652565125672 0.8928999879618866 0.16860161555390119
v 0.17567371871117277 0.9514073804536974 0.1585829862310837
v 0.16559842395039875 0.9329085269114329 0.16031506301642978
v 0.18073486124167587 0.892899990680494 0.13774623474214887
v 0.17206123304290738 0.9130180505626635 0.1473894481019865
v 0.1881334549558958 0.9130602641414918 0.13366351965692314
v 0.22141466901887807 1.000659179144976 0.16381384197938856
v 0.23064155783525306 0.9715676579077566 0.13366351965692314
v 0.22571511326608357 0.9868662932427622 0.1473894481019865
v 0.20480102828138574 0.9868662914996514 0.16031506301642978
v 0.19032101274035282 0.9715676544091757 0.1585829862310837
v 0.21529186186858806 0.9534404633973232 0.13018373105954756
v 0.20063012138902098 0.9332603056054922 0.13018373105954756
v 0.19407318975892474 0.9534404615438306 0.14329759133525588
v 0.2709416202175855 0.8730231417381131 0.10434850938353543
v 0.24994697963429602 0.8729542083294668 0.10674923952977444
v 0.23719204002771502 0.8343926063774708 0.12056258054503013
v 0.2432470633557534 0.8528914594239339 0.11232557021213374
v 0.2585164937339041 0.834782516949427 0.11577092168320294
v 0.22879578360179725 0.8727819347657552 0.11232557021213374
v 0.2093312237680386 0.8727397208373096 0.12056258054503013
v 0.22141468979704867 0.7851408100599113 0.16381384197938853
v 0.23881508047803493 0.7741477738654012 0.16860161555390119
v 0.19032102790908417 0.8142323288002195 0.1585829862310837
v 0.20480104640000635 0.7989336945017866 0.16031506301642978
v 0.24752884176879336 0.800965985853481 0.13774623474214887
v 0.22571513138470412 0.7989336967913383 0.1473894481019865
v 0.23064157300398433 0.8142323330762627 0.1336635196569231
v 0.15761451254387226 0.8729541991897376 0.16381384197938853
v 0.18813345884320798 0.8727397186460966 0.13366351965692314
v 0.1720612369220802 0.8727819291258724 0.1473894481019865
v 0.16559843166486155 0.8528914515309418 0.16031506301642978
v 0.17567372999259195 0.8343925999314001 0.1585829862310837
v 0.2006301291713133 0.8525396795917088 0.13018373105954756
v 0.21529187354202647 0.8323595246269611 0.13018373105954756
v 0.19407320143236317 0.8323595223890606 0.14329759133525588
v 0.2878861265455793 0.8606270379011445 0.10674923952977444
v 0.3206188971874905 0.8365801804021747 0.12056258054503016
v 0.30489654712083814 0.8480553091561087 0.11232557021213374
v 0.28151389019334205 0.8404578193823924 0.11232557021213374
v 0.2755391589628067 0.8219328778639803 0.12056258054503016
v 0.3625846708326571 0.806355388208181 0.16381384197938856
v 0.325308523218763 0.785773330699566 0.1585829862310837
v 0.3443329605024975 0.7948171093861487 0.16031506301642978
v 0.35079576524001993 0.8147075871499386 0.1473894481019865
v 0.33776825132996824 0.8241204496545115 0.13366351965692314
v 0.2593538371609151 0.7728136394845359 0.16381384197938853
v 0.2689886922196987 0.8017726044715925 0.13366351965692314
v 0.2639819585458297 0.7865000566446734 0.1473894481019865
v 0.28090181069296266 0.7742070686406799 0.16031506301642978
v 0.3016087023082721 0.7780727880467493 0.1585829862310837
v 0.29206175427866365 0.8074154897540773 0.13018373105954756
v 0.31578495003820745 0.8151236273597341 0.13018373105954756
v 0.3092280226648508 0.7949434700382975 0.14329759133525588
# Number of normals: 642
vn 0 0 1
vn .894 0 .447
vn .276 .851 .447
vn -.724 .526 .447
vn -.724 -.526 .447
vn .276 -.851 .447
vn .724 .526 -.447
vn -.276 .851 -.447
vn -.894 0 -.447
vn -.276 -.851 -.447
vn .724 -.526 -.447
vn 0 0 -1
vn .526 0 .851
vn .688 .5 .526
vn .162 .5 .851
vn -.263 .809 .526
vn -.425 .309 .851
vn -.851 0 .526
vn -.425 -.309 .851
vn -.263 -.809 .526
vn .162 -.5 .851
vn .688 -.5 .526
vn .951 .309 0
vn .588 .809 0
vn 0 1 0
vn -.588 .809 0
vn -.951 .309 0
vn -.951 -.309 0
vn -.588 -.809 0
vn 0 -1 0
vn .588 -.809 0
vn .951 -.309 0
vn .851 0 -.526
vn .263 .809 -.526
vn -.688 .5 -.526
vn -.688 -.5 -.526
vn .263 -.809 -.526
vn .425 .309 -.851
vn .425 -.309 -.851
vn -.162 .5 -.851
vn -.526 0 -.851
vn -.162 -.5 -.851
vn .273 0 .962
vn .362 .263 .894
vn .084 .26 .962
vn .823 .26 .506
vn .638 .263 .724
vn .738 0 .675
vn .228 .702 .675
vn .447 .526 .724
vn .501 .702 .506
vn -.138 .425 .894
vn -.221 .161 .962
vn .007 .863 .506
vn -.053 .688 .724
vn -.597 .434 .675
vn -.362 .588 .724
vn -.513 .694 .506
vn -.447 0 .894
vn -.221 -.161 .962
vn -.818 .273 .506
vn -.671 .162 .724
vn -.597 -.434 .675
vn -.671 -.162 .724
vn -.818 -.273 .506
vn -.138 -.425 .894
vn .084 -.26 .962
vn -.513 -.694 .506
vn -.362 -.588 .724
vn .228 -.702 .675
vn -.053 -.688 .724
vn .007 -.863 .506
vn .362 -.263 .894
vn .501 -.702 .506
vn .447 -.526 .724
vn .638 -.263 .724
vn .823 -.26 .506
vn .959 .161 .232
vn .862 .425 .276
vn .682 .694 -.232
vn .809 .588 0
vn .87 .434 -.232
vn .671 .688 .276
vn .449 .863 .232
vn .144 .962 .232
vn -.138 .951 .276
vn -.449 .863 -.232
vn -.309 .951 0
vn -.144 .962 -.232
vn -.447 .851 .276
vn -.682 .694 .232
vn -.87 .434 .232
vn -.947 .162 .276
vn -.959 -.161 -.232
vn -1 0 0
vn -.959 .161 -.232
vn -.947 -.162 .276
vn -.87 -.434 .232
vn -.682 -.694 .232
vn -.447 -.851 .276
vn -.144 -.962 -.232
vn -.309 -.951 0
vn -.449 -.863 -.232
vn -.138 -.951 .276
vn .144 -.962 .232
vn .449 -.863 .232
vn .671 -.688 .276
vn .87 -.434 -.232
vn .809 -.588 0
vn .682 -.694 -.232
vn .862 -.425 .276
vn .959 -.161 .232
vn .947 .162 -.276
vn .818 .273 -.506
vn 1 0 0
vn .818 -.273 -.506
vn .947 -.162 -.276
vn .138 .951 -.276
vn -.007 .863 -.506
vn .309 .951 0
vn .513 .694 -.506
vn .447 .851 -.276
vn -.862 .425 -.276
vn -.823 .26 -.506
vn -.809 .588 0
vn -.501 .702 -.506
vn -.671 .688 -.276
vn -.671 -.688 -.276
vn -.501 -.702 -.506
vn -.809 -.588 0
vn -.823 -.26 -.506
vn -.862 -.425 -.276
vn .447 -.851 -.276
vn .513 -.694 -.506
vn .309 -.951 0
vn -.007 -.863 -.506
vn .138 -.951 -.276
vn .221 .161 -.962
vn .447 0 -.894
vn .221 -.161 -.962
vn .671 .162 -.724
vn .597 .434 -.675
vn .597 -.434 -.675
vn .671 -.162 -.724
vn -.084 .26 -.962
vn .138 .425 -.894
vn .053 .688 -.724
vn -.228 .702 -.675
vn .362 .588 -.724
vn -.273 0 -.962
vn -.362 .263 -.894
vn -.638 .263 -.724
vn -.738 0 -.675
vn -.447 .526 -.724
vn -.084 -.26 -.962
vn -.362 -.263 -.894
vn -.447 -.526 -.724
vn -.228 -.702 -.675
vn -.638 -.263 -.724
vn .138 -.425 -.894
vn .362 -.588 -.724
vn .053 -.688 -.724
vn .138 0 .99
vn .181 .132 .975
vn .043 .131 .99
vn .449 .133 .883
vn .321 .133 .938
vn .403 0 .915
vn .125 .384 .915
vn .225 .264 .938
vn .265 .386 .883
vn .867 .131 .481
vn .791 .132 .598
vn .824 0 .566
vn .671 .386 .632
vn .738 .264 .621
vn .763 .384 .521
vn .638 0 .77
vn .695 .133 .706
vn .589 .133 .797
vn .255 .784 .566
vn .37 .711 .598
vn .393 .784 .481
vn .309 .519 .797
vn .341 .62 .706
vn .197 .607 .77
vn .601 .607 .521
vn .479 .62 .621
vn .575 .519 .632
vn .41 .4 .82
vn .507 .266 .82
vn .55 .4 .733
vn -.069 .213 .975
vn -.112 .081 .99
vn .012 .468 .883
vn -.027 .346 .938
vn -.326 .237 .915
vn -.181 .296 .938
vn -.285 .372 .883
vn .143 .865 .481
vn .119 .793 .598
vn -.16 .758 .632
vn -.023 .783 .621
vn -.129 .844 .521
vn .089 .702 .706
vn .056 .602 .797
vn -.667 .484 .566
vn -.562 .571 .598
vn -.624 .616 .481
vn -.398 .454 .797
vn -.484 .516 .706
vn -.516 .375 .77
vn -.392 .759 .521
vn -.442 .647 .621
vn -.316 .707 .632
vn -.253 .513 .82
vn -.097 .564 .82
vn -.21 .647 .733
vn -.224 0 .975
vn -.112 -.081 .99
vn -.442 .156 .883
vn -.338 .081 .938
vn -.326 -.237 .915
vn -.338 -.081 .938
vn -.442 -.156 .883
vn -.778 .403 .481
vn -.717 .358 .598
vn -.77 .082 .632
vn -.752 .22 .621
vn -.843 .138 .521
vn -.641 .301 .706
vn -.555 .239 .797
vn -.667 -.484 .566
vn -.717 -.358 .598
vn -.778 -.403 .481
vn -.555 -.239 .797
vn -.641 -.301 .706
vn -.516 -.375 .77
vn -.843 -.138 .521
vn -.752 -.22 .621
vn -.77 -.082 .632
vn -.567 -.082 .82
vn -.567 .082 .82
vn -.68 0 .733
vn -.069 -.213 .975
vn .043 -.131 .99
vn -.285 -.372 .883
vn -.181 -.296 .938
vn .125 -.384 .915
vn -.027 -.346 .938
vn .012 -.468 .883
vn -.624 -.616 .481
vn -.562 -.571 .598
vn -.316 -.707 .632
vn -.442 -.647 .621
vn -.392 -.759 .521
vn -.484 -.516 .706
vn -.398 -.454 .797
vn .255 -.784 .566
vn .119 -.793 .598
vn .143 -.865 .481
vn .056 -.602 .797
vn .089 -.702 .706
vn .197 -.607 .77
vn -.129 -.844 .521
vn -.023 -.783 .621
vn -.16 -.758 .632
vn -.097 -.564 .82
vn -.253 -.513 .82
vn -.21 -.647 .733
vn .181 -.132 .975
vn .265 -.386 .883
vn .225 -.264 .938
vn .321 -.133 .938
vn .449 -.133 .883
vn .393 -.784 .481
vn .37 -.711 .598
vn .575 -.519 .632
vn .479 -.62 .621
vn .601 -.607 .521
vn .341 -.62 .706
vn .309 -.519 .797
vn .791 -.132 .598
vn .867 -.131 .481
vn .589 -.133 .797
vn .695 -.133 .706
vn .763 -.384 .521
vn .738 -.264 .621
vn .671 -.386 .632
vn .507 -.266 .82
vn .41 -.4 .82
vn .55 -.4 .733
vn .936 .081 .343
vn .903 .213 .374
vn .918 .372 .14
vn .92 .296 .257
vn .964 .237 .117
vn .851 .346 .395
vn .785 .468 .406
vn .709 .616 -.343
vn .786 .571 -.236
vn .805 .484 -.343
vn .707 .707 0
vn .753 .647 -.117
vn .641 .759 -.117
vn .92 .375 -.117
vn .848 .516 -.117
vn .891 .454 0
vn .482 .793 .374
vn .366 .865 .343
vn .688 .602 .406
vn .592 .702 .395
vn .523 .844 .117
vn .566 .783 .257
vn .637 .758 .14
vn .777 .564 .28
vn .847 .513 .14
vn .75 .647 .14
vn .212 .915 .343
vn .076 .924 .374
vn -.07 .988 .14
vn .003 .966 .257
vn .073 .99 .117
vn -.066 .916 .395
vn -.203 .891 .406
vn -.366 .865 -.343
vn -.3 .924 -.236
vn -.212 .915 -.343
vn -.454 .891 0
vn -.383 .916 -.117
vn -.523 .844 -.117
vn -.073 .99 -.117
vn -.229 .966 -.117
vn -.156 .988 0
vn -.605 .703 .374
vn -.709 .616 .343
vn -.359 .84 .406
vn -.485 .78 .395
vn -.641 .759 .117
vn -.57 .78 .257
vn -.524 .84 .14
vn -.297 .913 .28
vn -.227 .964 .14
vn -.383 .913 .14
vn -.805 .484 .343
vn -.855 .358 .374
vn -.961 .239 .14
vn -.918 .301 .257
vn -.92 .375 .117
vn -.892 .22 .395
vn -.91 .082 .406
vn -.936 -.081 -.343
vn -.972 0 -.236
vn -.936 .081 -.343
vn -.988 -.156 0
vn -.99 -.081 -.117
vn -.964 -.237 -.117
vn -.964 .237 -.117
vn -.99 .081 -.117
vn -.988 .156 0
vn -.855 -.358 .374
vn -.805 -.484 .343
vn -.91 -.082 .406
vn -.892 -.22 .395
vn -.92 -.375 .117
vn -.918 -.301 .257
vn -.961 -.239 .14
vn -.96 0 .28
vn -.987 .082 .14
vn -.987 -.082 .14
vn -.709 -.616 .343
vn -.605 -.703 .374
vn -.524 -.84 .14
vn -.57 -.78 .257
vn -.641 -.759 .117
vn -.485 -.78 .395
vn -.359 -.84 .406
vn -.212 -.915 -.343
vn -.3 -.924 -.236
vn -.366 -.865 -.343
vn -.156 -.988 0
vn -.229 -.966 -.117
vn -.073 -.99 -.117
vn -.523 -.844 -.117
vn -.383 -.916 -.117
vn -.454 -.891 0
vn .076 -.924 .374
vn .212 -.915 .343
vn -.203 -.891 .406
vn -.066 -.916 .395
vn .073 -.99 .117
vn .003 -.966 .257
vn -.07 -.988 .14
vn -.297 -.913 .28
vn -.383 -.913 .14
vn -.227 -.964 .14
vn .366 -.865 .343
vn .482 -.793 .374
vn .637 -.758 .14
vn .566 -.783 .257
vn .523 -.844 .117
vn .592 -.702 .395
vn .688 -.602 .406
vn .805 -.484 -.343
vn .786 -.571 -.236
vn .709 -.616 -.343
vn .891 -.454 0
vn .848 -.516 -.117
vn .92 -.375 -.117
vn .641 -.759 -.117
vn .753 -.647 -.117
vn .707 -.707 0
vn .903 -.213 .374
vn .936 -.081 .343
vn .785 -.468 .406
vn .851 -.346 .395
vn .964 -.237 .117
vn .92 -.296 .257
vn .918 -.372 .14
vn .777 -.564 .28
vn .75 -.647 .14
vn .847 -.513 .14
vn .855 .358 -.374
vn .778 .403 -.481
vn .961 .239 -.14
vn .918 .301 -.257
vn .843 .138 -.521
vn .892 .22 -.395
vn .91 .082 -.406
vn .972 0 .236
vn .988 -.156 0
vn .99 -.081 .117
vn .99 .081 .117
vn .988 .156 0
vn .778 -.403 -.481
vn .855 -.358 -.374
vn .91 -.082 -.406
vn .892 -.22 -.395
vn .843 -.138 -.521
vn .918 -.301 -.257
vn .961 -.239 -.14
vn .96 0 -.28
vn .987 .082 -.14
vn .987 -.082 -.14
vn -.076 .924 -.374
vn -.143 .865 -.481
vn .07 .988 -.14
vn -.003 .966 -.257
vn .129 .844 -.521
vn .066 .916 -.395
vn .203 .891 -.406
vn .3 .924 .236
vn .454 .891 0
vn .383 .916 .117
vn .229 .966 .117
vn .156 .988 0
vn .624 .616 -.481
vn .605 .703 -.374
vn .359 .84 -.406
vn .485 .78 -.395
vn .392 .759 -.521
vn .57 .78 -.257
vn .524 .84 -.14
vn .297 .913 -.28
vn .227 .964 -.14
vn .383 .913 -.14
vn -.903 .213 -.374
vn -.867 .131 -.481
vn -.918 .372 -.14
vn -.92 .296 -.257
vn -.763 .384 -.521
vn -.851 .346 -.395
vn -.785 .468 -.406
vn -.786 .571 .236
vn -.707 .707 0
vn -.753 .647 .117
vn -.848 .516 .117
vn -.891 .454 0
vn -.393 .784 -.481
vn -.482 .793 -.374
vn -.688 .602 -.406
vn -.592 .702 -.395
vn -.601 .607 -.521
vn -.566 .783 -.257
vn -.637 .758 -.14
vn -.777 .564 -.28
vn -.847 .513 -.14
vn -.75 .647 -.14
vn -.482 -.793 -.374
vn -.393 -.784 -.481
vn -.637 -.758 -.14
vn -.566 -.783 -.257
vn -.601 -.607 -.521
vn -.592 -.702 -.395
vn -.688 -.602 -.406
vn -.786 -.571 .236
vn -.891 -.454 0
vn -.848 -.516 .117
vn -.753 -.647 .117
vn -.707 -.707 0
vn -.867 -.131 -.481
vn -.903 -.213 -.374
vn -.785 -.468 -.406
vn -.851 -.346 -.395
vn -.763 -.384 -.521
vn -.92 -.296 -.257
vn -.918 -.372 -.14
vn -.777 -.564 -.28
vn -.75 -.647 -.14
vn -.847 -.513 -.14
vn .605 -.703 -.374
vn .624 -.616 -.481
vn .524 -.84 -.14
vn .57 -.78 -.257
vn .392 -.759 -.521
vn .485 -.78 -.395
vn .359 -.84 -.406
vn .3 -.924 .236
vn .156 -.988 0
vn .229 -.966 .117
vn .383 -.916 .117
vn .454 -.891 0
vn -.143 -.865 -.481
vn -.076 -.924 -.374
vn .203 -.891 -.406
vn .066 -.916 -.395
vn .129 -.844 -.521
vn -.003 -.966 -.257
vn .07 -.988 -.14
vn .297 -.913 -.28
vn .383 -.913 -.14
vn .227 -.964 -.14
vn .112 .081 -.99
vn .224 0 -.975
vn .112 -.081 -.99
vn .442 .156 -.883
vn .338 .081 -.938
vn .326 .237 -.915
vn .326 -.237 -.915
vn .338 -.081 -.938
vn .442 -.156 -.883
vn .717 .358 -.598
vn .667 .484 -.566
vn .77 .082 -.632
vn .752 .22 -.621
vn .516 .375 -.77
vn .641 .301 -.706
vn .555 .239 -.797
vn .667 -.484 -.566
vn .717 -.358 -.598
vn .555 -.239 -.797
vn .641 -.301 -.706
vn .516 -.375 -.77
vn .752 -.22 -.621
vn .77 -.082 -.632
vn .567 -.082 -.82
vn .567 .082 -.82
vn .68 0 -.733
vn -.043 .131 -.99
vn .069 .213 -.975
vn -.012 .468 -.883
vn .027 .346 -.938
vn -.125 .384 -.915
vn .181 .296 -.938
vn .285 .372 -.883
vn -.119 .793 -.598
vn -.255 .784 -.566
vn .16 .758 -.632
vn .023 .783 -.621
vn -.197 .607 -.77
vn -.089 .702 -.706
vn -.056 .602 -.797
vn .562 .571 -.598
vn .398 .454 -.797
vn .484 .516 -.706
vn .442 .647 -.621
vn .316 .707 -.632
vn .253 .513 -.82
vn .097 .564 -.82
vn .21 .647 -.733
vn -.138 0 -.99
vn -.181 .132 -.975
vn -.449 .133 -.883
vn -.321 .133 -.938
vn -.403 0 -.915
vn -.225 .264 -.938
vn -.265 .386 -.883
vn -.791 .132 -.598
vn -.824 0 -.566
vn -.671 .386 -.632
vn -.738 .264 -.621
vn -.638 0 -.77
vn -.695 .133 -.706
vn -.589 .133 -.797
vn -.37 .711 -.598
vn -.309 .519 -.797
vn -.341 .62 -.706
vn -.479 .62 -.621
vn -.575 .519 -.632
vn -.41 .4 -.82
vn -.507 .266 -.82
vn -.55 .4 -.733
vn -.043 -.131 -.99
vn -.181 -.132 -.975
vn -.265 -.386 -.883
vn -.225 -.264 -.938
vn -.125 -.384 -.915
vn -.321 -.133 -.938
vn -.449 -.133 -.883
vn -.37 -.711 -.598
vn -.255 -.784 -.566
vn -.575 -.519 -.632
vn -.479 -.62 -.621
vn -.197 -.607 -.77
vn -.341 -.62 -.706
vn -.309 -.519 -.797
vn -.791 -.132 -.598
vn -.589 -.133 -.797
vn -.695 -.133 -.706
vn -.738 -.264 -.621
vn -.671 -.386 -.632
vn -.507 -.266 -.82
vn -.41 -.4 -.82
vn -.55 -.4 -.733
vn .069 -.213 -.975
vn .285 -.372 -.883
vn .181 -.296 -.938
vn .027 -.346 -.938
vn -.012 -.468 -.883
vn .562 -.571 -.598
vn .316 -.707 -.632
vn .442 -.647 -.621
vn .484 -.516 -.706
vn .398 -.454 -.797
vn -.119 -.793 -.598
vn -.056 -.602 -.797
vn -.089 -.702 -.706
vn .023 -.783 -.621
vn .16 -.758 -.632
vn .097 -.564 -.82
vn .253 -.513 -.82
vn .21 -.647 -.733
# Number of faces: 1280
f 4141//3997 4303//4159 4305//4161
f 4183//4039 4304//4160 4303//4159
f 4185//4041 4305//4161 4304//4160
f 4305//4161 4303//4159 4304//4160
f 4153//4009 4306//4162 4308//4164
f 4184//4040 4307//4163 4306//4162
f 4183//4039 4308//4164 4307//4163
f 4308//4164 4306//4162 4307//4163
f 4155//4011 4309//4165 4311//4167
f 4185//4041 4310//4166 4309//4165
f 4184//4040 4311//4167 4310//4166
f 4311//4167 4309//4165 4310//4166
f 4185//4041 4304//4160 4310//4166
f 4183//4039 4307//4163 4304//4160
f 4184//4040 4310//4166 4307//4163
f 4310//4166 4304//4160 4307//4163
f 4142//3998 4312//4168 4314//4170
f 4186//4042 4313//4169 4312//4168
f 4188//4044 4314//4170 4313//4169
f 4314//4170 4312//4168 4313//4169
f 4154//4010 4315//4171 4317//4173
f 4187//4043 4316//4172 4315//4171
f 4186//4042 4317//4173 4316//4172
f 4317//4173 4315//4171 4316//4172
f 4153//4009 4318//4174 4320//4176
f 4188//4044 4319//4175 4318//4174
f 4187//4043 4320//4176 4319//4175
f 4320//4176 4318//4174 4319//4175
f 4188//4044 4313//4169 4319//4175
f 4186//4042 4316//4172 4313//4169
f 4187//4043 4319//4175 4316//4172
f 4319//4175 4313//4169 4316//4172
f 4143//3999 4321//4177 4323//4179
f 4189//4045 4322//4178 4321//4177
f 4191//4047 4323//4179 4322//4178
f 4323//4179 4321//4177 4322//4178
f 4155//4011 4324//4180 4326//4182
f 4190//4046 4325//4181 4324//4180
f 4189//4045 4326//4182 4325//4181
f 4326//4182 4324//4180 4325//4181
f 4154//4010 4327//4183 4329//4185
f 4191//4047 4328//4184 4327//4183
f 4190//4046 4329//4185 4328//4184
f 4329//4185 4327//4183 4328//4184
f 4191//4047 4322//4178 4328//4184
f 4189//4045 4325//4181 4322//4178
f 4190//4046 4328//4184 4325//4181
f 4328//4184 4322//4178 4325//4181
f 4155//4011 4311//4167 4324//4180
f 4184//4040 4330//4186 4311//4167
f 4190//4046 4324//4180 4330//4186
f 4324//4180 4311//4167 4330//4186
f 4153//4009 4320//4176 4306//4162
f 4187//4043 4331//4187 4320//4176
f 4184//4040 4306//4162 4331//4187
f 4306//4162 4320//4176 4331//4187
f 4154//4010 4329//4185 4315//4171
f 4190//4046 4332//4188 4329//4185
f 4187//4043 4315//4171 4332//4188
f 4315//4171 4329//4185 4332//4188
f 4190//4046 4330//4186 4332//4188
f 4184//4040 4331//4187 4330//4186
f 4187//4043 4332//4188 4331//4187
f 4332//4188 4330//4186 4331//4187
f 4141//3997 4305//4161 4334//4190
f 4185//4041 4333//4189 4305//4161
f 4193//4049 4334//4190 4333//4189
f 4334//4190 4305//4161 4333//4189
f 4155//4011 4335//4191 4309//4165
f 4192//4048 4336//4192 4335//4191
f 4185//4041 4309//4165 4336//4192
f 4309//4165 4335//4191 4336//4192
f 4157//4013 4337//4193 4339//4195
f 4193//4049 4338//4194 4337//4193
f 4192//4048 4339//4195 4338//4194
f 4339//4195 4337//4193 4338//4194
f 4193//4049 4333//4189 4338//4194
f 4185//4041 4336//4192 4333//4189
f 4192//4048 4338//4194 4336//4192
f 4338//4194 4333//4189 4336//4192
f 4143//3999 4340//4196 4321//4177
f 4194//4050 4341//4197 4340//4196
f 4189//4045 4321//4177 4341//4197
f 4321//4177 4340//4196 4341//4197
f 4156//4012 4342//4198 4344//4200
f 4195//4051 4343//4199 4342//4198
f 4194//4050 4344//4200 4343//4199
f 4344//4200 4342//4198 4343//4199
f 4155//4011 4326//4182 4346//4202
f 4189//4045 4345//4201 4326//4182
f 4195//4051 4346//4202 4345//4201
f 4346//4202 4326//4182 4345//4201
f 4189//4045 4341//4197 4345//4201
f 4194//4050 4343//4199 4341//4197
f 4195//4051 4345//4201 4343//4199
f 4345//4201 4341//4197 4343//4199
f 4144//4000 4347//4203 4349//4205
f 4196//4052 4348//4204 4347//4203
f 4198//4054 4349//4205 4348//4204
f 4349//4205 4347//4203 4348//4204
f 4157//4013 4350//4206 4352//4208
f 4197//4053 4351//4207 4350//4206
f 4196//4052 4352//4208 4351//4207
f 4352//4208 4350//4206 4351//4207
f 4156//4012 4353//4209 4355//4211
f 4198//4054 4354//4210 4353//4209
f 4197//4053 4355//4211 4354//4210
f 4355//4211 4353//4209 4354//4210
f 4198//4054 4348//4204 4354//4210
f 4196//4052 4351//4207 4348//4204
f 4197//4053 4354//4210 4351//4207
f 4354//4210 4348//4204 4351//4207
f 4157//4013 4339//4195 4350//4206
f 4192//4048 4356//4212 4339//4195
f 4197//4053 4350//4206 4356//4212
f 4350//4206 4339//4195 4356//4212
f 4155//4011 4346//4202 4335//4191
f 4195//4051 4357//4213 4346//4202
f 4192//4048 4335//4191 4357//4213
f 4335//4191 4346//4202 4357//4213
f 4156//4012 4355//4211 4342//4198
f 4197//4053 4358//4214 4355//4211
f 4195//4051 4342//4198 4358//4214
f 4342//4198 4355//4211 4358//4214
f 4197//4053 4356//4212 4358//4214
f 4192//4048 4357//4213 4356//4212
f 4195//4051 4358//4214 4357//4213
f 4358//4214 4356//4212 4357//4213
f 4141//3997 4334//4190 4360//4216
f 4193//4049 4359//4215 4334//4190
f 4200//4056 4360//4216 4359//4215
f 4360//4216 4334//4190 4359//4215
f 4157//4013 4361//4217 4337//4193
f 4199//4055 4362//4218 4361//4217
f 4193//4049 4337//4193 4362//4218
f 4337//4193 4361//4217 4362//4218
f 4159//4015 4363//4219 4365//4221
f 4200//4056 4364//4220 4363//4219
f 4199//4055 4365//4221 4364//4220
f 4365//4221 4363//4219 4364//4220
f 4200//4056 4359//4215 4364//4220
f 4193//4049 4362//4218 4359//4215
f 4199//4055 4364//4220 4362//4218
f 4364//4220 4359//4215 4362//4218
f 4144//4000 4366//4222 4347//4203
f 4201//4057 4367//4223 4366//4222
f 4196//4052 4347//4203 4367//4223
f 4347//4203 4366//4222 4367//4223
f 4158//4014 4368//4224 4370//4226
f 4202//4058 4369//4225 4368//4224
f 4201//4057 4370//4226 4369//4225
f 4370//4226 4368//4224 4369//4225
f 4157//4013 4352//4208 4372//4228
f 4196//4052 4371//4227 4352//4208
f 4202//4058 4372//4228 4371//4227
f 4372//4228 4352//4208 4371//4227
f 4196//4052 4367//4223 4371//4227
f 4201//4057 4369//4225 4367//4223
f 4202//4058 4371//4227 4369//4225
f 4371//4227 4367//4223 4369//4225
f 4145//4001 4373//4229 4375//4231
f 4203//4059 4374//4230 4373//4229
f 4205//4061 4375//4231 4374//4230
f 4375//4231 4373//4229 4374//4230
f 4159//4015 4376//4232 4378//4234
f 4204//4060 4377//4233 4376//4232
f 4203//4059 4378//4234 4377//4233
f 4378//4234 4376//4232 4377//4233
f 4158//4014 4379//4235 4381//4237
f 4205//4061 4380//4236 4379//4235
f 4204//4060 4381//4237 4380//4236
f 4381//4237 4379//4235 4380//4236
f 4205//4061 4374//4230 4380//4236
f 4203//4059 4377//4233 4374//4230
f 4204//4060 4380//4236 4377//4233
f 4380//4236 4374//4230 4377//4233
f 4159//4015 4365//4221 4376//4232
f 4199//4055 4382//4238 4365//4221
f 4204//4060 4376//4232 4382//4238
f 4376//4232 4365//4221 4382//4238
f 4157//4013 4372//4228 4361//4217
f 4202//4058 4383//4239 4372//4228
f 4199//4055 4361//4217 4383//4239
f 4361//4217 4372//4228 4383//4239
f 4158//4014 4381//4237 4368//4224
f 4204//4060 4384//4240 4381//4237
f 4202//4058 4368//4224 4384//4240
f 4368//4224 4381//4237 4384//4240
f 4204//4060 4382//4238 4384//4240
f 4199//4055 4383//4239 4382//4238
f 4202//4058 4384//4240 4383//4239
f 4384//4240 4382//4238 4383//4239
f 4141//3997 4360//4216 4386//4242
f 4200//4056 4385//4241 4360//4216
f 4207//4063 4386//4242 4385//4241
f 4386//4242 4360//4216 4385//4241
f 4159//4015 4387//4243 4363//4219
f 4206//4062 4388//4244 4387//4243
f 4200//4056 4363//4219 4388//4244
f 4363//4219 4387//4243 4388//4244
f 4161//4017 4389//4245 4391//4247
f 4207//4063 4390//4246 4389//4245
f 4206//4062 4391//4247 4390//4246
f 4391//4247 4389//4245 4390//4246
f 4207//4063 4385//4241 4390//4246
f 4200//4056 4388//4244 4385//4241
f 4206//4062 4390//4246 4388//4244
f 4390//4246 4385//4241 4388//4244
f 4145//4001 4392//4248 4373//4229
f 4208//4064 4393//4249 4392//4248
f 4203//4059 4373//4229 4393//4249
f 4373//4229 4392//4248 4393//4249
f 4160//4016 4394//4250 4396//4252
f 4209//4065 4395//4251 4394//4250
f 4208//4064 4396//4252 4395//4251
f 4396//4252 4394//4250 4395//4251
f 4159//4015 4378//4234 4398//4254
f 4203//4059 4397//4253 4378//4234
f 4209//4065 4398//4254 4397//4253
f 4398//4254 4378//4234 4397//4253
f 4203//4059 4393//4249 4397//4253
f 4208//4064 4395//4251 4393//4249
f 4209//4065 4397//4253 4395//4251
f 4397//4253 4393//4249 4395//4251
f 4146//4002 4399//4255 4401//4257
f 4210//4066 4400//4256 4399//4255
f 4212//4068 4401//4257 4400//4256
f 4401//4257 4399//4255 4400//4256
f 4161//4017 4402//4258 4404//4260
f 4211//4067 4403//4259 4402//4258
f 4210//4066 4404//4260 4403//4259
f 4404//4260 4402//4258 4403//4259
f 4160//4016 4405//4261 4407//4263
f 4212//4068 4406//4262 4405//4261
f 4211//4067 4407//4263 4406//4262
f 4407//4263 4405//4261 4406//4262
f 4212//4068 4400//4256 4406//4262
f 4210//4066 4403//4259 4400//4256
f 4211//4067 4406//4262 4403//4259
f 4406//4262 4400//4256 4403//4259
f 4161//4017 4391//4247 4402//4258
f 4206//4062 4408//4264 4391//4247
f 4211//4067 4402//4258 4408//4264
f 4402//4258 4391//4247 4408//4264
f 4159//4015 4398//4254 4387//4243
f 4209//4065 4409//4265 4398//4254
f 4206//4062 4387//4243 4409//4265
f 4387//4243 4398//4254 4409//4265
f 4160//4016 4407//4263 4394//4250
f 4211//4067 4410//4266 4407//4263
f 4209//4065 4394//4250 4410//4266
f 4394//4250 4407//4263 4410//4266
f 4211//4067 4408//4264 4410//4266
f 4206//4062 4409//4265 4408//4264
f 4209//4065 4410//4266 4409//4265
f 4410//4266 4408//4264 4409//4265
f 4141//3997 4386//4242 4303//4159
f 4207//4063 4411//4267 4386//4242
f 4183//4039 4303//4159 4411//4267
f 4303//4159 4386//4242 4411//4267
f 4161//4017 4412//4268 4389//4245
f 4213//4069 4413//4269 4412//4268
f 4207//4063 4389//4245 4413//4269
f 4389//4245 4412//4268 4413//4269
f 4153//4009 4308//4164 4415//4271
f 4183//4039 4414//4270 4308//4164
f 4213//4069 4415//4271 4414//4270
f 4415//4271 4308//4164 4414//4270
f 4183//4039 4411//4267 4414//4270
f 4207//4063 4413//4269 4411//4267
f 4213//4069 4414//4270 4413//4269
f 4414//4270 4411//4267 4413//4269
f 4146//4002 4416//4272 4399//4255
f 4214//4070 4417//4273 4416//4272
f 4210//4066 4399//4255 4417//4273
f 4399//4255 4416//4272 4417//4273
f 4162//4018 4418//4274 4420//4276
f 4215//4071 4419//4275 4418//4274
f 4214//4070 4420//4276 4419//4275
f 4420//4276 4418//4274 4419//4275
f 4161//4017 4404//4260 4422//4278
f 4210//4066 4421//4277 4404//4260
f 4215//4071 4422//4278 4421//4277
f 4422//4278 4404//4260 4421//4277
f 4210//4066 4417//4273 4421//4277
f 4214//4070 4419//4275 4417//4273
f 4215//4071 4421//4277 4419//4275
f 4421//4277 4417//4273 4419//4275
f 4142//3998 4314//4170 4424//4280
f 4188//4044 4423//4279 4314//4170
f 4217//4073 4424//4280 4423//4279
f 4424//4280 4314//4170 4423//4279
f 4153//4009 4425//4281 4318//4174
f 4216//4072 4426//4282 4425//4281
f 4188//4044 4318//4174 4426//4282
f 4318//4174 4425//4281 4426//4282
f 4162//4018 4427//4283 4429//4285
f 4217//4073 4428//4284 4427//4283
f 4216//4072 4429//4285 4428//4284
f 4429//4285 4427//4283 4428//4284
f 4217//4073 4423//4279 4428//4284
f 4188//4044 4426//4282 4423//4279
f 4216//4072 4428//4284 4426//4282
f 4428//4284 4423//4279 4426//4282
f 4153//4009 4415//4271 4425//4281
f 4213//4069 4430//4286 4415//4271
f 4216//4072 4425//4281 4430//4286
f 4425//4281 4415//4271 4430//4286
f 4161//4017 4422//4278 4412//4268
f 4215//4071 4431//4287 4422//4278
f 4213//4069 4412//4268 4431//4287
f 4412//4268 4422//4278 4431//4287
f 4162//4018 4429//4285 4418//4274
f 4216//4072 4432//4288 4429//4285
f 4215//4071 4418//4274 4432//4288
f 4418//4274 4429//4285 4432//4288
f 4216//4072 4430//4286 4432//4288
f 4213//4069 4431//4287 4430//4286
f 4215//4071 4432//4288 4431//4287
f 4432//4288 4430//4286 4431//4287
f 4142//3998 4433//4289 4312//4168
f 4218//4074 4434//4290 4433//4289
f 4186//4042 4312//4168 4434//4290
f 4312//4168 4433//4289 4434//4290
f 4163//4019 4435//4291 4437//4293
f 4219//4075 4436//4292 4435//4291
f 4218//4074 4437//4293 4436//4292
f 4437//4293 4435//4291 4436//4292
f 4154//4010 4317//4173 4439//4295
f 4186//4042 4438//4294 4317//4173
f 4219//4075 4439//4295 4438//4294
f 4439//4295 4317//4173 4438//4294
f 4186//4042 4434//4290 4438//4294
f 4218//4074 4436//4292 4434//4290
f 4219//4075 4438//4294 4436//4292
f 4438//4294 4434//4290 4436//4292
f 4147//4003 4440//4296 4442//4298
f 4220//4076 4441//4297 4440//4296
f 4222//4078 4442//4298 4441//4297
f 4442//4298 4440//4296 4441//4297
f 4164//4020 4443//4299 4445//4301
f 4221//4077 4444//4300 4443//4299
f 4220//4076 4445//4301 4444//4300
f 4445//4301 4443//4299 4444//4300
f 4163//4019 4446//4302 4448//4304
f 4222//4078 4447//4303 4446//4302
f 4221//4077 4448//4304 4447//4303
f 4448//4304 4446//4302 4447//4303
f 4222//4078 4441//4297 4447//4303
f 4220//4076 4444//4300 4441//4297
f 4221//4077 4447//4303 4444//4300
f 4447//4303 4441//4297 4444//4300
f 4143//3999 4323//4179 4450//4306
f 4191//4047 4449//4305 4323//4179
f 4224//4080 4450//4306 4449//4305
f 4450//4306 4323//4179 4449//4305
f 4154//4010 4451//4307 4327//4183
f 4223//4079 4452//4308 4451//4307
f 4191//4047 4327//4183 4452//4308
f 4327//4183 4451//4307 4452//4308
f 4164//4020 4453//4309 4455//4311
f 4224//4080 4454//4310 4453//4309
f 4223//4079 4455//4311 4454//4310
f 4455//4311 4453//4309 4454//4310
f 4224//4080 4449//4305 4454//4310
f 4191//4047 4452//4308 4449//4305
f 4223//4079 4454//4310 4452//4308
f 4454//4310 4449//4305 4452//4308
f 4154//4010 4439//4295 4451//4307
f 4219//4075 4456//4312 4439//4295
f 4223//4079 4451//4307 4456//4312
f 4451//4307 4439//4295 4456//4312
f 4163//4019 4448//4304 4435//4291
f 4221//4077 4457//4313 4448//4304
f 4219//4075 4435//4291 4457//4313
f 4435//4291 4448//4304 4457//4313
f 4164//4020 4455//4311 4443//4299
f 4223//4079 4458//4314 4455//4311
f 4221//4077 4443//4299 4458//4314
f 4443//4299 4455//4311 4458//4314
f 4223//4079 4456//4312 4458//4314
f 4219//4075 4457//4313 4456//4312
f 4221//4077 4458//4314 4457//4313
f 4458//4314 4456//4312 4457//4313
f 4143//3999 4459//4315 4340//4196
f 4225//4081 4460//4316 4459//4315
f 4194//4050 4340//4196 4460//4316
f 4340//4196 4459//4315 4460//4316
f 4165//4021 4461//4317 4463//4319
f 4226//4082 4462//4318 4461//4317
f 4225//4081 4463//4319 4462//4318
f 4463//4319 4461//4317 4462//4318
f 4156//4012 4344//4200 4465//4321
f 4194//4050 4464//4320 4344//4200
f 4226//4082 4465//4321 4464//4320
f 4465//4321 4344//4200 4464//4320
f 4194//4050 4460//4316 4464//4320
f 4225//4081 4462//4318 4460//4316
f 4226//4082 4464//4320 4462//4318
f 4464//4320 4460//4316 4462//4318
f 4148//4004 4466//4322 4468//4324
f 4227//4083 4467//4323 4466//4322
f 4229//4085 4468//4324 4467//4323
f 4468//4324 4466//4322 4467//4323
f 4166//4022 4469//4325 4471//4327
f 4228//4084 4470//4326 4469//4325
f 4227//4083 4471//4327 4470//4326
f 4471//4327 4469//4325 4470//4326
f 4165//4021 4472//4328 4474//4330
f 4229//4085 4473//4329 4472//4328
f 4228//4084 4474//4330 4473//4329
f 4474//4330 4472//4328 4473//4329
f 4229//4085 4467//4323 4473//4329
f 4227//4083 4470//4326 4467//4323
f 4228//4084 4473//4329 4470//4326
f 4473//4329 4467//4323 4470//4326
f 4144//4000 4349//4205 4476//4332
f 4198//4054 4475//4331 4349//4205
f 4231//4087 4476//4332 4475//4331
f 4476//4332 4349//4205 4475//4331
f 4156//4012 4477//4333 4353//4209
f 4230//4086 4478//4334 4477//4333
f 4198//4054 4353//4209 4478//4334
f 4353//4209 4477//4333 4478//4334
f 4166//4022 4479//4335 4481//4337
f 4231//4087 4480//4336 4479//4335
f 4230//4086 4481//4337 4480//4336
f 4481//4337 4479//4335 4480//4336
f 4231//4087 4475//4331 4480//4336
f 4198//4054 4478//4334 4475//4331
f 4230//4086 4480//4336 4478//4334
f 4480//4336 4475//4331 4478//4334
f 4156//4012 4465//4321 4477//4333
f 4226//4082 4482//4338 4465//4321
f 4230//4086 4477//4333 4482//4338
f 4477//4333 4465//4321 4482//4338
f 4165//4021 4474//4330 4461//4317
f 4228//4084 4483//4339 4474//4330
f 4226//4082 4461//4317 4483//4339
f 4461//4317 4474//4330 4483//4339
f 4166//4022 4481//4337 4469//4325
f 4230//4086 4484//4340 4481//4337
f 4228//4084 4469//4325 4484//4340
f 4469//4325 4481//4337 4484//4340
f 4230//4086 4482//4338 4484//4340
f 4226//4082 4483//4339 4482//4338
f 4228//4084 4484//4340 4483//4339
f 4484//4340 4482//4338 4483//4339
f 4144//4000 4485//4341 4366//4222
f 4232//4088 4486//4342 4485//4341
f 4201//4057 4366//4222 4486//4342
f 4366//4222 4485//4341 4486//4342
f 4167//4023 4487//4343 4489//4345
f 4233//4089 4488//4344 4487//4343
f 4232//4088 4489//4345 4488//4344
f 4489//4345 4487//4343 4488//4344
f 4158//4014 4370//4226 4491//4347
f 4201//4057 4490//4346 4370//4226
f 4233//4089 4491//4347 4490//4346
f 4491//4347 4370//4226 4490//4346
f 4201//4057 4486//4342 4490//4346
f 4232//4088 4488//4344 4486//4342
f 4233//4089 4490//4346 4488//4344
f 4490//4346 4486//4342 4488//4344
f 4149//4005 4492//4348 4494//4350
f 4234//4090 4493//4349 4492//4348
f 4236//4092 4494//4350 4493//4349
f 4494//4350 4492//4348 4493//4349
f 4168//4024 4495//4351 4497//4353
f 4235//4091 4496//4352 4495//4351
f 4234//4090 4497//4353 4496//4352
f 4497//4353 4495//4351 4496//4352
f 4167//4023 4498//4354 4500//4356
f 4236//4092 4499//4355 4498//4354
f 4235//4091 4500//4356 4499//4355
f 4500//4356 4498//4354 4499//4355
f 4236//4092 4493//4349 4499//4355
f 4234//4090 4496//4352 4493//4349
f 4235//4091 4499//4355 4496//4352
f 4499//4355 4493//4349 4496//4352
f 4145//4001 4375//4231 4502//4358
f 4205//4061 4501//4357 4375//4231
f 4238//4094 4502//4358 4501//4357
f 4502//4358 4375//4231 4501//4357
f 4158//4014 4503//4359 4379//4235
f 4237//4093 4504//4360 4503//4359
f 4205//4061 4379//4235 4504//4360
f 4379//4235 4503//4359 4504//4360
f 4168//4024 4505//4361 4507//4363
f 4238//4094 4506//4362 4505//4361
f 4237//4093 4507//4363 4506//4362
f 4507//4363 4505//4361 4506//4362
f 4238//4094 4501//4357 4506//4362
f 4205//4061 4504//4360 4501//4357
f 4237//4093 4506//4362 4504//4360
f 4506//4362 4501//4357 4504//4360
f 4158//4014 4491//4347 4503//4359
f 4233//4089 4508//4364 4491//4347
f 4237//4093 4503//4359 4508//4364
f 4503//4359 4491//4347 4508//4364
f 4167//4023 4500//4356 4487//4343
f 4235//4091 4509//4365 4500//4356
f 4233//4089 4487//4343 4509//4365
f 4487//4343 4500//4356 4509//4365
f 4168//4024 4507//4363 4495//4351
f 4237//4093 4510//4366 4507//4363
f 4235//4091 4495//4351 4510//4366
f 4495//4351 4507//4363 4510//4366
f 4237//4093 4508//4364 4510//4366
f 4233//4089 4509//4365 4508//4364
f 4235//4091 4510//4366 4509//4365
f 4510//4366 4508//4364 4509//4365
f 4145//4001 4511//4367 4392//4248
f 4239//4095 4512//4368 4511//4367
f 4208//4064 4392//4248 4512//4368
f 4392//4248 4511//4367 4512//4368
f 4169//4025 4513//4369 4515//4371
f 4240//4096 4514//4370 4513//4369
f 4239//4095 4515//4371 4514//4370
f 4515//4371 4513//4369 4514//4370
f 4160//4016 4396//4252 4517//4373
f 4208//4064 4516//4372 4396//4252
f 4240//4096 4517//4373 4516//4372
f 4517//4373 4396//4252 4516//4372
f 4208//4064 4512//4368 4516//4372
f 4239//4095 4514//4370 4512//4368
f 4240//4096 4516//4372 4514//4370
f 4516//4372 4512//4368 4514//4370
f 4150//4006 4518//4374 4520//4376
f 4241//4097 4519//4375 4518//4374
f 4243//4099 4520//4376 4519//4375
f 4520//4376 4518//4374 4519//4375
f 4170//4026 4521//4377 4523//4379
f 4242//4098 4522//4378 4521//4377
f 4241//4097 4523//4379 4522//4378
f 4523//4379 4521//4377 4522//4378
f 4169//4025 4524//4380 4526//4382
f 4243//4099 4525//4381 4524//4380
f 4242//4098 4526//4382 4525//4381
f 4526//4382 4524//4380 4525//4381
f 4243//4099 4519//4375 4525//4381
f 4241//4097 4522//4378 4519//4375
f 4242//4098 4525//4381 4522//4378
f 4525//4381 4519//4375 4522//4378
f 4146//4002 4401//4257 4528//4384
f 4212//4068 4527//4383 4401//4257
f 4245//4101 4528//4384 4527//4383
f 4528//4384 4401//4257 4527//4383
f 4160//4016 4529//4385 4405//4261
f 4244//4100 4530//4386 4529//4385
f 4212//4068 4405//4261 4530//4386
f 4405//4261 4529//4385 4530//4386
f 4170//4026 4531//4387 4533//4389
f 4245//4101 4532//4388 4531//4387
f 4244//4100 4533//4389 4532//4388
f 4533//4389 4531//4387 4532//4388
f 4245//4101 4527//4383 4532//4388
f 4212//4068 4530//4386 4527//4383
f 4244//4100 4532//4388 4530//4386
f 4532//4388 4527//4383 4530//4386
f 4160//4016 4517//4373 4529//4385
f 4240//4096 4534//4390 4517//4373
f 4244//4100 4529//4385 4534//4390
f 4529//4385 4517//4373 4534//4390
f 4169//4025 4526//4382 4513//4369
f 4242//4098 4535//4391 4526//4382
f 4240//4096 4513//4369 4535//4391
f 4513//4369 4526//4382 4535//4391
f 4170//4026 4533//4389 4521//4377
f 4244//4100 4536//4392 4533//4389
f 4242//4098 4521//4377 4536//4392
f 4521//4377 4533//4389 4536//4392
f 4244//4100 4534//4390 4536//4392
f 4240//4096 4535//4391 4534//4390
f 4242//4098 4536//4392 4535//4391
f 4536//4392 4534//4390 4535//4391
f 4146//4002 4537//4393 4416//4272
f 4246//4102 4538//4394 4537//4393
f 4214//4070 4416//4272 4538//4394
f 4416//4272 4537//4393 4538//4394
f 4171//4027 4539//4395 4541//4397
f 4247//4103 4540//4396 4539//4395
f 4246//4102 4541//4397 4540//4396
f 4541//4397 4539//4395 4540//4396
f 4162//4018 4420//4276 4543//4399
f 4214//4070 4542//4398 4420//4276
f 4247//4103 4543//4399 4542//4398
f 4543//4399 4420//4276 4542//4398
f 4214//4070 4538//4394 4542//4398
f 4246//4102 4540//4396 4538//4394
f 4247//4103 4542//4398 4540//4396
f 4542//4398 4538//4394 4540//4396
f 4151//4007 4544//4400 4546//4402
f 4248//4104 4545//4401 4544//4400
f 4250//4106 4546//4402 4545//4401
f 4546//4402 4544//4400 4545//4401
f 4172//4028 4547//4403 4549//4405
f 4249//4105 4548//4404 4547//4403
f 4248//4104 4549//4405 4548//4404
f 4549//4405 4547//4403 4548//4404
f 4171//4027 4550//4406 4552//4408
f 4250//4106 4551//4407 4550//4406
f 4249//4105 4552//4408 4551//4407
f 4552//4408 4550//4406 4551//4407
f 4250//4106 4545//4401 4551//4407
f 4248//4104 4548//4404 4545//4401
f 4249//4105 4551//4407 4548//4404
f 4551//4407 4545//4401 4548//4404
f 4142//3998 4424//4280 4554//4410
f 4217//4073 4553//4409 4424//4280
f 4252//4108 4554//4410 4553//4409
f 4554//4410 4424//4280 4553//4409
f 4162//4018 4555//4411 4427//4283
f 4251//4107 4556//4412 4555//4411
f 4217//4073 4427//4283 4556//4412
f 4427//4283 4555//4411 4556//4412
f 4172//4028 4557//4413 4559//4415
f 4252//4108 4558//4414 4557//4413
f 4251//4107 4559//4415 4558//4414
f 4559//4415 4557//4413 4558//4414
f 4252//4108 4553//4409 4558//4414
f 4217//4073 4556//4412 4553//4409
f 4251//4107 4558//4414 4556//4412
f 4558//4414 4553//4409 4556//4412
f 4162//4018 4543//4399 4555//4411
f 4247//4103 4560//4416 4543//4399
f 4251//4107 4555//4411 4560//4416
f 4555//4411 4543//4399 4560//4416
f 4171//4027 4552//4408 4539//4395
f 4249//4105 4561//4417 4552//4408
f 4247//4103 4539//4395 4561//4417
f 4539//4395 4552//4408 4561//4417
f 4172//4028 4559//4415 4547//4403
f 4251//4107 4562//4418 4559//4415
f 4249//4105 4547//4403 4562//4418
f 4547//4403 4559//4415 4562//4418
f 4251//4107 4560//4416 4562//4418
f 4247//4103 4561//4417 4560//4416
f 4249//4105 4562//4418 4561//4417
f 4562//4418 4560//4416 4561//4417
f 4147//4003 4442//4298 4564//4420
f 4222//4078 4563//4419 4442//4298
f 4254//4110 4564//4420 4563//4419
f 4564//4420 4442//4298 4563//4419
f 4163//4019 4565//4421 4446//4302
f 4253//4109 4566//4422 4565//4421
f 4222//4078 4446//4302 4566//4422
f 4446//4302 4565//4421 4566//4422
f 4173//4029 4567//4423 4569//4425
f 4254//4110 4568//4424 4567//4423
f 4253//4109 4569//4425 4568//4424
f 4569//4425 4567//4423 4568//4424
f 4254//4110 4563//4419 4568//4424
f 4222//4078 4566//4422 4563//4419
f 4253//4109 4568//4424 4566//4422
f 4568//4424 4563//4419 4566//4422
f 4142//3998 4554//4410 4433//4289
f 4252//4108 4570//4426 4554//4410
f 4218//4074 4433//4289 4570//4426
f 4433//4289 4554//4410 4570//4426
f 4172//4028 4571//4427 4557//4413
f 4255//4111 4572//4428 4571//4427
f 4252//4108 4557//4413 4572//4428
f 4557//4413 4571//4427 4572//4428
f 4163//4019 4437//4293 4574//4430
f 4218//4074 4573//4429 4437//4293
f 4255//4111 4574//4430 4573//4429
f 4574//4430 4437//4293 4573//4429
f 4218//4074 4570//4426 4573//4429
f 4252//4108 4572//4428 4570//4426
f 4255//4111 4573//4429 4572//4428
f 4573//4429 4570//4426 4572//4428
f 4151//4007 4575//4431 4544//4400
f 4256//4112 4576//4432 4575//4431
f 4248//4104 4544//4400 4576//4432
f 4544//4400 4575//4431 4576//4432
f 4173//4029 4577//4433 4579//4435
f 4257//4113 4578//4434 4577//4433
f 4256//4112 4579//4435 4578//4434
f 4579//4435 4577//4433 4578//4434
f 4172//4028 4549//4405 4581//4437
f 4248//4104 4580//4436 4549//4405
f 4257//4113 4581//4437 4580//4436
f 4581//4437 4549//4405 4580//4436
f 4248//4104 4576//4432 4580//4436
f 4256//4112 4578//4434 4576//4432
f 4257//4113 4580//4436 4578//4434
f 4580//4436 4576//4432 4578//4434
f 4173//4029 4569//4425 4577//4433
f 4253//4109 4582//4438 4569//4425
f 4257//4113 4577//4433 4582//4438
f 4577//4433 4569//4425 4582//4438
f 4163//4019 4574//4430 4565//4421
f 4255//4111 4583//4439 4574//4430
f 4253//4109 4565//4421 4583//4439
f 4565//4421 4574//4430 4583//4439
f 4172//4028 4581//4437 4571//4427
f 4257//4113 4584//4440 4581//4437
f 4255//4111 4571//4427 4584//4440
f 4571//4427 4581//4437 4584//4440
f 4257//4113 4582//4438 4584//4440
f 4253//4109 4583//4439 4582//4438
f 4255//4111 4584//4440 4583//4439
f 4584//4440 4582//4438 4583//4439
f 4148//4004 4468//4324 4586//4442
f 4229//4085 4585//4441 4468//4324
f 4259//4115 4586//4442 4585//4441
f 4586//4442 4468//4324 4585//4441
f 4165//4021 4587//4443 4472//4328
f 4258//4114 4588//4444 4587//4443
f 4229//4085 4472//4328 4588//4444
f 4472//4328 4587//4443 4588//4444
f 4174//4030 4589//4445 4591//4447
f 4259//4115 4590//4446 4589//4445
f 4258//4114 4591//4447 4590//4446
f 4591//4447 4589//4445 4590//4446
f 4259//4115 4585//4441 4590//4446
f 4229//4085 4588//4444 4585//4441
f 4258//4114 4590//4446 4588//4444
f 4590//4446 4585//4441 4588//4444
f 4143//3999 4450//4306 4459//4315
f 4224//4080 4592//4448 4450//4306
f 4225//4081 4459//4315 4592//4448
f 4459//4315 4450//4306 4592//4448
f 4164//4020 4593//4449 4453//4309
f 4260//4116 4594//4450 4593//4449
f 4224//4080 4453//4309 4594//4450
f 4453//4309 4593//4449 4594//4450
f 4165//4021 4463//4319 4596//4452
f 4225//4081 4595//4451 4463//4319
f 4260//4116 4596//4452 4595//4451
f 4596//4452 4463//4319 4595//4451
f 4225//4081 4592//4448 4595//4451
f 4224//4080 4594//4450 4592//4448
f 4260//4116 4595//4451 4594//4450
f 4595//4451 4592//4448 4594//4450
f 4147//4003 4597//4453 4440//4296
f 4261//4117 4598//4454 4597//4453
f 4220//4076 4440//4296 4598//4454
f 4440//4296 4597//4453 4598//4454
f 4174//4030 4599//4455 4601//4457
f 4262//4118 4600//4456 4599//4455
f 4261//4117 4601//4457 4600//4456
f 4601//4457 4599//4455 4600//4456
f 4164//4020 4445//4301 4603//4459
f 4220//4076 4602//4458 4445//4301
f 4262//4118 4603//4459 4602//4458
f 4603//4459 4445//4301 4602//4458
f 4220//4076 4598//4454 4602//4458
f 4261//4117 4600//4456 4598//4454
f 4262//4118 4602//4458 4600//4456
f 4602//4458 4598//4454 4600//4456
f 4174//4030 4591//4447 4599//4455
f 4258//4114 4604//4460 4591//4447
f 4262//4118 4599//4455 4604//4460
f 4599//4455 4591//4447 4604//4460
f 4165//4021 4596//4452 4587//4443
f 4260//4116 4605//4461 4596//4452
f 4258//4114 4587//4443 4605//4461
f 4587//4443 4596//4452 4605//4461
f 4164//4020 4603//4459 4593//4449
f 4262//4118 4606//4462 4603//4459
f 4260//4116 4593//4449 4606//4462
f 4593//4449 4603//4459 4606//4462
f 4262//4118 4604//4460 4606//4462
f 4258//4114 4605//4461 4604//4460
f 4260//4116 4606//4462 4605//4461
f 4606//4462 4604//4460 4605//4461
f 4149//4005 4494//4350 4608//4464
f 4236//4092 4607//4463 4494//4350
f 4264//4120 4608//4464 4607//4463
f 4608//4464 4494//4350 4607//4463
f 4167//4023 4609//4465 4498//4354
f 4263//4119 4610//4466 4609//4465
f 4236//4092 4498//4354 4610//4466
f 4498//4354 4609//4465 4610//4466
f 4175//4031 4611//4467 4613//4469
f 4264//4120 4612//4468 4611//4467
f 4263//4119 4613//4469 4612//4468
f 4613//4469 4611//4467 4612//4468
f 4264//4120 4607//4463 4612//4468
f 4236//4092 4610//4466 4607//4463
f 4263//4119 4612//4468 4610//4466
f 4612//4468 4607//4463 4610//4466
f 4144//4000 4476//4332 4485//4341
f 4231//4087 4614//4470 4476//4332
f 4232//4088 4485//4341 4614//4470
f 4485//4341 4476//4332 4614//4470
f 4166//4022 4615//4471 4479//4335
f 4265//4121 4616//4472 4615//4471
f 4231//4087 4479//4335 4616//4472
f 4479//4335 4615//4471 4616//4472
f 4167//4023 4489//4345 4618//4474
f 4232//4088 4617//4473 4489//4345
f 4265//4121 4618//4474 4617//4473
f 4618//4474 4489//4345 4617//4473
f 4232//4088 4614//4470 4617//4473
f 4231//4087 4616//4472 4614//4470
f 4265//4121 4617//4473 4616//4472
f 4617//4473 4614//4470 4616//4472
f 4148//4004 4619//4475 4466//4322
f 4266//4122 4620//4476 4619//4475
f 4227//4083 4466//4322 4620//4476
f 4466//4322 4619//4475 4620//4476
f 4175//4031 4621//4477 4623//4479
f 4267//4123 4622//4478 4621//4477
f 4266//4122 4623//4479 4622//4478
f 4623//4479 4621//4477 4622//4478
f 4166//4022 4471//4327 4625//4481
f 4227//4083 4624//4480 4471//4327
f 4267//4123 4625//4481 4624//4480
f 4625//4481 4471//4327 4624//4480
f 4227//4083 4620//4476 4624//4480
f 4266//4122 4622//4478 4620//4476
f 4267//4123 4624//4480 4622//4478
f 4624//4480 4620//4476 4622//4478
f 4175//4031 4613//4469 4621//4477
f 4263//4119 4626//4482 4613//4469
f 4267//4123 4621//4477 4626//4482
f 4621//4477 4613//4469 4626//4482
f 4167//4023 4618//4474 4609//4465
f 4265//4121 4627//4483 4618//4474
f 4263//4119 4609//4465 4627//4483
f 4609//4465 4618//4474 4627//4483
f 4166//4022 4625//4481 4615//4471
f 4267//4123 4628//4484 4625//4481
f 4265//4121 4615//4471 4628//4484
f 4615//4471 4625//4481 4628//4484
f 4267//4123 4626//4482 4628//4484
f 4263//4119 4627//4483 4626//4482
f 4265//4121 4628//4484 4627//4483
f 4628//4484 4626//4482 4627//4483
f 4150//4006 4520//4376 4630//4486
f 4243//4099 4629//4485 4520//4376
f 4269//4125 4630//4486 4629//4485
f 4630//4486 4520//4376 4629//4485
f 4169//4025 4631//4487 4524//4380
f 4268//4124 4632//4488 4631//4487
f 4243//4099 4524//4380 4632//4488
f 4524//4380 4631//4487 4632//4488
f 4176//4032 4633//4489 4635//4491
f 4269//4125 4634//4490 4633//4489
f 4268//4124 4635//4491 4634//4490
f 4635//4491 4633//4489 4634//4490
f 4269//4125 4629//4485 4634//4490
f 4243//4099 4632//4488 4629//4485
f 4268//4124 4634//4490 4632//4488
f 4634//4490 4629//4485 4632//4488
f 4145//4001 4502//4358 4511//4367
f 4238//4094 4636//4492 4502//4358
f 4239//4095 4511//4367 4636//4492
f 4511//4367 4502//4358 4636//4492
f 4168//4024 4637//4493 4505//4361
f 4270//4126 4638//4494 4637//4493
f 4238//4094 4505//4361 4638//4494
f 4505//4361 4637//4493 4638//4494
f 4169//4025 4515//4371 4640//4496
f 4239//4095 4639//4495 4515//4371
f 4270//4126 4640//4496 4639//4495
f 4640//4496 4515//4371 4639//4495
f 4239//4095 4636//4492 4639//4495
f 4238//4094 4638//4494 4636//4492
f 4270//4126 4639//4495 4638//4494
f 4639//4495 4636//4492 4638//4494
f 4149//4005 4641//4497 4492//4348
f 4271//4127 4642//4498 4641//4497
f 4234//4090 4492//4348 4642//4498
f 4492//4348 4641//4497 4642//4498
f 4176//4032 4643//4499 4645//4501
f 4272//4128 4644//4500 4643//4499
f 4271//4127 4645//4501 4644//4500
f 4645//4501 4643//4499 4644//4500
f 4168//4024 4497//4353 4647//4503
f 4234//4090 4646//4502 4497//4353
f 4272//4128 4647//4503 4646//4502
f 4647//4503 4497//4353 4646//4502
f 4234//4090 4642//4498 4646//4502
f 4271//4127 4644//4500 4642//4498
f 4272//4128 4646//4502 4644//4500
f 4646//4502 4642//4498 4644//4500
f 4176//4032 4635//4491 4643//4499
f 4268//4124 4648//4504 4635//4491
f 4272//4128 4643//4499 4648//4504
f 4643//4499 4635//4491 4648//4504
f 4169//4025 4640//4496 4631//4487
f 4270//4126 4649//4505 4640//4496
f 4268//4124 4631//4487 4649//4505
f 4631//4487 4640//4496 4649//4505
f 4168//4024 4647//4503 4637//4493
f 4272//4128 4650//4506 4647//4503
f 4270//4126 4637//4493 4650//4506
f 4637//4493 4647//4503 4650//4506
f 4272//4128 4648//4504 4650//4506
f 4268//4124 4649//4505 4648//4504
f 4270//4126 4650//4506 4649//4505
f 4650//4506 4648//4504 4649//4505
f 4151//4007 4546//4402 4652//4508
f 4250//4106 4651//4507 4546//4402
f 4274//4130 4652//4508 4651//4507
f 4652//4508 4546//4402 4651//4507
f 4171//4027 4653//4509 4550//4406
f 4273//4129 4654//4510 4653//4509
f 4250//4106 4550//4406 4654//4510
f 4550//4406 4653//4509 4654//4510
f 4177//4033 4655//4511 4657//4513
f 4274//4130 4656//4512 4655//4511
f 4273//4129 4657//4513 4656//4512
f 4657//4513 4655//4511 4656//4512
f 4274//4130 4651//4507 4656//4512
f 4250//4106 4654//4510 4651//4507
f 4273//4129 4656//4512 4654//4510
f 4656//4512 4651//4507 4654//4510
f 4146//4002 4528//4384 4537//4393
f 4245//4101 4658//4514 4528//4384
f 4246//4102 4537//4393 4658//4514
f 4537//4393 4528//4384 4658//4514
f 4170//4026 4659//4515 4531//4387
f 4275//4131 4660//4516 4659//4515
f 4245//4101 4531//4387 4660//4516
f 4531//4387 4659//4515 4660//4516
f 4171//4027 4541//4397 4662//4518
f 4246//4102 4661//4517 4541//4397
f 4275//4131 4662//4518 4661//4517
f 4662//4518 4541//4397 4661//4517
f 4246//4102 4658//4514 4661//4517
f 4245//4101 4660//4516 4658//4514
f 4275//4131 4661//4517 4660//4516
f 4661//4517 4658//4514 4660//4516
f 4150//4006 4663//4519 4518//4374
f 4276//4132 4664//4520 4663//4519
f 4241//4097 4518//4374 4664//4520
f 4518//4374 4663//4519 4664//4520
f 4177//4033 4665//4521 4667//4523
f 4277//4133 4666//4522 4665//4521
f 4276//4132 4667//4523 4666//4522
f 4667//4523 4665//4521 4666//4522
f 4170//4026 4523//4379 4669//4525
f 4241//4097 4668//4524 4523//4379
f 4277//4133 4669//4525 4668//4524
f 4669//4525 4523//4379 4668//4524
f 4241//4097 4664//4520 4668//4524
f 4276//4132 4666//4522 4664//4520
f 4277//4133 4668//4524 4666//4522
f 4668//4524 4664//4520 4666//4522
f 4177//4033 4657//4513 4665//4521
f 4273//4129 4670//4526 4657//4513
f 4277//4133 4665//4521 4670//4526
f 4665//4521 4657//4513 4670//4526
f 4171//4027 4662//4518 4653//4509
f 4275//4131 4671//4527 4662//4518
f 4273//4129 4653//4509 4671//4527
f 4653//4509 4662//4518 4671//4527
f 4170//4026 4669//4525 4659//4515
f 4277//4133 4672//4528 4669//4525
f 4275//4131 4659//4515 4672//4528
f 4659//4515 4669//4525 4672//4528
f 4277//4133 4670//4526 4672//4528
f 4273//4129 4671//4527 4670//4526
f 4275//4131 4672//4528 4671//4527
f 4672//4528 4670//4526 4671//4527
f 4152//4008 4673//4529 4675//4531
f 4278//4134 4674//4530 4673//4529
f 4280//4136 4675//4531 4674//4530
f 4675//4531 4673//4529 4674//4530
f 4178//4034 4676//4532 4678//4534
f 4279//4135 4677//4533 4676//4532
f 4278//4134 4678//4534 4677//4533
f 4678//4534 4676//4532 4677//4533
f 4179//4035 4679//4535 4681//4537
f 4280//4136 4680//4536 4679//4535
f 4279//4135 4681//4537 4680//4536
f 4681//4537 4679//4535 4680//4536
f 4280//4136 4674//4530 4680//4536
f 4278//4134 4677//4533 4674//4530
f 4279//4135 4680//4536 4677//4533
f 4680//4536 4674//4530 4677//4533
f 4147//4003 4564//4420 4683//4539
f 4254//4110 4682//4538 4564//4420
f 4282//4138 4683//4539 4682//4538
f 4683//4539 4564//4420 4682//4538
f 4173//4029 4684//4540 4567//4423
f 4281//4137 4685//4541 4684//4540
f 4254//4110 4567//4423 4685//4541
f 4567//4423 4684//4540 4685//4541
f 4178//4034 4686//4542 4688//4544
f 4282//4138 4687//4543 4686//4542
f 4281//4137 4688//4544 4687//4543
f 4688//4544 4686//4542 4687//4543
f 4282//4138 4682//4538 4687//4543
f 4254//4110 4685//4541 4682//4538
f 4281//4137 4687//4543 4685//4541
f 4687//4543 4682//4538 4685//4541
f 4151//4007 4689//4545 4575//4431
f 4283//4139 4690//4546 4689//4545
f 4256//4112 4575//4431 4690//4546
f 4575//4431 4689//4545 4690//4546
f 4179//4035 4691//4547 4693//4549
f 4284//4140 4692//4548 4691//4547
f 4283//4139 4693//4549 4692//4548
f 4693//4549 4691//4547 4692//4548
f 4173//4029 4579//4435 4695//4551
f 4256//4112 4694//4550 4579//4435
f 4284//4140 4695//4551 4694//4550
f 4695//4551 4579//4435 4694//4550
f 4256//4112 4690//4546 4694//4550
f 4283//4139 4692//4548 4690//4546
f 4284//4140 4694//4550 4692//4548
f 4694//4550 4690//4546 4692//4548
f 4179//4035 4681//4537 4691//4547
f 4279//4135 4696//4552 4681//4537
f 4284//4140 4691//4547 4696//4552
f 4691//4547 4681//4537 4696//4552
f 4178//4034 4688//4544 4676//4532
f 4281//4137 4697//4553 4688//4544
f 4279//4135 4676//4532 4697//4553
f 4676//4532 4688//4544 4697//4553
f 4173//4029 4695//4551 4684//4540
f 4284//4140 4698//4554 4695//4551
f 4281//4137 4684//4540 4698//4554
f 4684//4540 4695//4551 4698//4554
f 4284//4140 4696//4552 4698//4554
f 4279//4135 4697//4553 4696//4552
f 4281//4137 4698//4554 4697//4553
f 4698//4554 4696//4552 4697//4553
f 4152//4008 4699//4555 4673//4529
f 4285//4141 4700//4556 4699//4555
f 4278//4134 4673//4529 4700//4556
f 4673//4529 4699//4555 4700//4556
f 4180//4036 4701//4557 4703//4559
f 4286//4142 4702//4558 4701//4557
f 4285//4141 4703//4559 4702//4558
f 4703//4559 4701//4557 4702//4558
f 4178//4034 4678//4534 4705//4561
f 4278//4134 4704//4560 4678//4534
f 4286//4142 4705//4561 4704//4560
f 4705//4561 4678//4534 4704//4560
f 4278//4134 4700//4556 4704//4560
f 4285//4141 4702//4558 4700//4556
f 4286//4142 4704//4560 4702//4558
f 4704//4560 4700//4556 4702//4558
f 4148//4004 4586//4442 4707//4563
f 4259//4115 4706//4562 4586//4442
f 4288//4144 4707//4563 4706//4562
f 4707//4563 4586//4442 4706//4562
f 4174//4030 4708//4564 4589//4445
f 4287//4143 4709//4565 4708//4564
f 4259//4115 4589//4445 4709//4565
f 4589//4445 4708//4564 4709//4565
f 4180//4036 4710//4566 4712//4568
f 4288//4144 4711//4567 4710//4566
f 4287//4143 4712//4568 4711//4567
f 4712//4568 4710//4566 4711//4567
f 4288//4144 4706//4562 4711//4567
f 4259//4115 4709//4565 4706//4562
f 4287//4143 4711//4567 4709//4565
f 4711//4567 4706//4562 4709//4565
f 4147//4003 4683//4539 4597//4453
f 4282//4138 4713//4569 4683//4539
f 4261//4117 4597//4453 4713//4569
f 4597//4453 4683//4539 4713//4569
f 4178//4034 4714//4570 4686//4542
f 4289//4145 4715//4571 4714//4570
f 4282//4138 4686//4542 4715//4571
f 4686//4542 4714//4570 4715//4571
f 4174//4030 4601//4457 4717//4573
f 4261//4117 4716//4572 4601//4457
f 4289//4145 4717//4573 4716//4572
f 4717//4573 4601//4457 4716//4572
f 4261//4117 4713//4569 4716//4572
f 4282//4138 4715//4571 4713//4569
f 4289//4145 4716//4572 4715//4571
f 4716//4572 4713//4569 4715//4571
f 4178//4034 4705//4561 4714//4570
f 4286//4142 4718//4574 4705//4561
f 4289//4145 4714//4570 4718//4574
f 4714//4570 4705//4561 4718//4574
f 4180//4036 4712//4568 4701//4557
f 4287//4143 4719//4575 4712//4568
f 4286//4142 4701//4557 4719//4575
f 4701//4557 4712//4568 4719//4575
f 4174//4030 4717//4573 4708//4564
f 4289//4145 4720//4576 4717//4573
f 4287//4143 4708//4564 4720//4576
f 4708//4564 4717//4573 4720//4576
f 4289//4145 4718//4574 4720//4576
f 4286//4142 4719//4575 4718//4574
f 4287//4143 4720//4576 4719//4575
f 4720//4576 4718//4574 4719//4575
f 4152//4008 4721//4577 4699//4555
f 4290//4146 4722//4578 4721//4577
f 4285//4141 4699//4555 4722//4578
f 4699//4555 4721//4577 4722//4578
f 4181//4037 4723//4579 4725//4581
f 4291//4147 4724//4580 4723//4579
f 4290//4146 4725//4581 4724//4580
f 4725//4581 4723//4579 4724//4580
f 4180//4036 4703//4559 4727//4583
f 4285//4141 4726//4582 4703//4559
f 4291//4147 4727//4583 4726//4582
f 4727//4583 4703//4559 4726//4582
f 4285//4141 4722//4578 4726//4582
f 4290//4146 4724//4580 4722//4578
f 4291//4147 4726//4582 4724//4580
f 4726//4582 4722//4578 4724//4580
f 4149//4005 4608//4464 4729//4585
f 4264//4120 4728//4584 4608//4464
f 4293//4149 4729//4585 4728//4584
f 4729//4585 4608//4464 4728//4584
f 4175//4031 4730//4586 4611//4467
f 4292//4148 4731//4587 4730//4586
f 4264//4120 4611//4467 4731//4587
f 4611//4467 4730//4586 4731//4587
f 4181//4037 4732//4588 4734//4590
f 4293//4149 4733//4589 4732//4588
f 4292//4148 4734//4590 4733//4589
f 4734//4590 4732//4588 4733//4589
f 4293//4149 4728//4584 4733//4589
f 4264//4120 4731//4587 4728//4584
f 4292//4148 4733//4589 4731//4587
f 4733//4589 4728//4584 4731//4587
f 4148//4004 4707//4563 4619//4475
f 4288//4144 4735//4591 4707//4563
f 4266//4122 4619//4475 4735//4591
f 4619//4475 4707//4563 4735//4591
f 4180//4036 4736//4592 4710//4566
f 4294//4150 4737//4593 4736//4592
f 4288//4144 4710//4566 4737//4593
f 4710//4566 4736//4592 4737//4593
f 4175//4031 4623//4479 4739//4595
f 4266//4122 4738//4594 4623//4479
f 4294//4150 4739//4595 4738//4594
f 4739//4595 4623//4479 4738//4594
f 4266//4122 4735//4591 4738//4594
f 4288//4144 4737//4593 4735//4591
f 4294//4150 4738//4594 4737//4593
f 4738//4594 4735//4591 4737//4593
f 4180//4036 4727//4583 4736//4592
f 4291//4147 4740//4596 4727//4583
f 4294//4150 4736//4592 4740//4596
f 4736//4592 4727//4583 4740//4596
f 4181//4037 4734//4590 4723//4579
f 4292//4148 4741//4597 4734//4590
f 4291//4147 4723//4579 4741//4597
f 4723//4579 4734//4590 4741//4597
f 4175//4031 4739//4595 4730//4586
f 4294//4150 4742//4598 4739//4595
f 4292//4148 4730//4586 4742//4598
f 4730//4586 4739//4595 4742//4598
f 4294//4150 4740//4596 4742//4598
f 4291//4147 4741//4597 4740//4596
f 4292//4148 4742//4598 4741//4597
f 4742//4598 4740//4596 4741//4597
f 4152//4008 4743//4599 4721//4577
f 4295//4151 4744//4600 4743//4599
f 4290//4146 4721//4577 4744//4600
f 4721//4577 4743//4599 4744//4600
f 4182//4038 4745//4601 4747//4603
f 4296//4152 4746//4602 4745//4601
f 4295//4151 4747//4603 4746//4602
f 4747//4603 4745//4601 4746//4602
f 4181//4037 4725//4581 4749//4605
f 4290//4146 4748//4604 4725//4581
f 4296//4152 4749//4605 4748//4604
f 4749//4605 4725//4581 4748//4604
f 4290//4146 4744//4600 4748//4604
f 4295//4151 4746//4602 4744//4600
f 4296//4152 4748//4604 4746//4602
f 4748//4604 4744//4600 4746//4602
f 4150//4006 4630//4486 4751//4607
f 4269//4125 4750//4606 4630//4486
f 4298//4154 4751//4607 4750//4606
f 4751//4607 4630//4486 4750//4606
f 4176//4032 4752//4608 4633//4489
f 4297//4153 4753//4609 4752//4608
f 4269//4125 4633//4489 4753//4609
f 4633//4489 4752//4608 4753//4609
f 4182//4038 4754//4610 4756//4612
f 4298//4154 4755//4611 4754//4610
f 4297//4153 4756//4612 4755//4611
f 4756//4612 4754//4610 4755//4611
f 4298//4154 4750//4606 4755//4611
f 4269//4125 4753//4609 4750//4606
f 4297//4153 4755//4611 4753//4609
f 4755//4611 4750//4606 4753//4609
f 4149//4005 4729//4585 4641//4497
f 4293//4149 4757//4613 4729//4585
f 4271//4127 4641//4497 4757//4613
f 4641//4497 4729//4585 4757//4613
f 4181//4037 4758//4614 4732//4588
f 4299//4155 4759//4615 4758//4614
f 4293//4149 4732//4588 4759//4615
f 4732//4588 4758//4614 4759//4615
f 4176//4032 4645//4501 4761//4617
f 4271//4127 4760//4616 4645//4501
f 4299//4155 4761//4617 4760//4616
f 4761//4617 4645//4501 4760//4616
f 4271//4127 4757//4613 4760//4616
f 4293//4149 4759//4615 4757//4613
f 4299//4155 4760//4616 4759//4615
f 4760//4616 4757//4613 4759//4615
f 4181//4037 4749//4605 4758//4614
f 4296//4152 4762//4618 4749//4605
f 4299//4155 4758//4614 4762//4618
f 4758//4614 4749//4605 4762//4618
f 4182//4038 4756//4612 4745//4601
f 4297//4153 4763//4619 4756//4612
f 4296//4152 4745//4601 4763//4619
f 4745//4601 4756//4612 4763//4619
f 4176//4032 4761//4617 4752//4608
f 4299//4155 4764//4620 4761//4617
f 4297//4153 4752//4608 4764//4620
f 4752//4608 4761//4617 4764//4620
f 4299//4155 4762//4618 4764//4620
f 4296//4152 4763//4619 4762//4618
f 4297//4153 4764//4620 4763//4619
f 4764//4620 4762//4618 4763//4619
f 4152//4008 4675//4531 4743//4599
f 4280//4136 4765//4621 4675//4531
f 4295//4151 4743//4599 4765//4621
f 4743//4599 4675//4531 4765//4621
f 4179//4035 4766//4622 4679//4535
f 4300//4156 4767//4623 4766//4622
f 4280//4136 4679//4535 4767//4623
f 4679//4535 4766//4622 4767//4623
f 4182//4038 4747//4603 4769//4625
f 4295//4151 4768//4624 4747//4603
f 4300//4156 4769//4625 4768//4624
f 4769//4625 4747//4603 4768//4624
f 4295//4151 4765//4621 4768//4624
f 4280//4136 4767//4623 4765//4621
f 4300//4156 4768//4624 4767//4623
f 4768//4624 4765//4621 4767//4623
f 4151//4007 4652//4508 4689//4545
f 4274//4130 4770//4626 4652//4508
f 4283//4139 4689//4545 4770//4626
f 4689//4545 4652//4508 4770//4626
f 4177//4033 4771//4627 4655//4511
f 4301//4157 4772//4628 4771//4627
f 4274//4130 4655//4511 4772//4628
f 4655//4511 4771//4627 4772//4628
f 4179//4035 4693//4549 4774//4630
f 4283//4139 4773//4629 4693//4549
f 4301//4157 4774//4630 4773//4629
f 4774//4630 4693//4549 4773//4629
f 4283//4139 4770//4626 4773//4629
f 4274//4130 4772//4628 4770//4626
f 4301//4157 4773//4629 4772//4628
f 4773//4629 4770//4626 4772//4628
f 4150//4006 4751//4607 4663//4519
f 4298//4154 4775//4631 4751//4607
f 4276//4132 4663//4519 4775//4631
f 4663//4519 4751//4607 4775//4631
f 4182//4038 4776//4632 4754//4610
f 4302//4158 4777//4633 4776//4632
f 4298//4154 4754//4610 4777//4633
f 4754//4610 4776//4632 4777//4633
f 4177//4033 4667//4523 4779//4635
f 4276//4132 4778//4634 4667//4523
f 4302//4158 4779//4635 4778//4634
f 4779//4635 4667//4523 4778//4634
f 4276//4132 4775//4631 4778//4634
f 4298//4154 4777//4633 4775//4631
f 4302//4158 4778//4634 4777//4633
f 4778//4634 4775//4631 4777//4633
f 4182//4038 4769//4625 4776//4632
f 4300//4156 4780//4636 4769//4625
f 4302//4158 4776//4632 4780//4636
f 4776//4632 4769//4625 4780//4636
f 4179//4035 4774//4630 4766//4622
f 4301//4157 4781//4637 4774//4630
f 4300//4156 4766//4622 4781//4637
f 4766//4622 4774//4630 4781//4637
f 4177//4033 4779//4635 4771//4627
f 4302//4158 4782//4638 4779//4635
f 4301//4157 4771//4627 4782//4638
f 4771//4627 4779//4635 4782//4638
f 4302//4158 4780//4636 4782//4638
f 4300//4156 4781//4637 4780//4636
f 4301//4157 4782//4638 4781//4637
f 4782//4638 4780//4636 4781//4637
